{
"type": "FeatureCollection",
"name": "departements",
"features": [
{ "type": "Feature", "properties": { "dep_code": "01", "dep_name": "Ain" }, "geometry": { "type": "Polygon", "coordinates": [ [ [ 4.78055, 46.17544 ], [ 4.80243, 46.15105 ], [ 4.74732, 46.08944 ], [ 4.76158, 46.0677 ], [ 4.73893, 46.04643 ], [ 4.7546, 45.97304 ], [ 4.72833, 45.94842 ], [ 4.73194, 45.9409 ], [ 4.77686, 45.93863 ], [ 4.79123, 45.92258 ], [ 4.80801, 45.92102 ], [ 4.80515, 45.89629 ], [ 4.84855, 45.91329 ], [ 4.872, 45.90351 ], [ 4.87185, 45.89351 ], [ 4.88072, 45.89751 ], [ 4.88426, 45.88015 ], [ 4.90898, 45.87433 ], [ 4.90074, 45.85581 ], [ 4.91704, 45.84521 ], [ 4.92376, 45.80407 ], [ 5.10374, 45.81393 ], [ 5.11234, 45.79789 ], [ 5.1134, 45.81044 ], [ 5.12474, 45.81179 ], [ 5.17711, 45.79341 ], [ 5.18955, 45.77269 ], [ 5.21603, 45.76896 ], [ 5.27062, 45.79209 ], [ 5.30244, 45.84863 ], [ 5.35365, 45.8829 ], [ 5.41376, 45.85201 ], [ 5.43561, 45.82871 ], [ 5.42104, 45.82129 ], [ 5.42347, 45.8068 ], [ 5.52728, 45.71529 ], [ 5.54685, 45.71313 ], [ 5.57368, 45.69473 ], [ 5.56682, 45.68412 ], [ 5.54729, 45.69869 ], [ 5.55226, 45.67286 ], [ 5.58641, 45.66711 ], [ 5.63048, 45.61112 ], [ 5.65194, 45.63645 ], [ 5.6879, 45.64374 ], [ 5.68487, 45.66567 ], [ 5.70947, 45.68829 ], [ 5.7, 45.70973 ], [ 5.74754, 45.70513 ], [ 5.77707, 45.72724 ], [ 5.7697, 45.74117 ], [ 5.78386, 45.74563 ], [ 5.78416, 45.81566 ], [ 5.82579, 45.90249 ], [ 5.82242, 45.92922 ], [ 5.83498, 45.95137 ], [ 5.80502, 46.01533 ], [ 5.81962, 46.10375 ], [ 5.83184, 46.10624 ], [ 5.85768, 46.08587 ], [ 5.88822, 46.08607 ], [ 5.89298, 46.11911 ], [ 5.96568, 46.13707 ], [ 5.99491, 46.18181 ], [ 5.96373, 46.19701 ], [ 5.97461, 46.21497 ], [ 5.99278, 46.21522 ], [ 5.99019, 46.22172 ], [ 6.03365, 46.23855 ], [ 6.04611, 46.23139 ], [ 6.06335, 46.2458 ], [ 6.08806, 46.24713 ], [ 6.10145, 46.23765 ], [ 6.12079, 46.24802 ], [ 6.10239, 46.28494 ], [ 6.11964, 46.29432 ], [ 6.11982, 46.31256 ], [ 6.16995, 46.36739 ], [ 6.09763, 46.40904 ], [ 6.06015, 46.41791 ], [ 6.02874, 46.38618 ], [ 5.98407, 46.36388 ], [ 5.9414, 46.30876 ], [ 5.92177, 46.31244 ], [ 5.90913, 46.28384 ], [ 5.89462, 46.28664 ], [ 5.86949, 46.26486 ], [ 5.86401, 46.27139 ], [ 5.8529, 46.26142 ], [ 5.76799, 46.2682 ], [ 5.72518, 46.26069 ], [ 5.7146, 46.30902 ], [ 5.64398, 46.32499 ], [ 5.64337, 46.34485 ], [ 5.6117, 46.3255 ], [ 5.59644, 46.29633 ], [ 5.56535, 46.29384 ], [ 5.54173, 46.26979 ], [ 5.47366, 46.26428 ], [ 5.45654, 46.27479 ], [ 5.4753, 46.31538 ], [ 5.46692, 46.32327 ], [ 5.43715, 46.31513 ], [ 5.42353, 46.34773 ], [ 5.40483, 46.31014 ], [ 5.40198, 46.33904 ], [ 5.38007, 46.34584 ], [ 5.37718, 46.36402 ], [ 5.36244, 46.36986 ], [ 5.37786, 46.38218 ], [ 5.36264, 46.39437 ], [ 5.29878, 46.41308 ], [ 5.32456, 46.42848 ], [ 5.31521, 46.44501 ], [ 5.25792, 46.44994 ], [ 5.21461, 46.46866 ], [ 5.20192, 46.50819 ], [ 5.1675, 46.51911 ], [ 5.16646, 46.50307 ], [ 5.13571, 46.5094 ], [ 5.11425, 46.49264 ], [ 5.09703, 46.49976 ], [ 5.05637, 46.48374 ], [ 5.02872, 46.49177 ], [ 5.01041, 46.51121 ], [ 4.98436, 46.51537 ], [ 4.96366, 46.51291 ], [ 4.97021, 46.50568 ], [ 4.95049, 46.5004 ], [ 4.94387, 46.51076 ], [ 4.95461, 46.51239 ], [ 4.9423, 46.51992 ], [ 4.91548, 46.48883 ], [ 4.91223, 46.45917 ], [ 4.89186, 46.4414 ], [ 4.88879, 46.40379 ], [ 4.85179, 46.35641 ], [ 4.85265, 46.32815 ], [ 4.78055, 46.17544 ] ] ] } },
{ "type": "Feature", "properties": { "dep_code": "02", "dep_name": "Aisne" }, "geometry": { "type": "Polygon", "coordinates": [ [ [ 3.12636, 49.69667 ], [ 3.11435, 49.68374 ], [ 3.1278, 49.66185 ], [ 3.11732, 49.66683 ], [ 3.09751, 49.6568 ], [ 3.11281, 49.63131 ], [ 3.09359, 49.62249 ], [ 3.12204, 49.604 ], [ 3.14068, 49.5751 ], [ 3.12649, 49.5729 ], [ 3.12572, 49.52336 ], [ 3.09547, 49.51362 ], [ 3.12181, 49.49382 ], [ 3.12437, 49.48013 ], [ 3.10732, 49.46821 ], [ 3.16064, 49.45187 ], [ 3.16514, 49.44084 ], [ 3.13136, 49.4316 ], [ 3.10051, 49.4393 ], [ 3.09419, 49.43398 ], [ 3.09496, 49.37652 ], [ 3.0771, 49.37147 ], [ 3.07511, 49.34905 ], [ 3.04412, 49.32895 ], [ 3.00165, 49.34028 ], [ 2.96452, 49.32159 ], [ 2.98032, 49.31125 ], [ 2.96789, 49.3026 ], [ 2.99431, 49.29845 ], [ 2.98609, 49.28782 ], [ 3.02054, 49.29028 ], [ 3.01712, 49.27996 ], [ 3.02843, 49.28999 ], [ 3.03749, 49.28632 ], [ 3.02572, 49.25937 ], [ 3.04187, 49.23043 ], [ 3.02096, 49.21616 ], [ 3.00382, 49.22162 ], [ 3.01637, 49.23022 ], [ 3.00274, 49.23572 ], [ 2.96459, 49.23266 ], [ 2.96766, 49.19176 ], [ 2.98384, 49.18437 ], [ 2.99288, 49.19572 ], [ 2.99663, 49.18688 ], [ 3.01616, 49.18271 ], [ 3.02286, 49.1702 ], [ 3.03771, 49.16907 ], [ 3.02607, 49.19297 ], [ 3.00368, 49.18651 ], [ 2.9944, 49.20949 ], [ 3.01768, 49.21703 ], [ 3.03541, 49.20514 ], [ 3.06509, 49.20487 ], [ 3.05728, 49.19652 ], [ 3.08434, 49.19276 ], [ 3.08163, 49.16492 ], [ 3.09851, 49.1544 ], [ 3.08447, 49.17361 ], [ 3.09793, 49.19607 ], [ 3.11281, 49.19285 ], [ 3.10815, 49.16592 ], [ 3.14835, 49.16099 ], [ 3.12753, 49.14505 ], [ 3.10511, 49.14797 ], [ 3.11113, 49.13169 ], [ 3.09409, 49.14239 ], [ 3.09834, 49.13111 ], [ 3.07196, 49.11776 ], [ 3.16523, 49.09986 ], [ 3.15342, 49.08335 ], [ 3.19073, 49.05128 ], [ 3.16114, 49.02428 ], [ 3.16745, 49.01246 ], [ 3.19822, 49.00884 ], [ 3.20944, 48.99397 ], [ 3.22941, 48.98858 ], [ 3.23116, 48.97695 ], [ 3.25017, 48.97392 ], [ 3.26493, 48.93879 ], [ 3.30441, 48.94878 ], [ 3.31326, 48.92125 ], [ 3.33029, 48.90871 ], [ 3.368, 48.9283 ], [ 3.38137, 48.87155 ], [ 3.40594, 48.87608 ], [ 3.40433, 48.864 ], [ 3.4466, 48.86019 ], [ 3.44582, 48.84327 ], [ 3.4628, 48.83721 ], [ 3.47022, 48.85118 ], [ 3.48513, 48.8519 ], [ 3.48142, 48.86632 ], [ 3.50295, 48.87141 ], [ 3.52875, 48.91225 ], [ 3.56417, 48.91179 ], [ 3.57485, 48.93951 ], [ 3.60291, 48.94403 ], [ 3.59141, 48.96045 ], [ 3.62107, 48.96608 ], [ 3.64009, 49.00429 ], [ 3.67778, 49.01392 ], [ 3.65, 49.04301 ], [ 3.61598, 49.03318 ], [ 3.58513, 49.03899 ], [ 3.58771, 49.05939 ], [ 3.63899, 49.0777 ], [ 3.61204, 49.11829 ], [ 3.59967, 49.12068 ], [ 3.62148, 49.15044 ], [ 3.68555, 49.15443 ], [ 3.70289, 49.14147 ], [ 3.74877, 49.15709 ], [ 3.75128, 49.17778 ], [ 3.71141, 49.17818 ], [ 3.69716, 49.18793 ], [ 3.69748, 49.20664 ], [ 3.6817, 49.1974 ], [ 3.68038, 49.2059 ], [ 3.65487, 49.21258 ], [ 3.65169, 49.22179 ], [ 3.67826, 49.23523 ], [ 3.66067, 49.26016 ], [ 3.6527, 49.25438 ], [ 3.66513, 49.26943 ], [ 3.65161, 49.27836 ], [ 3.65732, 49.29102 ], [ 3.63831, 49.30101 ], [ 3.64394, 49.31271 ], [ 3.66939, 49.32511 ], [ 3.74217, 49.33682 ], [ 3.74081, 49.34761 ], [ 3.77773, 49.35598 ], [ 3.82393, 49.3574 ], [ 3.85284, 49.34497 ], [ 3.84784, 49.36456 ], [ 3.86109, 49.386 ], [ 3.82258, 49.40254 ], [ 3.88024, 49.40548 ], [ 3.89568, 49.39294 ], [ 3.92467, 49.40782 ], [ 3.96148, 49.37734 ], [ 3.99513, 49.37828 ], [ 4.01272, 49.3583 ], [ 4.0358, 49.35989 ], [ 4.05027, 49.41226 ], [ 4.03721, 49.4382 ], [ 4.04918, 49.44767 ], [ 4.06821, 49.44557 ], [ 4.04177, 49.46786 ], [ 4.0402, 49.50634 ], [ 4.05722, 49.50817 ], [ 4.05631, 49.52106 ], [ 4.07584, 49.51835 ], [ 4.07517, 49.54161 ], [ 4.04871, 49.54536 ], [ 4.07679, 49.5707 ], [ 4.0595, 49.57594 ], [ 4.06605, 49.5943 ], [ 4.02449, 49.62121 ], [ 4.03787, 49.62302 ], [ 4.04106, 49.63834 ], [ 4.08633, 49.62926 ], [ 4.11575, 49.63292 ], [ 4.12703, 49.67792 ], [ 4.14861, 49.67785 ], [ 4.14405, 49.68859 ], [ 4.18519, 49.69888 ], [ 4.19124, 49.71626 ], [ 4.23244, 49.73052 ], [ 4.22896, 49.74638 ], [ 4.2496, 49.75711 ], [ 4.24283, 49.76714 ], [ 4.20592, 49.77819 ], [ 4.22668, 49.79303 ], [ 4.21427, 49.80611 ], [ 4.22359, 49.8341 ], [ 4.25275, 49.86963 ], [ 4.25584, 49.90398 ], [ 4.21686, 49.91409 ], [ 4.23316, 49.95775 ], [ 4.19742, 49.95458 ], [ 4.19734, 49.96733 ], [ 4.17278, 49.97718 ], [ 4.08525, 49.96908 ], [ 4.08372, 49.97887 ], [ 4.06015, 49.98472 ], [ 4.03178, 49.98241 ], [ 4.01197, 49.98552 ], [ 4.00534, 49.99613 ], [ 3.98108, 49.99366 ], [ 3.99561, 50.02804 ], [ 3.98232, 50.04443 ], [ 3.88743, 50.00955 ], [ 3.87832, 50.02789 ], [ 3.88711, 50.0302 ], [ 3.87505, 50.0365 ], [ 3.83561, 50.04836 ], [ 3.81564, 50.03893 ], [ 3.79791, 50.04849 ], [ 3.77744, 50.04593 ], [ 3.71524, 50.0695 ], [ 3.65971, 50.05138 ], [ 3.64862, 50.04282 ], [ 3.66231, 50.03911 ], [ 3.6589, 50.02933 ], [ 3.64086, 50.03902 ], [ 3.61412, 50.02505 ], [ 3.59496, 50.04414 ], [ 3.54136, 50.05521 ], [ 3.54394, 50.04627 ], [ 3.50714, 50.03578 ], [ 3.49066, 50.01889 ], [ 3.42824, 50.02207 ], [ 3.3989, 50.03476 ], [ 3.36367, 50.03685 ], [ 3.33711, 50.0171 ], [ 3.28595, 50.01362 ], [ 3.2711, 50.02934 ], [ 3.2581, 50.03201 ], [ 3.25824, 50.02437 ], [ 3.22731, 50.0325 ], [ 3.1978, 50.01505 ], [ 3.17102, 50.01212 ], [ 3.1557, 49.99163 ], [ 3.20211, 49.98386 ], [ 3.16262, 49.96501 ], [ 3.16463, 49.9474 ], [ 3.12274, 49.92435 ], [ 3.11273, 49.87794 ], [ 3.08848, 49.86562 ], [ 3.07529, 49.8786 ], [ 3.08575, 49.8421 ], [ 3.05533, 49.83208 ], [ 3.06081, 49.82002 ], [ 3.08495, 49.81797 ], [ 3.08597, 49.79201 ], [ 3.06133, 49.78125 ], [ 3.0706, 49.76689 ], [ 3.10056, 49.76663 ], [ 3.0941, 49.74935 ], [ 3.12636, 49.69667 ] ], [ [ 2.99886, 49.19303 ], [ 2.9998, 49.18935 ], [ 2.99657, 49.19094 ], [ 2.99886, 49.19303 ] ], [ [ 2.98213, 49.21685 ], [ 2.99272, 49.22333 ], [ 3.00376, 49.21892 ], [ 2.99021, 49.21068 ], [ 2.98213, 49.21685 ] ], [ [ 3.04709, 49.2293 ], [ 3.0484, 49.22763 ], [ 3.04395, 49.22606 ], [ 3.04709, 49.2293 ] ] ] } },
{ "type": "Feature", "properties": { "dep_code": "2B", "dep_name": "Haute-Corse" }, "geometry": { "type": "MultiPolygon", "coordinates": [ [ [ [ 8.6487, 42.47838 ], [ 8.64897, 42.47756 ], [ 8.65023, 42.47947 ], [ 8.6487, 42.47838 ] ] ], [ [ [ 8.79873, 42.60068 ], [ 8.79865, 42.59998 ], [ 8.80003, 42.60056 ], [ 8.79873, 42.60068 ] ] ], [ [ [ 8.93982, 42.6412 ], [ 8.9366, 42.6444 ], [ 8.93016, 42.64506 ], [ 8.93656, 42.64248 ], [ 8.93982, 42.6412 ] ] ], [ [ [ 8.9297, 42.64502 ], [ 8.92998, 42.64478 ], [ 8.92993, 42.64507 ], [ 8.9297, 42.64502 ] ] ], [ [ [ 8.9321, 42.64666 ], [ 8.93138, 42.64622 ], [ 8.93327, 42.64552 ], [ 8.9321, 42.64666 ] ] ], [ [ [ 8.93404, 42.64664 ], [ 8.93362, 42.64627 ], [ 8.93468, 42.64594 ], [ 8.93404, 42.64664 ] ] ], [ [ [ 8.67993, 42.46948 ], [ 8.66437, 42.45628 ], [ 8.66867, 42.44497 ], [ 8.64836, 42.44255 ], [ 8.6643, 42.43456 ], [ 8.65523, 42.41535 ], [ 8.62265, 42.4221 ], [ 8.60613, 42.41653 ], [ 8.60929, 42.3871 ], [ 8.57331, 42.38153 ], [ 8.60047, 42.369 ], [ 8.64096, 42.37351 ], [ 8.64999, 42.36236 ], [ 8.68238, 42.35964 ], [ 8.68361, 42.34821 ], [ 8.71424, 42.34928 ], [ 8.72976, 42.33953 ], [ 8.75925, 42.33815 ], [ 8.77086, 42.32475 ], [ 8.81969, 42.31594 ], [ 8.86163, 42.33004 ], [ 8.85918, 42.30004 ], [ 8.87787, 42.29307 ], [ 8.88242, 42.27091 ], [ 8.90504, 42.2539 ], [ 8.92282, 42.25782 ], [ 8.93973, 42.23727 ], [ 8.97435, 42.23245 ], [ 9.02188, 42.203 ], [ 9.04554, 42.20752 ], [ 9.04958, 42.17089 ], [ 9.06545, 42.16705 ], [ 9.07192, 42.15462 ], [ 9.07116, 42.12971 ], [ 9.12481, 42.10508 ], [ 9.13477, 42.08686 ], [ 9.13088, 42.05426 ], [ 9.16149, 42.02491 ], [ 9.18899, 42.03155 ], [ 9.22118, 42.02742 ], [ 9.21498, 41.99408 ], [ 9.22698, 41.97221 ], [ 9.21548, 41.9422 ], [ 9.23065, 41.93269 ], [ 9.21332, 41.91621 ], [ 9.2484, 41.91016 ], [ 9.25229, 41.89918 ], [ 9.23519, 41.87949 ], [ 9.23265, 41.8495 ], [ 9.26874, 41.83985 ], [ 9.30149, 41.84483 ], [ 9.31726, 41.83233 ], [ 9.37729, 41.86801 ], [ 9.40115, 41.8593 ], [ 9.41548, 41.95778 ], [ 9.54924, 42.1042 ], [ 9.55659, 42.1413 ], [ 9.56009, 42.2825 ], [ 9.53233, 42.36978 ], [ 9.54345, 42.42737 ], [ 9.53002, 42.49024 ], [ 9.53348, 42.54544 ], [ 9.52269, 42.5741 ], [ 9.46403, 42.63773 ], [ 9.44647, 42.67468 ], [ 9.46551, 42.75799 ], [ 9.49269, 42.80649 ], [ 9.47252, 42.87477 ], [ 9.47275, 42.92411 ], [ 9.45165, 42.96193 ], [ 9.46357, 42.9866 ], [ 9.42212, 43.01169 ], [ 9.35724, 43.00717 ], [ 9.34025, 42.99401 ], [ 9.3467, 42.95393 ], [ 9.35934, 42.94511 ], [ 9.34913, 42.92923 ], [ 9.3617, 42.92451 ], [ 9.32205, 42.90021 ], [ 9.34047, 42.86591 ], [ 9.3095, 42.83328 ], [ 9.34247, 42.79789 ], [ 9.34521, 42.73661 ], [ 9.29864, 42.67631 ], [ 9.28452, 42.67625 ], [ 9.27024, 42.70052 ], [ 9.25368, 42.70525 ], [ 9.25701, 42.71817 ], [ 9.23363, 42.71991 ], [ 9.2221, 42.73541 ], [ 9.19836, 42.72455 ], [ 9.16731, 42.73677 ], [ 9.12295, 42.73134 ], [ 9.08409, 42.71369 ], [ 9.0708, 42.69247 ], [ 9.05734, 42.69662 ], [ 9.05952, 42.66062 ], [ 9.01346, 42.6405 ], [ 8.95473, 42.63359 ], [ 8.92267, 42.63955 ], [ 8.90428, 42.62711 ], [ 8.88004, 42.62907 ], [ 8.86749, 42.60817 ], [ 8.80584, 42.60404 ], [ 8.81109, 42.58983 ], [ 8.798, 42.58305 ], [ 8.80531, 42.57103 ], [ 8.78454, 42.55713 ], [ 8.76234, 42.55751 ], [ 8.75536, 42.57164 ], [ 8.72713, 42.56152 ], [ 8.7272, 42.58409 ], [ 8.70925, 42.5768 ], [ 8.72305, 42.55687 ], [ 8.71018, 42.53554 ], [ 8.72032, 42.52529 ], [ 8.66698, 42.51599 ], [ 8.6665, 42.4961 ], [ 8.64971, 42.4775 ], [ 8.67993, 42.46948 ] ] ], [ [ [ 9.34094, 42.96327 ], [ 9.34389, 42.9635 ], [ 9.34146, 42.96558 ], [ 9.34094, 42.96327 ] ] ], [ [ [ 9.47014, 42.98384 ], [ 9.4713, 42.98329 ], [ 9.47187, 42.98345 ], [ 9.47014, 42.98384 ] ] ], [ [ [ 9.46811, 42.98438 ], [ 9.46866, 42.98367 ], [ 9.46986, 42.98409 ], [ 9.46811, 42.98438 ] ] ], [ [ [ 9.46599, 42.98527 ], [ 9.46666, 42.98458 ], [ 9.46658, 42.9864 ], [ 9.46599, 42.98527 ] ] ], [ [ [ 9.40692, 43.02303 ], [ 9.40901, 43.0223 ], [ 9.40635, 43.02761 ], [ 9.40692, 43.02303 ] ] ] ] } },
{ "type": "Feature", "properties": { "dep_code": "2A", "dep_name": "Corse-du-Sud" }, "geometry": { "type": "MultiPolygon", "coordinates": [ [ [ [ 9.24793, 41.33599 ], [ 9.24836, 41.33602 ], [ 9.24887, 41.3373 ], [ 9.24793, 41.33599 ] ] ], [ [ [ 9.24929, 41.34792 ], [ 9.25148, 41.34891 ], [ 9.25081, 41.34932 ], [ 9.24929, 41.34792 ] ] ], [ [ [ 9.2544, 41.34819 ], [ 9.25613, 41.34816 ], [ 9.25622, 41.34886 ], [ 9.2544, 41.34819 ] ] ], [ [ [ 9.23023, 41.37205 ], [ 9.22914, 41.37382 ], [ 9.22714, 41.37333 ], [ 9.23023, 41.37205 ] ] ], [ [ [ 9.2469, 41.37467 ], [ 9.24789, 41.37646 ], [ 9.24693, 41.37665 ], [ 9.2469, 41.37467 ] ] ], [ [ [ 9.13323, 41.39171 ], [ 9.13197, 41.39137 ], [ 9.1325, 41.39129 ], [ 9.13323, 41.39171 ] ] ], [ [ [ 9.13497, 41.39396 ], [ 9.13338, 41.39235 ], [ 9.13394, 41.39229 ], [ 9.13497, 41.39396 ] ] ], [ [ [ 9.01977, 41.46038 ], [ 9.02082, 41.45973 ], [ 9.02169, 41.4607 ], [ 9.01977, 41.46038 ] ] ], [ [ [ 9.07342, 41.47286 ], [ 9.07355, 41.47228 ], [ 9.07511, 41.47363 ], [ 9.07342, 41.47286 ] ] ], [ [ [ 8.7443, 41.81113 ], [ 8.74677, 41.81041 ], [ 8.74615, 41.81263 ], [ 8.7443, 41.81113 ] ] ], [ [ [ 8.58607, 41.87567 ], [ 8.59351, 41.87403 ], [ 8.59842, 41.88196 ], [ 8.59573, 41.88195 ], [ 8.58607, 41.87567 ] ] ], [ [ [ 8.59808, 41.88244 ], [ 8.59927, 41.88167 ], [ 8.59943, 41.88255 ], [ 8.59808, 41.88244 ] ] ], [ [ [ 8.60068, 41.8853 ], [ 8.60171, 41.88574 ], [ 8.60133, 41.88642 ], [ 8.60068, 41.8853 ] ] ], [ [ [ 8.71554, 42.08089 ], [ 8.71911, 42.0638 ], [ 8.74495, 42.05871 ], [ 8.74182, 42.04103 ], [ 8.72222, 42.0427 ], [ 8.72682, 42.03503 ], [ 8.71673, 42.02967 ], [ 8.69103, 42.02884 ], [ 8.65623, 42.00943 ], [ 8.66964, 41.98434 ], [ 8.64902, 41.96881 ], [ 8.61473, 41.97159 ], [ 8.59221, 41.96442 ], [ 8.62351, 41.93481 ], [ 8.60731, 41.89531 ], [ 8.64198, 41.91008 ], [ 8.71777, 41.90789 ], [ 8.74381, 41.91808 ], [ 8.7473, 41.93357 ], [ 8.76376, 41.92228 ], [ 8.78119, 41.92421 ], [ 8.80361, 41.89316 ], [ 8.77891, 41.88311 ], [ 8.78837, 41.8505 ], [ 8.75094, 41.84519 ], [ 8.784, 41.83234 ], [ 8.77159, 41.81139 ], [ 8.74911, 41.81141 ], [ 8.7381, 41.79713 ], [ 8.71189, 41.80187 ], [ 8.72909, 41.77442 ], [ 8.68456, 41.74703 ], [ 8.66089, 41.7501 ], [ 8.65881, 41.74051 ], [ 8.70461, 41.73946 ], [ 8.7072, 41.72173 ], [ 8.77519, 41.74155 ], [ 8.78461, 41.73161 ], [ 8.77113, 41.71177 ], [ 8.7716, 41.71155 ], [ 8.7724, 41.71207 ], [ 8.77333, 41.71182 ], [ 8.77396, 41.71257 ], [ 8.78811, 41.70853 ], [ 8.78275, 41.69917 ], [ 8.81228, 41.71435 ], [ 8.84209, 41.69716 ], [ 8.91358, 41.69104 ], [ 8.91691, 41.68364 ], [ 8.88208, 41.67128 ], [ 8.87183, 41.64663 ], [ 8.85145, 41.64796 ], [ 8.82031, 41.62962 ], [ 8.80555, 41.64178 ], [ 8.79427, 41.63265 ], [ 8.78982, 41.59672 ], [ 8.7742, 41.59272 ], [ 8.77584, 41.58833 ], [ 8.78196, 41.59039 ], [ 8.78254, 41.58488 ], [ 8.79185, 41.58696 ], [ 8.80428, 41.57502 ], [ 8.78249, 41.56686 ], [ 8.78697, 41.55605 ], [ 8.8167, 41.55556 ], [ 8.8132, 41.54867 ], [ 8.84495, 41.54697 ], [ 8.84666, 41.54015 ], [ 8.85376, 41.5469 ], [ 8.85567, 41.53417 ], [ 8.84237, 41.51807 ], [ 8.87667, 41.52431 ], [ 8.89056, 41.51614 ], [ 8.88414, 41.50476 ], [ 8.91504, 41.50723 ], [ 8.9204, 41.48911 ], [ 8.9329, 41.49582 ], [ 8.93915, 41.48893 ], [ 8.96089, 41.49258 ], [ 8.98266, 41.47382 ], [ 8.99541, 41.48557 ], [ 9.00354, 41.47488 ], [ 9.01794, 41.47807 ], [ 9.02477, 41.46144 ], [ 9.03877, 41.46967 ], [ 9.04032, 41.45687 ], [ 9.07976, 41.47744 ], [ 9.06735, 41.46555 ], [ 9.06915, 41.44508 ], [ 9.08258, 41.44149 ], [ 9.09419, 41.44997 ], [ 9.09839, 41.44264 ], [ 9.12216, 41.44133 ], [ 9.0951, 41.41231 ], [ 9.0937, 41.3938 ], [ 9.13305, 41.39981 ], [ 9.12681, 41.39419 ], [ 9.13452, 41.39491 ], [ 9.14444, 41.38675 ], [ 9.15169, 41.39155 ], [ 9.16481, 41.38972 ], [ 9.16388, 41.38809 ], [ 9.15024, 41.38854 ], [ 9.1483, 41.38671 ], [ 9.16931, 41.38455 ], [ 9.18067, 41.36586 ], [ 9.21989, 41.36635 ], [ 9.26567, 41.42491 ], [ 9.25813, 41.4284 ], [ 9.22018, 41.40503 ], [ 9.21975, 41.41335 ], [ 9.20977, 41.41334 ], [ 9.22679, 41.41732 ], [ 9.2235, 41.44267 ], [ 9.24371, 41.44679 ], [ 9.2659, 41.46606 ], [ 9.277, 41.46341 ], [ 9.27792, 41.46445 ], [ 9.27607, 41.46629 ], [ 9.26783, 41.46724 ], [ 9.26719, 41.47101 ], [ 9.28763, 41.48412 ], [ 9.28589, 41.49887 ], [ 9.26806, 41.50058 ], [ 9.28438, 41.51732 ], [ 9.2728, 41.53015 ], [ 9.28702, 41.52956 ], [ 9.31039, 41.55021 ], [ 9.34312, 41.55916 ], [ 9.34761, 41.57526 ], [ 9.36943, 41.59405 ], [ 9.34022, 41.59426 ], [ 9.3181, 41.60479 ], [ 9.29521, 41.58373 ], [ 9.27919, 41.59695 ], [ 9.30639, 41.61521 ], [ 9.30816, 41.62865 ], [ 9.31979, 41.61519 ], [ 9.33566, 41.62177 ], [ 9.35456, 41.61667 ], [ 9.34805, 41.63732 ], [ 9.3678, 41.63567 ], [ 9.37736, 41.64848 ], [ 9.38501, 41.64554 ], [ 9.38816, 41.67023 ], [ 9.3726, 41.67915 ], [ 9.40082, 41.69332 ], [ 9.40663, 41.71335 ], [ 9.40804, 41.76597 ], [ 9.39556, 41.77545 ], [ 9.39427, 41.798 ], [ 9.4068, 41.82346 ], [ 9.40376, 41.85995 ], [ 9.37729, 41.86801 ], [ 9.31726, 41.83233 ], [ 9.30149, 41.84483 ], [ 9.26874, 41.83985 ], [ 9.23265, 41.8495 ], [ 9.23519, 41.87949 ], [ 9.25229, 41.89918 ], [ 9.2484, 41.91016 ], [ 9.21332, 41.91621 ], [ 9.23065, 41.93269 ], [ 9.21548, 41.9422 ], [ 9.22698, 41.97221 ], [ 9.21498, 41.99408 ], [ 9.22118, 42.02742 ], [ 9.18899, 42.03155 ], [ 9.16149, 42.02491 ], [ 9.13088, 42.05426 ], [ 9.13477, 42.08686 ], [ 9.12481, 42.10508 ], [ 9.07116, 42.12971 ], [ 9.07192, 42.15462 ], [ 9.06545, 42.16705 ], [ 9.04958, 42.17089 ], [ 9.04554, 42.20752 ], [ 9.02188, 42.203 ], [ 8.97435, 42.23245 ], [ 8.93973, 42.23727 ], [ 8.92282, 42.25782 ], [ 8.90504, 42.2539 ], [ 8.88242, 42.27091 ], [ 8.87787, 42.29307 ], [ 8.85918, 42.30004 ], [ 8.86163, 42.33004 ], [ 8.81969, 42.31594 ], [ 8.77086, 42.32475 ], [ 8.75925, 42.33815 ], [ 8.72976, 42.33953 ], [ 8.71424, 42.34928 ], [ 8.68361, 42.34821 ], [ 8.68238, 42.35964 ], [ 8.64999, 42.36236 ], [ 8.64096, 42.37351 ], [ 8.60047, 42.369 ], [ 8.57331, 42.38153 ], [ 8.57822, 42.37432 ], [ 8.56161, 42.36939 ], [ 8.54777, 42.37963 ], [ 8.54329, 42.36731 ], [ 8.55599, 42.36519 ], [ 8.55128, 42.34676 ], [ 8.55999, 42.34496 ], [ 8.55296, 42.33339 ], [ 8.59149, 42.35316 ], [ 8.61497, 42.34993 ], [ 8.62831, 42.3323 ], [ 8.59836, 42.3195 ], [ 8.6048, 42.30597 ], [ 8.62579, 42.31265 ], [ 8.63932, 42.29951 ], [ 8.66045, 42.30247 ], [ 8.69618, 42.26609 ], [ 8.54011, 42.23745 ], [ 8.55345, 42.22692 ], [ 8.57316, 42.22914 ], [ 8.56755, 42.21944 ], [ 8.57825, 42.21442 ], [ 8.56651, 42.20526 ], [ 8.58209, 42.2047 ], [ 8.57768, 42.18904 ], [ 8.5869, 42.18111 ], [ 8.56137, 42.17147 ], [ 8.59376, 42.16781 ], [ 8.55826, 42.14584 ], [ 8.58601, 42.15144 ], [ 8.59412, 42.14325 ], [ 8.5802, 42.12899 ], [ 8.61295, 42.13435 ], [ 8.624, 42.12263 ], [ 8.64776, 42.12088 ], [ 8.65933, 42.10089 ], [ 8.69786, 42.11366 ], [ 8.71048, 42.09588 ], [ 8.70361, 42.08632 ], [ 8.71554, 42.08089 ] ] ], [ [ [ 8.60528, 41.88866 ], [ 8.60702, 41.88889 ], [ 8.60652, 41.88991 ], [ 8.60528, 41.88866 ] ] ], [ [ [ 8.54076, 42.36604 ], [ 8.53863, 42.36502 ], [ 8.53912, 42.36478 ], [ 8.54076, 42.36604 ] ] ], [ [ [ 8.5354, 42.37052 ], [ 8.54165, 42.3664 ], [ 8.54147, 42.37156 ], [ 8.5354, 42.37052 ] ] ], [ [ [ 9.25993, 41.3339 ], [ 9.25857, 41.34811 ], [ 9.24982, 41.34328 ], [ 9.25993, 41.3339 ] ] ], [ [ [ 9.25637, 41.34916 ], [ 9.25594, 41.35115 ], [ 9.25517, 41.35039 ], [ 9.25637, 41.34916 ] ] ], [ [ [ 9.26004, 41.3616 ], [ 9.26006, 41.36023 ], [ 9.26105, 41.36019 ], [ 9.26004, 41.3616 ] ] ], [ [ [ 9.26675, 41.36211 ], [ 9.26909, 41.36195 ], [ 9.26857, 41.36242 ], [ 9.26675, 41.36211 ] ] ], [ [ [ 9.2508, 41.36881 ], [ 9.26427, 41.36088 ], [ 9.26804, 41.36275 ], [ 9.26607, 41.36558 ], [ 9.27468, 41.36916 ], [ 9.25926, 41.37437 ], [ 9.2508, 41.36881 ] ] ], [ [ [ 9.30573, 41.36872 ], [ 9.30642, 41.36871 ], [ 9.30625, 41.36922 ], [ 9.30573, 41.36872 ] ] ], [ [ [ 9.30443, 41.37004 ], [ 9.30521, 41.36951 ], [ 9.30601, 41.37 ], [ 9.30443, 41.37004 ] ] ], [ [ [ 9.26281, 41.39065 ], [ 9.26354, 41.3928 ], [ 9.26302, 41.3925 ], [ 9.26281, 41.39065 ] ] ], [ [ [ 9.26432, 41.39263 ], [ 9.26547, 41.39309 ], [ 9.26485, 41.39386 ], [ 9.26432, 41.39263 ] ] ], [ [ [ 9.38182, 41.50873 ], [ 9.38259, 41.50962 ], [ 9.38178, 41.51 ], [ 9.38182, 41.50873 ] ] ], [ [ [ 9.35235, 41.53979 ], [ 9.35479, 41.53928 ], [ 9.35454, 41.54153 ], [ 9.35235, 41.53979 ] ] ], [ [ [ 9.36086, 41.54829 ], [ 9.36459, 41.55264 ], [ 9.36193, 41.55378 ], [ 9.36086, 41.54829 ] ] ], [ [ [ 9.36543, 41.55568 ], [ 9.36586, 41.5542 ], [ 9.36742, 41.55579 ], [ 9.36543, 41.55568 ] ] ], [ [ [ 9.37107, 41.5597 ], [ 9.37451, 41.55867 ], [ 9.37362, 41.56536 ], [ 9.37107, 41.5597 ] ] ], [ [ [ 9.35601, 41.58101 ], [ 9.35562, 41.58067 ], [ 9.35719, 41.58028 ], [ 9.35601, 41.58101 ] ] ], [ [ [ 9.36102, 41.63321 ], [ 9.36262, 41.63255 ], [ 9.3631, 41.63406 ], [ 9.36102, 41.63321 ] ] ], [ [ [ 9.39164, 41.66801 ], [ 9.39643, 41.67012 ], [ 9.39411, 41.67269 ], [ 9.39164, 41.66801 ] ] ] ] } },
{ "type": "Feature", "properties": { "dep_code": "03", "dep_name": "Allier" }, "geometry": { "type": "Polygon", "coordinates": [ [ [ 2.53665, 46.5197 ], [ 2.52024, 46.53123 ], [ 2.49701, 46.52139 ], [ 2.49693, 46.53363 ], [ 2.45008, 46.52054 ], [ 2.43005, 46.52654 ], [ 2.35913, 46.51552 ], [ 2.32373, 46.48995 ], [ 2.32798, 46.47379 ], [ 2.31675, 46.46868 ], [ 2.30537, 46.47546 ], [ 2.28577, 46.4537 ], [ 2.27764, 46.40984 ], [ 2.28768, 46.38227 ], [ 2.33497, 46.37324 ], [ 2.33775, 46.36439 ], [ 2.32314, 46.36761 ], [ 2.30278, 46.35466 ], [ 2.31145, 46.35217 ], [ 2.30108, 46.34229 ], [ 2.32075, 46.32946 ], [ 2.35468, 46.32584 ], [ 2.36477, 46.31079 ], [ 2.3882, 46.33161 ], [ 2.42047, 46.31013 ], [ 2.42168, 46.28423 ], [ 2.4326, 46.29563 ], [ 2.4807, 46.28105 ], [ 2.48952, 46.24747 ], [ 2.51597, 46.23957 ], [ 2.52578, 46.18777 ], [ 2.55855, 46.17477 ], [ 2.56459, 46.14532 ], [ 2.59072, 46.12701 ], [ 2.61041, 46.12988 ], [ 2.64068, 46.11836 ], [ 2.65511, 46.12432 ], [ 2.67496, 46.17225 ], [ 2.72317, 46.18145 ], [ 2.73215, 46.19452 ], [ 2.72085, 46.212 ], [ 2.73262, 46.22349 ], [ 2.80862, 46.19474 ], [ 2.82345, 46.22049 ], [ 2.8192, 46.2419 ], [ 2.85989, 46.25659 ], [ 2.86493, 46.24954 ], [ 2.89144, 46.25367 ], [ 2.94593, 46.2417 ], [ 2.93152, 46.23267 ], [ 2.94116, 46.22453 ], [ 2.91455, 46.21379 ], [ 2.92119, 46.18238 ], [ 2.91037, 46.17851 ], [ 2.91555, 46.17433 ], [ 2.94369, 46.16822 ], [ 2.9529, 46.17113 ], [ 2.97144, 46.12152 ], [ 2.99341, 46.12392 ], [ 3.02214, 46.10173 ], [ 3.03966, 46.10758 ], [ 3.0487, 46.10027 ], [ 3.06612, 46.10257 ], [ 3.09111, 46.11425 ], [ 3.09821, 46.08349 ], [ 3.1314, 46.06933 ], [ 3.17458, 46.06583 ], [ 3.18406, 46.075 ], [ 3.21454, 46.07495 ], [ 3.24486, 46.06217 ], [ 3.30246, 46.06594 ], [ 3.33524, 46.05502 ], [ 3.33161, 46.04395 ], [ 3.4196, 46.07442 ], [ 3.43455, 46.0606 ], [ 3.45948, 46.06107 ], [ 3.472, 46.03963 ], [ 3.46181, 46.03985 ], [ 3.46389, 46.00819 ], [ 3.50661, 46.01713 ], [ 3.52524, 46.01074 ], [ 3.52355, 46.02191 ], [ 3.54362, 46.01319 ], [ 3.59232, 46.02425 ], [ 3.6254, 45.98586 ], [ 3.632, 45.96101 ], [ 3.64147, 45.96683 ], [ 3.67685, 45.95805 ], [ 3.69402, 45.93073 ], [ 3.70971, 45.97423 ], [ 3.74211, 45.96588 ], [ 3.75618, 45.98312 ], [ 3.77635, 45.97159 ], [ 3.82379, 45.98736 ], [ 3.83207, 45.99966 ], [ 3.80509, 46.0531 ], [ 3.82183, 46.08866 ], [ 3.79309, 46.11223 ], [ 3.80214, 46.13066 ], [ 3.78978, 46.15514 ], [ 3.80867, 46.16464 ], [ 3.7888, 46.18576 ], [ 3.79664, 46.207 ], [ 3.76821, 46.23881 ], [ 3.78237, 46.24411 ], [ 3.80269, 46.23851 ], [ 3.80343, 46.25822 ], [ 3.86766, 46.2624 ], [ 3.87779, 46.27589 ], [ 3.89914, 46.27541 ], [ 3.89723, 46.2926 ], [ 3.94557, 46.30084 ], [ 3.94578, 46.32124 ], [ 3.98819, 46.31492 ], [ 4.0047, 46.32756 ], [ 3.98482, 46.32968 ], [ 3.99152, 46.37103 ], [ 3.97722, 46.39922 ], [ 3.99599, 46.42617 ], [ 3.9883, 46.43645 ], [ 4.00563, 46.44281 ], [ 4.00162, 46.45979 ], [ 3.97627, 46.47921 ], [ 3.95277, 46.47808 ], [ 3.95548, 46.49172 ], [ 3.90971, 46.49527 ], [ 3.89464, 46.4808 ], [ 3.86601, 46.48911 ], [ 3.86414, 46.51234 ], [ 3.84092, 46.5148 ], [ 3.83791, 46.5317 ], [ 3.80513, 46.51932 ], [ 3.7716, 46.53892 ], [ 3.74189, 46.53911 ], [ 3.73205, 46.54962 ], [ 3.74295, 46.56602 ], [ 3.7375, 46.60097 ], [ 3.71286, 46.61023 ], [ 3.7241, 46.62645 ], [ 3.69613, 46.66131 ], [ 3.66981, 46.67251 ], [ 3.67291, 46.6822 ], [ 3.65589, 46.68651 ], [ 3.65066, 46.70517 ], [ 3.63802, 46.70698 ], [ 3.62403, 46.75361 ], [ 3.6019, 46.75137 ], [ 3.58942, 46.76188 ], [ 3.57565, 46.74971 ], [ 3.59792, 46.72435 ], [ 3.57718, 46.71505 ], [ 3.57679, 46.72301 ], [ 3.56886, 46.71543 ], [ 3.5477, 46.72261 ], [ 3.56095, 46.68888 ], [ 3.54692, 46.67821 ], [ 3.5304, 46.68924 ], [ 3.51394, 46.68359 ], [ 3.48608, 46.65257 ], [ 3.4569, 46.65178 ], [ 3.44208, 46.662 ], [ 3.45527, 46.6825 ], [ 3.4332, 46.69343 ], [ 3.43436, 46.71241 ], [ 3.37896, 46.71248 ], [ 3.36564, 46.68972 ], [ 3.34656, 46.68455 ], [ 3.3136, 46.68904 ], [ 3.30063, 46.7165 ], [ 3.26961, 46.71673 ], [ 3.22216, 46.68518 ], [ 3.19808, 46.67973 ], [ 3.16612, 46.69138 ], [ 3.12956, 46.72743 ], [ 3.06373, 46.74756 ], [ 3.03778, 46.7724 ], [ 3.03206, 46.79491 ], [ 2.95961, 46.80429 ], [ 2.95303, 46.79103 ], [ 2.92514, 46.79497 ], [ 2.90828, 46.78779 ], [ 2.9109, 46.77947 ], [ 2.87657, 46.7688 ], [ 2.84459, 46.74227 ], [ 2.84676, 46.72717 ], [ 2.82752, 46.73534 ], [ 2.79296, 46.73425 ], [ 2.78564, 46.72254 ], [ 2.75852, 46.71754 ], [ 2.73453, 46.74622 ], [ 2.71513, 46.74518 ], [ 2.70213, 46.7182 ], [ 2.68556, 46.72263 ], [ 2.67418, 46.70197 ], [ 2.64517, 46.68728 ], [ 2.62325, 46.68964 ], [ 2.62826, 46.65914 ], [ 2.60714, 46.66061 ], [ 2.60591, 46.67137 ], [ 2.5706, 46.65916 ], [ 2.56738, 46.65241 ], [ 2.59199, 46.64745 ], [ 2.59667, 46.63794 ], [ 2.5878, 46.61533 ], [ 2.56851, 46.60914 ], [ 2.58152, 46.59322 ], [ 2.60404, 46.59578 ], [ 2.60301, 46.56451 ], [ 2.61527, 46.55451 ], [ 2.53665, 46.5197 ] ] ] } },
{ "type": "Feature", "properties": { "dep_code": "04", "dep_name": "Alpes-de-Haute-Provence" }, "geometry": { "type": "Polygon", "coordinates": [ [ [ 5.63131, 44.15042 ], [ 5.63971, 44.16757 ], [ 5.60933, 44.1907 ], [ 5.57623, 44.18807 ], [ 5.56452, 44.17091 ], [ 5.58325, 44.15781 ], [ 5.57863, 44.15204 ], [ 5.55133, 44.14979 ], [ 5.54102, 44.1327 ], [ 5.49889, 44.11605 ], [ 5.50269, 44.06347 ], [ 5.545, 44.06845 ], [ 5.54356, 44.02593 ], [ 5.51763, 43.99154 ], [ 5.50967, 43.95057 ], [ 5.54498, 43.93891 ], [ 5.56843, 43.94271 ], [ 5.58139, 43.91477 ], [ 5.6078, 43.91527 ], [ 5.5728, 43.86233 ], [ 5.54857, 43.85182 ], [ 5.5443, 43.81835 ], [ 5.56443, 43.81996 ], [ 5.57476, 43.83026 ], [ 5.65448, 43.82517 ], [ 5.68554, 43.78718 ], [ 5.71289, 43.78112 ], [ 5.71645, 43.75569 ], [ 5.75734, 43.7294 ], [ 5.78109, 43.75571 ], [ 5.83087, 43.74725 ], [ 5.84911, 43.71816 ], [ 5.90121, 43.73258 ], [ 5.90282, 43.75359 ], [ 5.92488, 43.75742 ], [ 5.93849, 43.74945 ], [ 5.94066, 43.72725 ], [ 5.98546, 43.71402 ], [ 5.9877, 43.69539 ], [ 6.02159, 43.66833 ], [ 6.0392, 43.6786 ], [ 6.03479, 43.69418 ], [ 6.07683, 43.70707 ], [ 6.10686, 43.74501 ], [ 6.13026, 43.73618 ], [ 6.15337, 43.74334 ], [ 6.21426, 43.79916 ], [ 6.25294, 43.8012 ], [ 6.26874, 43.77733 ], [ 6.32668, 43.74684 ], [ 6.35818, 43.7355 ], [ 6.37475, 43.74315 ], [ 6.38334, 43.73448 ], [ 6.41349, 43.76046 ], [ 6.41427, 43.79179 ], [ 6.43866, 43.79785 ], [ 6.48649, 43.79161 ], [ 6.51814, 43.8088 ], [ 6.54287, 43.79156 ], [ 6.54523, 43.77526 ], [ 6.58736, 43.80547 ], [ 6.62345, 43.80491 ], [ 6.6363, 43.78892 ], [ 6.70554, 43.80825 ], [ 6.7119, 43.81493 ], [ 6.70234, 43.82447 ], [ 6.66765, 43.83059 ], [ 6.67817, 43.85197 ], [ 6.70276, 43.85611 ], [ 6.69629, 43.87551 ], [ 6.67069, 43.88772 ], [ 6.74881, 43.87164 ], [ 6.78162, 43.88355 ], [ 6.79863, 43.91 ], [ 6.83033, 43.9184 ], [ 6.85313, 43.91472 ], [ 6.88487, 43.88908 ], [ 6.94396, 43.89907 ], [ 6.91313, 43.92812 ], [ 6.88416, 43.93534 ], [ 6.87551, 43.95285 ], [ 6.84786, 43.95421 ], [ 6.83879, 43.98972 ], [ 6.79811, 44.00543 ], [ 6.78848, 44.02356 ], [ 6.74646, 44.04149 ], [ 6.75649, 44.07959 ], [ 6.70759, 44.12447 ], [ 6.7073, 44.14436 ], [ 6.68639, 44.16891 ], [ 6.71668, 44.2061 ], [ 6.724, 44.24992 ], [ 6.75909, 44.26206 ], [ 6.76282, 44.27956 ], [ 6.79028, 44.27235 ], [ 6.78645, 44.28972 ], [ 6.80842, 44.33001 ], [ 6.84008, 44.34658 ], [ 6.85931, 44.34409 ], [ 6.89544, 44.37063 ], [ 6.89283, 44.42088 ], [ 6.94731, 44.42791 ], [ 6.91173, 44.45157 ], [ 6.90636, 44.46764 ], [ 6.87691, 44.48104 ], [ 6.85351, 44.52787 ], [ 6.87866, 44.55439 ], [ 6.90196, 44.55378 ], [ 6.91579, 44.55909 ], [ 6.91278, 44.56913 ], [ 6.93287, 44.57307 ], [ 6.93798, 44.60375 ], [ 6.96916, 44.62592 ], [ 6.94842, 44.6548 ], [ 6.91562, 44.65999 ], [ 6.88262, 44.63044 ], [ 6.85843, 44.62941 ], [ 6.84336, 44.60899 ], [ 6.7999, 44.60424 ], [ 6.79228, 44.59239 ], [ 6.76749, 44.58789 ], [ 6.77137, 44.57519 ], [ 6.75221, 44.57048 ], [ 6.73823, 44.55304 ], [ 6.70388, 44.5391 ], [ 6.67973, 44.54206 ], [ 6.67256, 44.506 ], [ 6.64167, 44.48554 ], [ 6.6323, 44.44691 ], [ 6.46846, 44.45156 ], [ 6.43457, 44.47528 ], [ 6.41159, 44.47055 ], [ 6.3988, 44.49415 ], [ 6.35793, 44.52291 ], [ 6.33234, 44.51023 ], [ 6.34827, 44.49809 ], [ 6.32688, 44.46358 ], [ 6.29343, 44.48106 ], [ 6.26534, 44.46599 ], [ 6.23352, 44.46374 ], [ 6.26251, 44.4124 ], [ 6.24867, 44.38935 ], [ 6.22725, 44.38174 ], [ 6.17522, 44.43887 ], [ 6.16014, 44.43503 ], [ 6.15561, 44.46206 ], [ 6.08271, 44.47746 ], [ 6.07634, 44.43871 ], [ 6.05687, 44.45198 ], [ 6.02571, 44.43424 ], [ 6.01839, 44.41875 ], [ 5.95506, 44.39653 ], [ 5.93658, 44.35858 ], [ 5.91763, 44.33867 ], [ 5.90333, 44.33757 ], [ 5.89791, 44.31643 ], [ 5.92513, 44.31425 ], [ 5.92681, 44.29438 ], [ 5.91256, 44.28828 ], [ 5.92141, 44.24842 ], [ 5.88075, 44.27057 ], [ 5.8688, 44.2954 ], [ 5.83592, 44.29768 ], [ 5.82388, 44.27858 ], [ 5.82686, 44.26262 ], [ 5.85998, 44.24504 ], [ 5.87647, 44.21449 ], [ 5.91472, 44.20346 ], [ 5.90926, 44.19061 ], [ 5.83249, 44.2 ], [ 5.79486, 44.21369 ], [ 5.77683, 44.2057 ], [ 5.75442, 44.21018 ], [ 5.69209, 44.18648 ], [ 5.6517, 44.18962 ], [ 5.64382, 44.16895 ], [ 5.6829, 44.16361 ], [ 5.67886, 44.14614 ], [ 5.63131, 44.15042 ] ] ] } },
{ "type": "Feature", "properties": { "dep_code": "05", "dep_name": "Hautes-Alpes" }, "geometry": { "type": "Polygon", "coordinates": [ [ [ 5.95112, 44.75962 ], [ 5.93754, 44.76374 ], [ 5.91964, 44.75141 ], [ 5.90006, 44.75842 ], [ 5.88189, 44.74672 ], [ 5.8271, 44.75969 ], [ 5.82931, 44.74161 ], [ 5.80119, 44.70728 ], [ 5.82568, 44.70153 ], [ 5.83038, 44.69023 ], [ 5.79942, 44.67415 ], [ 5.78976, 44.65318 ], [ 5.75436, 44.66311 ], [ 5.75348, 44.64858 ], [ 5.73603, 44.64991 ], [ 5.73866, 44.64079 ], [ 5.72804, 44.63921 ], [ 5.67991, 44.65239 ], [ 5.64168, 44.65141 ], [ 5.64719, 44.61156 ], [ 5.63513, 44.60902 ], [ 5.59705, 44.54339 ], [ 5.62723, 44.53466 ], [ 5.66471, 44.50188 ], [ 5.62903, 44.50083 ], [ 5.60364, 44.4655 ], [ 5.51609, 44.49182 ], [ 5.45842, 44.49939 ], [ 5.46443, 44.44789 ], [ 5.49847, 44.43672 ], [ 5.47682, 44.41953 ], [ 5.43819, 44.43367 ], [ 5.41836, 44.4249 ], [ 5.44308, 44.39156 ], [ 5.43172, 44.37109 ], [ 5.46169, 44.36782 ], [ 5.468, 44.35207 ], [ 5.49283, 44.33712 ], [ 5.52156, 44.35107 ], [ 5.54785, 44.33 ], [ 5.63032, 44.33374 ], [ 5.60771, 44.30693 ], [ 5.63714, 44.30032 ], [ 5.6322, 44.28399 ], [ 5.6468, 44.26725 ], [ 5.67561, 44.27589 ], [ 5.68727, 44.26681 ], [ 5.6727, 44.24561 ], [ 5.68671, 44.19643 ], [ 5.67582, 44.1915 ], [ 5.69171, 44.18652 ], [ 5.75084, 44.2093 ], [ 5.77683, 44.2057 ], [ 5.79486, 44.21369 ], [ 5.83249, 44.2 ], [ 5.90926, 44.19061 ], [ 5.91472, 44.20346 ], [ 5.87647, 44.21449 ], [ 5.85998, 44.24504 ], [ 5.82686, 44.26262 ], [ 5.82388, 44.27858 ], [ 5.83592, 44.29768 ], [ 5.8688, 44.2954 ], [ 5.88075, 44.27057 ], [ 5.92141, 44.24842 ], [ 5.91256, 44.28828 ], [ 5.92681, 44.29438 ], [ 5.92513, 44.31425 ], [ 5.89791, 44.31643 ], [ 5.90333, 44.33757 ], [ 5.91763, 44.33867 ], [ 5.93658, 44.35858 ], [ 5.95506, 44.39653 ], [ 6.01839, 44.41875 ], [ 6.02571, 44.43424 ], [ 6.05687, 44.45198 ], [ 6.07634, 44.43871 ], [ 6.08271, 44.47746 ], [ 6.15561, 44.46206 ], [ 6.16014, 44.43503 ], [ 6.17522, 44.43887 ], [ 6.22725, 44.38174 ], [ 6.24867, 44.38935 ], [ 6.26251, 44.4124 ], [ 6.23352, 44.46374 ], [ 6.26534, 44.46599 ], [ 6.29343, 44.48106 ], [ 6.32688, 44.46358 ], [ 6.34827, 44.49809 ], [ 6.33234, 44.51023 ], [ 6.35793, 44.52291 ], [ 6.3988, 44.49415 ], [ 6.41159, 44.47055 ], [ 6.43457, 44.47528 ], [ 6.46846, 44.45156 ], [ 6.6323, 44.44691 ], [ 6.64167, 44.48554 ], [ 6.67256, 44.506 ], [ 6.67973, 44.54206 ], [ 6.70388, 44.5391 ], [ 6.73823, 44.55304 ], [ 6.75221, 44.57048 ], [ 6.77137, 44.57519 ], [ 6.76749, 44.58789 ], [ 6.79228, 44.59239 ], [ 6.7999, 44.60424 ], [ 6.84336, 44.60899 ], [ 6.85843, 44.62941 ], [ 6.88262, 44.63044 ], [ 6.91562, 44.65999 ], [ 6.94842, 44.6548 ], [ 6.96283, 44.67808 ], [ 6.98711, 44.69011 ], [ 7.02909, 44.69175 ], [ 7.07717, 44.68121 ], [ 7.06575, 44.71346 ], [ 7.02943, 44.72997 ], [ 7.02205, 44.77112 ], [ 6.99958, 44.78972 ], [ 7.02415, 44.82304 ], [ 7.00959, 44.8262 ], [ 7.00139, 44.84237 ], [ 6.93137, 44.86368 ], [ 6.91203, 44.84482 ], [ 6.86348, 44.85056 ], [ 6.80458, 44.87714 ], [ 6.80161, 44.89108 ], [ 6.78493, 44.88874 ], [ 6.77331, 44.90255 ], [ 6.75076, 44.90585 ], [ 6.7485, 44.92213 ], [ 6.76084, 44.93358 ], [ 6.7438, 44.93675 ], [ 6.76533, 44.96213 ], [ 6.7378, 44.98953 ], [ 6.75177, 44.99682 ], [ 6.74449, 45.01483 ], [ 6.72265, 45.02213 ], [ 6.6733, 45.01963 ], [ 6.66209, 45.07166 ], [ 6.64504, 45.07569 ], [ 6.61549, 45.12151 ], [ 6.5764, 45.1231 ], [ 6.56131, 45.10531 ], [ 6.53916, 45.09908 ], [ 6.51042, 45.109 ], [ 6.48049, 45.09417 ], [ 6.48709, 45.0564 ], [ 6.45282, 45.05168 ], [ 6.43427, 45.06359 ], [ 6.39609, 45.06102 ], [ 6.36488, 45.07017 ], [ 6.37484, 45.08275 ], [ 6.3651, 45.10205 ], [ 6.33424, 45.12294 ], [ 6.29922, 45.10856 ], [ 6.26416, 45.12641 ], [ 6.24583, 45.12038 ], [ 6.22869, 45.10734 ], [ 6.24444, 45.07149 ], [ 6.21886, 45.0645 ], [ 6.20392, 45.01247 ], [ 6.25343, 44.99521 ], [ 6.3064, 45.00475 ], [ 6.32352, 44.99907 ], [ 6.31481, 44.98019 ], [ 6.32955, 44.96924 ], [ 6.32292, 44.95302 ], [ 6.35884, 44.94128 ], [ 6.35536, 44.85478 ], [ 6.32341, 44.85232 ], [ 6.295, 44.8742 ], [ 6.26941, 44.87048 ], [ 6.24998, 44.8519 ], [ 6.19638, 44.85898 ], [ 6.16845, 44.85224 ], [ 6.1329, 44.8645 ], [ 6.0565, 44.81581 ], [ 6.03022, 44.8381 ], [ 6.00548, 44.82051 ], [ 5.96062, 44.81231 ], [ 5.9517, 44.8009 ], [ 5.97716, 44.7913 ], [ 5.98034, 44.78125 ], [ 5.95317, 44.77131 ], [ 5.95112, 44.75962 ] ] ] } },
{ "type": "Feature", "properties": { "dep_code": "06", "dep_name": "Alpes-Maritimes" }, "geometry": { "type": "MultiPolygon", "coordinates": [ [ [ [ 6.9524, 43.48276 ], [ 6.95264, 43.48291 ], [ 6.95199, 43.48281 ], [ 6.9524, 43.48276 ] ] ], [ [ [ 6.9476, 43.48513 ], [ 6.94703, 43.48498 ], [ 6.94712, 43.48483 ], [ 6.9476, 43.48513 ] ] ], [ [ [ 6.94901, 43.48546 ], [ 6.94864, 43.48552 ], [ 6.94878, 43.48518 ], [ 6.94901, 43.48546 ] ] ], [ [ [ 7.04569, 43.50435 ], [ 7.04498, 43.50346 ], [ 7.04599, 43.5036 ], [ 7.04569, 43.50435 ] ] ], [ [ [ 7.05777, 43.50576 ], [ 7.05781, 43.50589 ], [ 7.05759, 43.50593 ], [ 7.05777, 43.50576 ] ] ], [ [ [ 7.05403, 43.50582 ], [ 7.05407, 43.5062 ], [ 7.05344, 43.50604 ], [ 7.05403, 43.50582 ] ] ], [ [ [ 7.05938, 43.50638 ], [ 7.05848, 43.50545 ], [ 7.05949, 43.50593 ], [ 7.05938, 43.50638 ] ] ], [ [ [ 7.05617, 43.50588 ], [ 7.05914, 43.50633 ], [ 7.05882, 43.50699 ], [ 7.05617, 43.50588 ] ] ], [ [ [ 7.03699, 43.50775 ], [ 7.04756, 43.50478 ], [ 7.05561, 43.50802 ], [ 7.04715, 43.50955 ], [ 7.03699, 43.50775 ] ] ], [ [ [ 7.05845, 43.50766 ], [ 7.05833, 43.50751 ], [ 7.05909, 43.50721 ], [ 7.05845, 43.50766 ] ] ], [ [ [ 7.06132, 43.5074 ], [ 7.05996, 43.50752 ], [ 7.06058, 43.5073 ], [ 7.06132, 43.5074 ] ] ], [ [ [ 7.03288, 43.51976 ], [ 7.03299, 43.51971 ], [ 7.03303, 43.52024 ], [ 7.03288, 43.51976 ] ] ], [ [ [ 7.03235, 43.52371 ], [ 7.03441, 43.51719 ], [ 7.07091, 43.51724 ], [ 7.04632, 43.52446 ], [ 7.03235, 43.52371 ] ] ], [ [ [ 7.01892, 43.54877 ], [ 7.01914, 43.54868 ], [ 7.01926, 43.54884 ], [ 7.01892, 43.54877 ] ] ], [ [ [ 7.07224, 43.51567 ], [ 7.0734, 43.51443 ], [ 7.0742, 43.51505 ], [ 7.07224, 43.51567 ] ] ], [ [ [ 7.072, 43.51666 ], [ 7.07186, 43.51727 ], [ 7.07129, 43.517 ], [ 7.072, 43.51666 ] ] ], [ [ [ 7.08478, 43.56646 ], [ 7.08501, 43.56655 ], [ 7.08493, 43.56674 ], [ 7.08478, 43.56646 ] ] ], [ [ [ 7.08428, 43.56849 ], [ 7.08459, 43.56859 ], [ 7.08442, 43.56877 ], [ 7.08428, 43.56849 ] ] ], [ [ [ 7.14085, 43.57158 ], [ 7.14103, 43.57191 ], [ 7.14049, 43.57188 ], [ 7.14085, 43.57158 ] ] ], [ [ [ 7.12821, 43.573 ], [ 7.12764, 43.57403 ], [ 7.12782, 43.57321 ], [ 7.12821, 43.573 ] ] ], [ [ [ 7.18971, 43.65614 ], [ 7.1898, 43.65624 ], [ 7.18856, 43.6561 ], [ 7.18971, 43.65614 ] ] ], [ [ [ 7.18783, 43.6563 ], [ 7.18823, 43.65642 ], [ 7.18769, 43.6565 ], [ 7.18783, 43.6563 ] ] ], [ [ [ 7.19266, 43.65641 ], [ 7.19138, 43.65628 ], [ 7.19158, 43.65622 ], [ 7.19266, 43.65641 ] ] ], [ [ [ 7.19521, 43.65645 ], [ 7.19409, 43.65645 ], [ 7.19408, 43.65633 ], [ 7.19521, 43.65645 ] ] ], [ [ [ 7.19082, 43.65678 ], [ 7.19019, 43.65663 ], [ 7.19036, 43.65654 ], [ 7.19082, 43.65678 ] ] ], [ [ [ 7.19314, 43.65674 ], [ 7.19377, 43.65682 ], [ 7.19363, 43.65693 ], [ 7.19314, 43.65674 ] ] ], [ [ [ 7.3675, 43.7199 ], [ 7.36698, 43.72018 ], [ 7.36671, 43.71997 ], [ 7.3675, 43.7199 ] ] ], [ [ [ 6.78406, 43.88647 ], [ 6.74881, 43.87164 ], [ 6.67069, 43.88772 ], [ 6.69629, 43.87551 ], [ 6.70276, 43.85611 ], [ 6.67817, 43.85197 ], [ 6.66765, 43.83059 ], [ 6.70234, 43.82447 ], [ 6.71175, 43.81374 ], [ 6.64115, 43.79546 ], [ 6.63931, 43.76919 ], [ 6.65211, 43.76546 ], [ 6.65742, 43.74872 ], [ 6.68271, 43.75794 ], [ 6.70139, 43.75407 ], [ 6.71493, 43.73867 ], [ 6.7526, 43.7411 ], [ 6.77443, 43.70399 ], [ 6.76109, 43.6662 ], [ 6.78404, 43.65319 ], [ 6.79286, 43.63315 ], [ 6.81695, 43.62966 ], [ 6.8524, 43.60421 ], [ 6.85772, 43.61097 ], [ 6.86585, 43.60294 ], [ 6.89349, 43.61193 ], [ 6.912, 43.59843 ], [ 6.89826, 43.58168 ], [ 6.90835, 43.56439 ], [ 6.8874, 43.55254 ], [ 6.87852, 43.52895 ], [ 6.89647, 43.52757 ], [ 6.88404, 43.50254 ], [ 6.93346, 43.48031 ], [ 6.95678, 43.497 ], [ 6.93702, 43.51751 ], [ 6.96996, 43.545 ], [ 7.01774, 43.54498 ], [ 7.01647, 43.55105 ], [ 7.03777, 43.535 ], [ 7.06934, 43.56316 ], [ 7.08182, 43.56811 ], [ 7.07834, 43.56279 ], [ 7.08434, 43.56622 ], [ 7.08364, 43.56853 ], [ 7.08435, 43.56943 ], [ 7.09798, 43.571 ], [ 7.12145, 43.55982 ], [ 7.11959, 43.54258 ], [ 7.13848, 43.54588 ], [ 7.14051, 43.56943 ], [ 7.131, 43.56914 ], [ 7.12445, 43.57535 ], [ 7.13012, 43.58169 ], [ 7.13288, 43.59073 ], [ 7.12892, 43.58312 ], [ 7.12165, 43.58718 ], [ 7.13037, 43.58902 ], [ 7.13639, 43.6363 ], [ 7.15528, 43.65275 ], [ 7.16777, 43.65741 ], [ 7.17955, 43.6543 ], [ 7.18239, 43.65449 ], [ 7.18732, 43.65577 ], [ 7.187, 43.65747 ], [ 7.19388, 43.65779 ], [ 7.19864, 43.65558 ], [ 7.20007, 43.66408 ], [ 7.20361, 43.65122 ], [ 7.19954, 43.64668 ], [ 7.21263, 43.64775 ], [ 7.24024, 43.68748 ], [ 7.26365, 43.69433 ], [ 7.28817, 43.69041 ], [ 7.28418, 43.69819 ], [ 7.30424, 43.68501 ], [ 7.31456, 43.70672 ], [ 7.33228, 43.67497 ], [ 7.33488, 43.68638 ], [ 7.34981, 43.68672 ], [ 7.33399, 43.69016 ], [ 7.33824, 43.71215 ], [ 7.35995, 43.72261 ], [ 7.40631, 43.71875 ], [ 7.43071, 43.74894 ], [ 7.46193, 43.76047 ], [ 7.48674, 43.74899 ], [ 7.49094, 43.76799 ], [ 7.52994, 43.7842 ], [ 7.49677, 43.84939 ], [ 7.4977, 43.87156 ], [ 7.51194, 43.88554 ], [ 7.56116, 43.89878 ], [ 7.56932, 43.94739 ], [ 7.61133, 43.95402 ], [ 7.65274, 43.97398 ], [ 7.67052, 43.99841 ], [ 7.66274, 44.02902 ], [ 7.70039, 44.04072 ], [ 7.71424, 44.06151 ], [ 7.71898, 44.08245 ], [ 7.66635, 44.13075 ], [ 7.68447, 44.17395 ], [ 7.63608, 44.17711 ], [ 7.61986, 44.14951 ], [ 7.5638, 44.15652 ], [ 7.56116, 44.14888 ], [ 7.53404, 44.1482 ], [ 7.52158, 44.1377 ], [ 7.50704, 44.1447 ], [ 7.4601, 44.12578 ], [ 7.42999, 44.13041 ], [ 7.42506, 44.11219 ], [ 7.39315, 44.12544 ], [ 7.3577, 44.1162 ], [ 7.34457, 44.14531 ], [ 7.28059, 44.14086 ], [ 7.24956, 44.15771 ], [ 7.24177, 44.17316 ], [ 7.21878, 44.16874 ], [ 7.1884, 44.20087 ], [ 7.17754, 44.19719 ], [ 7.16318, 44.20822 ], [ 7.1428, 44.20025 ], [ 7.07626, 44.23226 ], [ 7.03852, 44.22372 ], [ 7.00845, 44.23521 ], [ 6.99583, 44.28021 ], [ 6.95731, 44.29536 ], [ 6.96019, 44.31146 ], [ 6.92677, 44.33284 ], [ 6.922, 44.35163 ], [ 6.88743, 44.36129 ], [ 6.8559, 44.34297 ], [ 6.84008, 44.34658 ], [ 6.7962, 44.31612 ], [ 6.79028, 44.27235 ], [ 6.76282, 44.27956 ], [ 6.75909, 44.26206 ], [ 6.724, 44.24992 ], [ 6.71668, 44.2061 ], [ 6.68652, 44.16829 ], [ 6.7073, 44.14436 ], [ 6.70759, 44.12447 ], [ 6.75649, 44.07959 ], [ 6.74646, 44.04149 ], [ 6.78848, 44.02356 ], [ 6.79811, 44.00543 ], [ 6.83879, 43.98972 ], [ 6.84786, 43.95421 ], [ 6.87551, 43.95285 ], [ 6.88416, 43.93534 ], [ 6.91313, 43.92812 ], [ 6.94396, 43.89907 ], [ 6.88487, 43.88908 ], [ 6.85313, 43.91472 ], [ 6.83033, 43.9184 ], [ 6.79863, 43.91 ], [ 6.78406, 43.88647 ] ] ] ] } },
{ "type": "Feature", "properties": { "dep_code": "07", "dep_name": "Ardèche" }, "geometry": { "type": "Polygon", "coordinates": [ [ [ 4.31427, 44.97276 ], [ 4.29692, 44.96759 ], [ 4.25243, 44.95879 ], [ 4.23598, 44.97037 ], [ 4.22678, 44.96549 ], [ 4.21655, 44.93348 ], [ 4.1819, 44.90837 ], [ 4.17929, 44.88713 ], [ 4.15655, 44.8732 ], [ 4.11636, 44.87917 ], [ 4.071, 44.86661 ], [ 4.03948, 44.87346 ], [ 4.02364, 44.85879 ], [ 4.02772, 44.83212 ], [ 4.0135, 44.82671 ], [ 4.0054, 44.83807 ], [ 4.00038, 44.81973 ], [ 3.99067, 44.83394 ], [ 3.98024, 44.8308 ], [ 3.98882, 44.81175 ], [ 3.96309, 44.8296 ], [ 3.9448, 44.82456 ], [ 3.9367, 44.79532 ], [ 3.92295, 44.77779 ], [ 3.91045, 44.77869 ], [ 3.92501, 44.76994 ], [ 3.90023, 44.76437 ], [ 3.89329, 44.75129 ], [ 3.86957, 44.755 ], [ 3.86244, 44.74365 ], [ 3.87753, 44.73736 ], [ 3.8611, 44.71131 ], [ 3.87214, 44.70771 ], [ 3.8695, 44.69717 ], [ 3.88432, 44.69704 ], [ 3.86934, 44.67841 ], [ 3.89787, 44.64415 ], [ 3.89364, 44.61354 ], [ 3.90671, 44.61093 ], [ 3.90507, 44.59257 ], [ 3.91825, 44.58844 ], [ 3.92345, 44.57177 ], [ 3.95518, 44.56653 ], [ 3.98878, 44.50389 ], [ 3.98563, 44.4778 ], [ 3.99731, 44.46081 ], [ 4.03717, 44.44608 ], [ 4.04633, 44.43183 ], [ 4.03544, 44.41992 ], [ 4.06843, 44.40505 ], [ 4.06446, 44.39405 ], [ 4.04022, 44.39164 ], [ 4.05734, 44.36368 ], [ 4.0543, 44.33765 ], [ 4.03569, 44.32968 ], [ 4.04692, 44.31899 ], [ 4.09353, 44.33467 ], [ 4.11616, 44.32692 ], [ 4.12992, 44.33686 ], [ 4.14292, 44.3132 ], [ 4.17745, 44.31778 ], [ 4.18649, 44.29981 ], [ 4.25855, 44.26434 ], [ 4.289, 44.29214 ], [ 4.28821, 44.3148 ], [ 4.31633, 44.32057 ], [ 4.32578, 44.33833 ], [ 4.39136, 44.34679 ], [ 4.40326, 44.33358 ], [ 4.3952, 44.29098 ], [ 4.4333, 44.29164 ], [ 4.43933, 44.28341 ], [ 4.45326, 44.29791 ], [ 4.45307, 44.33894 ], [ 4.50534, 44.34415 ], [ 4.51287, 44.32803 ], [ 4.54852, 44.32607 ], [ 4.55975, 44.30207 ], [ 4.60682, 44.29047 ], [ 4.61639, 44.27819 ], [ 4.63493, 44.28482 ], [ 4.64945, 44.27034 ], [ 4.65005, 44.37641 ], [ 4.66799, 44.43182 ], [ 4.69284, 44.44257 ], [ 4.70009, 44.45894 ], [ 4.68752, 44.5003 ], [ 4.70768, 44.53433 ], [ 4.69381, 44.54203 ], [ 4.69283, 44.55908 ], [ 4.70346, 44.56008 ], [ 4.71112, 44.5822 ], [ 4.74116, 44.58877 ], [ 4.74055, 44.60262 ], [ 4.77937, 44.65487 ], [ 4.76072, 44.77155 ], [ 4.79551, 44.79361 ], [ 4.79985, 44.813 ], [ 4.82246, 44.8174 ], [ 4.82055, 44.83727 ], [ 4.84397, 44.84578 ], [ 4.86075, 44.87487 ], [ 4.85478, 44.89964 ], [ 4.88647, 44.93676 ], [ 4.83594, 45.00799 ], [ 4.83974, 45.03422 ], [ 4.85999, 45.05814 ], [ 4.82901, 45.07325 ], [ 4.82868, 45.10051 ], [ 4.80338, 45.12458 ], [ 4.82918, 45.15488 ], [ 4.80858, 45.17003 ], [ 4.80944, 45.28962 ], [ 4.76196, 45.32377 ], [ 4.77416, 45.35268 ], [ 4.75551, 45.36611 ], [ 4.66224, 45.34042 ], [ 4.63859, 45.32641 ], [ 4.64122, 45.31722 ], [ 4.61472, 45.31165 ], [ 4.62391, 45.29228 ], [ 4.59805, 45.2895 ], [ 4.59088, 45.27367 ], [ 4.60623, 45.26256 ], [ 4.60163, 45.25051 ], [ 4.54039, 45.24349 ], [ 4.54071, 45.23464 ], [ 4.50974, 45.24492 ], [ 4.5092, 45.23117 ], [ 4.48314, 45.23657 ], [ 4.49082, 45.22354 ], [ 4.47731, 45.2132 ], [ 4.48074, 45.19557 ], [ 4.4431, 45.14478 ], [ 4.45717, 45.11887 ], [ 4.43826, 45.12209 ], [ 4.43608, 45.10862 ], [ 4.42298, 45.1373 ], [ 4.37394, 45.14396 ], [ 4.36944, 45.12849 ], [ 4.4001, 45.11837 ], [ 4.39953, 45.10449 ], [ 4.35938, 45.09977 ], [ 4.36704, 45.08898 ], [ 4.34577, 45.06759 ], [ 4.3648, 45.05368 ], [ 4.37732, 45.05515 ], [ 4.38108, 45.03964 ], [ 4.34113, 45.02594 ], [ 4.30185, 45.02635 ], [ 4.2903, 44.99717 ], [ 4.31427, 44.97276 ] ] ] } },
{ "type": "Feature", "properties": { "dep_code": "08", "dep_name": "Ardennes" }, "geometry": { "type": "Polygon", "coordinates": [ [ [ 4.14318, 49.67657 ], [ 4.12703, 49.67792 ], [ 4.11575, 49.63292 ], [ 4.08633, 49.62926 ], [ 4.04106, 49.63834 ], [ 4.03787, 49.62302 ], [ 4.02449, 49.62121 ], [ 4.06605, 49.5943 ], [ 4.0595, 49.57594 ], [ 4.07679, 49.5707 ], [ 4.04871, 49.54536 ], [ 4.07517, 49.54161 ], [ 4.07584, 49.51835 ], [ 4.05631, 49.52106 ], [ 4.05722, 49.50817 ], [ 4.0402, 49.50634 ], [ 4.04177, 49.46786 ], [ 4.06821, 49.44557 ], [ 4.04918, 49.44767 ], [ 4.03721, 49.4382 ], [ 4.04823, 49.40563 ], [ 4.19142, 49.40125 ], [ 4.20111, 49.38384 ], [ 4.24846, 49.38229 ], [ 4.2584, 49.36352 ], [ 4.27695, 49.35171 ], [ 4.29405, 49.35266 ], [ 4.30816, 49.32689 ], [ 4.34388, 49.32367 ], [ 4.34351, 49.31386 ], [ 4.37562, 49.32381 ], [ 4.39637, 49.29215 ], [ 4.44724, 49.27251 ], [ 4.51589, 49.28014 ], [ 4.55661, 49.29527 ], [ 4.59804, 49.29142 ], [ 4.59177, 49.27341 ], [ 4.60863, 49.26932 ], [ 4.6174, 49.23803 ], [ 4.63415, 49.23168 ], [ 4.67035, 49.24127 ], [ 4.68961, 49.25753 ], [ 4.72744, 49.25334 ], [ 4.7447, 49.24148 ], [ 4.7894, 49.24087 ], [ 4.81524, 49.25007 ], [ 4.83095, 49.23356 ], [ 4.86634, 49.22696 ], [ 4.86243, 49.24085 ], [ 4.88334, 49.25679 ], [ 4.87623, 49.26316 ], [ 4.89244, 49.25813 ], [ 4.92392, 49.26681 ], [ 4.91621, 49.26072 ], [ 4.93461, 49.25968 ], [ 4.92144, 49.25157 ], [ 4.95082, 49.23698 ], [ 4.9966, 49.26423 ], [ 5.05075, 49.27396 ], [ 5.05928, 49.29002 ], [ 5.02543, 49.31049 ], [ 5.03805, 49.31613 ], [ 5.02624, 49.3365 ], [ 5.06045, 49.37177 ], [ 5.08907, 49.36995 ], [ 5.10158, 49.37838 ], [ 5.10445, 49.39018 ], [ 5.07694, 49.40339 ], [ 5.11542, 49.41935 ], [ 5.10049, 49.44092 ], [ 5.11179, 49.45762 ], [ 5.09508, 49.45965 ], [ 5.08394, 49.48399 ], [ 5.05905, 49.50062 ], [ 5.09917, 49.53106 ], [ 5.08821, 49.54485 ], [ 5.09633, 49.55784 ], [ 5.11329, 49.56067 ], [ 5.1048, 49.57564 ], [ 5.11305, 49.59232 ], [ 5.14423, 49.591 ], [ 5.16262, 49.56196 ], [ 5.21716, 49.5735 ], [ 5.23591, 49.56914 ], [ 5.25875, 49.54352 ], [ 5.27516, 49.54216 ], [ 5.2851, 49.55338 ], [ 5.3125, 49.55939 ], [ 5.34087, 49.59502 ], [ 5.35198, 49.58839 ], [ 5.37677, 49.59234 ], [ 5.39425, 49.61679 ], [ 5.34713, 49.63129 ], [ 5.34048, 49.61668 ], [ 5.31351, 49.61078 ], [ 5.30499, 49.63022 ], [ 5.33238, 49.65411 ], [ 5.27625, 49.6923 ], [ 5.26642, 49.69633 ], [ 5.24265, 49.68546 ], [ 5.20569, 49.69635 ], [ 5.16438, 49.69339 ], [ 5.16583, 49.71191 ], [ 5.15398, 49.71886 ], [ 5.14366, 49.70913 ], [ 5.12597, 49.71242 ], [ 5.11877, 49.73869 ], [ 5.09429, 49.76355 ], [ 5.06307, 49.76235 ], [ 5.00855, 49.78204 ], [ 4.99765, 49.79991 ], [ 4.95682, 49.80186 ], [ 4.94289, 49.79049 ], [ 4.9056, 49.78551 ], [ 4.85161, 49.79345 ], [ 4.87642, 49.81896 ], [ 4.84747, 49.868 ], [ 4.86265, 49.86693 ], [ 4.8874, 49.8986 ], [ 4.87748, 49.90445 ], [ 4.89017, 49.90889 ], [ 4.84707, 49.94906 ], [ 4.79115, 49.95804 ], [ 4.79042, 49.96914 ], [ 4.79371, 49.98238 ], [ 4.81943, 49.99507 ], [ 4.81991, 50.026 ], [ 4.84172, 50.03855 ], [ 4.81911, 50.06608 ], [ 4.83813, 50.06724 ], [ 4.84694, 50.08358 ], [ 4.83741, 50.09321 ], [ 4.84979, 50.10121 ], [ 4.87232, 50.08776 ], [ 4.86705, 50.1188 ], [ 4.89702, 50.13793 ], [ 4.88138, 50.14123 ], [ 4.87759, 50.15371 ], [ 4.83242, 50.15323 ], [ 4.82419, 50.1693 ], [ 4.80652, 50.15268 ], [ 4.76217, 50.13641 ], [ 4.75167, 50.1119 ], [ 4.7021, 50.09556 ], [ 4.67969, 50.06782 ], [ 4.70001, 50.05295 ], [ 4.68461, 50.02711 ], [ 4.69327, 49.99544 ], [ 4.5819, 49.98356 ], [ 4.56464, 49.97039 ], [ 4.54102, 49.96954 ], [ 4.52359, 49.95024 ], [ 4.44549, 49.93718 ], [ 4.38101, 49.95438 ], [ 4.35101, 49.95224 ], [ 4.30952, 49.96953 ], [ 4.23316, 49.95775 ], [ 4.21686, 49.91409 ], [ 4.25584, 49.90398 ], [ 4.25275, 49.86963 ], [ 4.22359, 49.8341 ], [ 4.21427, 49.80611 ], [ 4.22668, 49.79303 ], [ 4.20592, 49.77819 ], [ 4.24283, 49.76714 ], [ 4.2496, 49.75711 ], [ 4.22896, 49.74638 ], [ 4.23244, 49.73052 ], [ 4.19124, 49.71626 ], [ 4.18519, 49.69888 ], [ 4.14405, 49.68859 ], [ 4.14318, 49.67657 ] ] ] } },
{ "type": "Feature", "properties": { "dep_code": "09", "dep_name": "Ariège" }, "geometry": { "type": "Polygon", "coordinates": [ [ [ 1.26185, 43.09165 ], [ 1.22351, 43.08585 ], [ 1.20715, 43.12013 ], [ 1.17512, 43.14087 ], [ 1.16633, 43.13012 ], [ 1.14669, 43.13722 ], [ 1.12438, 43.15679 ], [ 1.08797, 43.13375 ], [ 1.05349, 43.14542 ], [ 1.0362, 43.09932 ], [ 1.00084, 43.1141 ], [ 1.00438, 43.1044 ], [ 0.99113, 43.09291 ], [ 1.00663, 43.08216 ], [ 0.99653, 43.07241 ], [ 0.97895, 43.07256 ], [ 0.99454, 43.04628 ], [ 0.99315, 43.03956 ], [ 0.9844, 43.04473 ], [ 0.98591, 43.03024 ], [ 1.02224, 43.01002 ], [ 1.00339, 43.00502 ], [ 0.97496, 42.97272 ], [ 0.87492, 42.95778 ], [ 0.88442, 42.93193 ], [ 0.82666, 42.916 ], [ 0.84405, 42.88977 ], [ 0.83507, 42.87196 ], [ 0.84803, 42.86561 ], [ 0.861, 42.82118 ], [ 0.92627, 42.78936 ], [ 0.95998, 42.80593 ], [ 0.98409, 42.7867 ], [ 1.00557, 42.79083 ], [ 1.04794, 42.78096 ], [ 1.07887, 42.78833 ], [ 1.12815, 42.75563 ], [ 1.13328, 42.7282 ], [ 1.17047, 42.70793 ], [ 1.22919, 42.72781 ], [ 1.25312, 42.71447 ], [ 1.33216, 42.72475 ], [ 1.35738, 42.7197 ], [ 1.35781, 42.71518 ], [ 1.35115, 42.70264 ], [ 1.38912, 42.68714 ], [ 1.38747, 42.66862 ], [ 1.4137, 42.65558 ], [ 1.43793, 42.60285 ], [ 1.47672, 42.6131 ], [ 1.46811, 42.63091 ], [ 1.47894, 42.65165 ], [ 1.51875, 42.64542 ], [ 1.54925, 42.65588 ], [ 1.57475, 42.64793 ], [ 1.60051, 42.62565 ], [ 1.63725, 42.63033 ], [ 1.6642, 42.61891 ], [ 1.68344, 42.62499 ], [ 1.73578, 42.61566 ], [ 1.72682, 42.58886 ], [ 1.78118, 42.58253 ], [ 1.79602, 42.57147 ], [ 1.83757, 42.58479 ], [ 1.87432, 42.58168 ], [ 1.90024, 42.61522 ], [ 1.93343, 42.60476 ], [ 1.95014, 42.61771 ], [ 1.97234, 42.61712 ], [ 1.99889, 42.66168 ], [ 2.02898, 42.65259 ], [ 2.04692, 42.66364 ], [ 2.10902, 42.66399 ], [ 2.12782, 42.67234 ], [ 2.16605, 42.66392 ], [ 2.17586, 42.68196 ], [ 2.1678, 42.69616 ], [ 2.09183, 42.73494 ], [ 2.08639, 42.75218 ], [ 2.05694, 42.75629 ], [ 2.0037, 42.73346 ], [ 1.95084, 42.73675 ], [ 1.91336, 42.75842 ], [ 1.90938, 42.76928 ], [ 1.92879, 42.77498 ], [ 1.89635, 42.80827 ], [ 1.85986, 42.82011 ], [ 1.87603, 42.85258 ], [ 1.94612, 42.85606 ], [ 1.98689, 42.87093 ], [ 1.99205, 42.90517 ], [ 1.98069, 42.92985 ], [ 1.93386, 42.9393 ], [ 1.93667, 42.95393 ], [ 1.95237, 42.95506 ], [ 1.95763, 42.96406 ], [ 1.99517, 42.95292 ], [ 2.00626, 42.96233 ], [ 1.98495, 42.96727 ], [ 1.98693, 43.00259 ], [ 1.96953, 43.00795 ], [ 1.98531, 43.03199 ], [ 1.97269, 43.04658 ], [ 1.94087, 43.05276 ], [ 1.9428, 43.06743 ], [ 1.96393, 43.06876 ], [ 1.94929, 43.08072 ], [ 1.94937, 43.12117 ], [ 1.91417, 43.13354 ], [ 1.89396, 43.11525 ], [ 1.88076, 43.12674 ], [ 1.88136, 43.14778 ], [ 1.85681, 43.14448 ], [ 1.85217, 43.1605 ], [ 1.84169, 43.15542 ], [ 1.85097, 43.14608 ], [ 1.82564, 43.14547 ], [ 1.79283, 43.15897 ], [ 1.78343, 43.15123 ], [ 1.74253, 43.18335 ], [ 1.71101, 43.18689 ], [ 1.72391, 43.22443 ], [ 1.69528, 43.24673 ], [ 1.70068, 43.26197 ], [ 1.67922, 43.2794 ], [ 1.64995, 43.26103 ], [ 1.65503, 43.24367 ], [ 1.63583, 43.237 ], [ 1.63732, 43.25547 ], [ 1.57128, 43.27616 ], [ 1.56493, 43.25338 ], [ 1.54705, 43.27791 ], [ 1.51857, 43.26926 ], [ 1.51777, 43.28941 ], [ 1.49646, 43.2932 ], [ 1.48945, 43.25855 ], [ 1.5045, 43.24934 ], [ 1.49251, 43.23683 ], [ 1.50911, 43.222 ], [ 1.48675, 43.22767 ], [ 1.46776, 43.20893 ], [ 1.41608, 43.22627 ], [ 1.42884, 43.25444 ], [ 1.37598, 43.28844 ], [ 1.36318, 43.3076 ], [ 1.37305, 43.31013 ], [ 1.33183, 43.3159 ], [ 1.31804, 43.29572 ], [ 1.30504, 43.29846 ], [ 1.30268, 43.28628 ], [ 1.29251, 43.28891 ], [ 1.30234, 43.27226 ], [ 1.29369, 43.26388 ], [ 1.33055, 43.2627 ], [ 1.31836, 43.25118 ], [ 1.37349, 43.24474 ], [ 1.3833, 43.22921 ], [ 1.36848, 43.20926 ], [ 1.34555, 43.21231 ], [ 1.32758, 43.2047 ], [ 1.32114, 43.19009 ], [ 1.27414, 43.19628 ], [ 1.25089, 43.18322 ], [ 1.22893, 43.1869 ], [ 1.21404, 43.16237 ], [ 1.21907, 43.1526 ], [ 1.27387, 43.1484 ], [ 1.30282, 43.1226 ], [ 1.26036, 43.10913 ], [ 1.26185, 43.09165 ] ] ] } },
{ "type": "Feature", "properties": { "dep_code": "10", "dep_name": "Aube" }, "geometry": { "type": "Polygon", "coordinates": [ [ [ 3.54503, 48.33434 ], [ 3.5439, 48.31979 ], [ 3.56309, 48.32157 ], [ 3.5622, 48.31114 ], [ 3.58793, 48.30094 ], [ 3.5778, 48.28459 ], [ 3.61362, 48.27354 ], [ 3.62428, 48.25795 ], [ 3.59955, 48.23657 ], [ 3.62177, 48.22566 ], [ 3.57508, 48.18882 ], [ 3.59392, 48.17868 ], [ 3.62166, 48.19204 ], [ 3.63322, 48.18888 ], [ 3.66791, 48.13929 ], [ 3.69181, 48.14555 ], [ 3.69334, 48.1552 ], [ 3.70508, 48.14431 ], [ 3.72005, 48.15394 ], [ 3.71437, 48.17464 ], [ 3.74746, 48.16625 ], [ 3.75512, 48.1503 ], [ 3.74013, 48.13201 ], [ 3.75691, 48.12531 ], [ 3.76822, 48.13371 ], [ 3.79179, 48.11771 ], [ 3.80565, 48.10051 ], [ 3.79807, 48.08649 ], [ 3.82951, 48.05789 ], [ 3.82205, 48.04414 ], [ 3.87053, 48.01689 ], [ 3.87032, 48.00269 ], [ 3.83917, 48.00341 ], [ 3.85003, 47.98373 ], [ 3.87991, 47.97912 ], [ 3.88154, 48.00034 ], [ 3.89319, 48.00178 ], [ 3.91144, 47.98114 ], [ 3.89403, 47.92917 ], [ 3.90453, 47.92487 ], [ 3.92626, 47.93481 ], [ 3.98578, 47.93067 ], [ 4.005, 47.94259 ], [ 4.01626, 47.92939 ], [ 4.03155, 47.93318 ], [ 4.0448, 47.92512 ], [ 4.06076, 47.94579 ], [ 4.08969, 47.94501 ], [ 4.09208, 47.9282 ], [ 4.10967, 47.926 ], [ 4.14184, 47.93711 ], [ 4.1658, 47.96 ], [ 4.18417, 47.95589 ], [ 4.1855, 47.94027 ], [ 4.20298, 47.94184 ], [ 4.21242, 47.96316 ], [ 4.1929, 47.965 ], [ 4.20371, 47.9735 ], [ 4.22582, 47.97209 ], [ 4.22214, 47.94969 ], [ 4.24506, 47.93003 ], [ 4.26973, 47.92368 ], [ 4.2928, 47.92588 ], [ 4.31272, 47.96269 ], [ 4.34311, 47.95585 ], [ 4.4172, 47.96868 ], [ 4.44713, 47.95638 ], [ 4.49356, 47.96888 ], [ 4.55422, 47.96766 ], [ 4.55684, 47.98215 ], [ 4.53572, 48.00677 ], [ 4.54948, 48.00443 ], [ 4.57976, 48.02934 ], [ 4.61655, 48.0313 ], [ 4.66994, 48.0145 ], [ 4.71478, 48.02079 ], [ 4.70501, 48.02773 ], [ 4.72316, 48.04576 ], [ 4.69048, 48.07269 ], [ 4.65924, 48.08066 ], [ 4.70492, 48.08875 ], [ 4.70405, 48.10018 ], [ 4.72415, 48.10624 ], [ 4.73174, 48.11945 ], [ 4.83438, 48.10516 ], [ 4.8286, 48.12908 ], [ 4.85239, 48.14301 ], [ 4.83541, 48.16222 ], [ 4.86358, 48.2084 ], [ 4.83523, 48.22118 ], [ 4.85386, 48.22876 ], [ 4.83893, 48.23749 ], [ 4.84469, 48.25743 ], [ 4.86162, 48.26636 ], [ 4.84277, 48.28259 ], [ 4.85084, 48.29625 ], [ 4.82627, 48.30224 ], [ 4.81421, 48.32301 ], [ 4.84148, 48.33946 ], [ 4.75458, 48.36655 ], [ 4.75959, 48.3879 ], [ 4.71715, 48.39564 ], [ 4.7053, 48.39085 ], [ 4.70835, 48.40118 ], [ 4.6803, 48.41707 ], [ 4.68986, 48.42519 ], [ 4.67845, 48.44053 ], [ 4.629, 48.46179 ], [ 4.6278, 48.46864 ], [ 4.65327, 48.4708 ], [ 4.65736, 48.50498 ], [ 4.67683, 48.51808 ], [ 4.66902, 48.53577 ], [ 4.63806, 48.54162 ], [ 4.64288, 48.55383 ], [ 4.59192, 48.55357 ], [ 4.556, 48.54181 ], [ 4.54545, 48.52522 ], [ 4.52542, 48.52823 ], [ 4.52862, 48.54055 ], [ 4.51089, 48.548 ], [ 4.49344, 48.53897 ], [ 4.40377, 48.56119 ], [ 4.31499, 48.61643 ], [ 4.33474, 48.63246 ], [ 4.31735, 48.65197 ], [ 4.3343, 48.67506 ], [ 4.32477, 48.70064 ], [ 4.29946, 48.71475 ], [ 4.26398, 48.70597 ], [ 4.24317, 48.71672 ], [ 4.23317, 48.70225 ], [ 4.16521, 48.70775 ], [ 4.13115, 48.68634 ], [ 4.07847, 48.7015 ], [ 4.05811, 48.66624 ], [ 4.02991, 48.65957 ], [ 4.00122, 48.66395 ], [ 3.98472, 48.65338 ], [ 3.97796, 48.62579 ], [ 3.9684, 48.63157 ], [ 3.94925, 48.60321 ], [ 3.90851, 48.60171 ], [ 3.89919, 48.57493 ], [ 3.85424, 48.58032 ], [ 3.86565, 48.53787 ], [ 3.82537, 48.51524 ], [ 3.79823, 48.52908 ], [ 3.76628, 48.52757 ], [ 3.73415, 48.53922 ], [ 3.6437, 48.53639 ], [ 3.62665, 48.57746 ], [ 3.60466, 48.5727 ], [ 3.59264, 48.58764 ], [ 3.58261, 48.58499 ], [ 3.58054, 48.60464 ], [ 3.56235, 48.60209 ], [ 3.5555, 48.62023 ], [ 3.50299, 48.60464 ], [ 3.5163, 48.58984 ], [ 3.49348, 48.59007 ], [ 3.46535, 48.57047 ], [ 3.48175, 48.54145 ], [ 3.45698, 48.52958 ], [ 3.40537, 48.52785 ], [ 3.43464, 48.49025 ], [ 3.38367, 48.47959 ], [ 3.40744, 48.44926 ], [ 3.39167, 48.42325 ], [ 3.41186, 48.42142 ], [ 3.40337, 48.41473 ], [ 3.42232, 48.41614 ], [ 3.4129, 48.37803 ], [ 3.42739, 48.35809 ], [ 3.45259, 48.37439 ], [ 3.49763, 48.36958 ], [ 3.54503, 48.33434 ] ] ] } },
{ "type": "Feature", "properties": { "dep_code": "11", "dep_name": "Aude" }, "geometry": { "type": "Polygon", "coordinates": [ [ [ 1.78343, 43.15123 ], [ 1.79283, 43.15897 ], [ 1.83744, 43.14459 ], [ 1.85179, 43.14671 ], [ 1.84169, 43.15542 ], [ 1.85217, 43.1605 ], [ 1.85681, 43.14448 ], [ 1.88136, 43.14778 ], [ 1.88076, 43.12674 ], [ 1.89396, 43.11525 ], [ 1.91417, 43.13354 ], [ 1.94937, 43.12117 ], [ 1.94929, 43.08072 ], [ 1.96393, 43.06876 ], [ 1.9428, 43.06743 ], [ 1.94087, 43.05276 ], [ 1.97269, 43.04658 ], [ 1.98487, 43.03307 ], [ 1.96953, 43.00795 ], [ 1.98693, 43.00259 ], [ 1.98495, 42.96727 ], [ 2.00621, 42.96284 ], [ 1.99517, 42.95292 ], [ 1.95763, 42.96406 ], [ 1.93561, 42.94928 ], [ 1.93386, 42.9393 ], [ 1.98069, 42.92985 ], [ 1.99205, 42.90517 ], [ 1.98689, 42.87093 ], [ 1.94612, 42.85606 ], [ 1.87603, 42.85258 ], [ 1.85986, 42.82011 ], [ 1.89635, 42.80827 ], [ 1.92879, 42.77498 ], [ 1.90938, 42.76928 ], [ 1.91336, 42.75842 ], [ 1.95084, 42.73675 ], [ 2.0037, 42.73346 ], [ 2.05694, 42.75629 ], [ 2.08639, 42.75218 ], [ 2.09183, 42.73494 ], [ 2.1678, 42.69616 ], [ 2.17586, 42.68196 ], [ 2.16523, 42.66576 ], [ 2.17621, 42.6489 ], [ 2.24649, 42.68134 ], [ 2.26471, 42.70925 ], [ 2.2971, 42.70099 ], [ 2.3555, 42.72718 ], [ 2.34403, 42.80133 ], [ 2.33344, 42.80192 ], [ 2.33233, 42.81998 ], [ 2.31908, 42.82395 ], [ 2.33658, 42.84105 ], [ 2.38216, 42.84874 ], [ 2.45248, 42.83696 ], [ 2.50182, 42.8516 ], [ 2.51659, 42.84244 ], [ 2.55154, 42.84675 ], [ 2.68088, 42.83066 ], [ 2.73675, 42.83557 ], [ 2.78888, 42.89607 ], [ 2.86524, 42.91853 ], [ 2.8822, 42.90007 ], [ 2.98498, 42.86703 ], [ 3.04365, 42.83805 ], [ 3.05401, 42.87384 ], [ 3.04071, 42.86897 ], [ 3.0362, 42.85624 ], [ 3.03132, 42.86082 ], [ 3.04313, 42.8739 ], [ 3.04893, 42.8725 ], [ 3.04696, 42.88165 ], [ 3.0528, 42.87369 ], [ 3.06059, 42.91768 ], [ 3.03904, 42.93904 ], [ 3.05628, 42.99799 ], [ 3.07006, 43.01229 ], [ 3.0637, 43.01928 ], [ 3.11798, 43.10301 ], [ 3.18497, 43.16803 ], [ 3.17868, 43.17329 ], [ 3.18434, 43.16881 ], [ 3.24015, 43.2113 ], [ 3.24006, 43.21278 ], [ 3.23583, 43.21558 ], [ 3.22581, 43.22005 ], [ 3.19897, 43.25008 ], [ 3.15734, 43.24217 ], [ 3.14363, 43.24721 ], [ 3.14252, 43.25908 ], [ 3.11965, 43.26146 ], [ 3.11105, 43.25327 ], [ 3.07898, 43.26129 ], [ 3.0544, 43.27988 ], [ 3.02556, 43.2823 ], [ 3.01079, 43.27384 ], [ 3.00402, 43.3199 ], [ 2.94595, 43.31188 ], [ 2.92136, 43.32601 ], [ 2.91408, 43.3196 ], [ 2.89185, 43.32735 ], [ 2.89019, 43.36566 ], [ 2.86947, 43.37353 ], [ 2.8694, 43.38319 ], [ 2.85541, 43.3732 ], [ 2.87584, 43.34032 ], [ 2.86856, 43.32971 ], [ 2.80553, 43.3198 ], [ 2.81825, 43.3095 ], [ 2.79114, 43.29259 ], [ 2.77229, 43.25774 ], [ 2.75244, 43.25481 ], [ 2.72461, 43.27323 ], [ 2.70493, 43.27474 ], [ 2.70591, 43.29875 ], [ 2.688, 43.32309 ], [ 2.65944, 43.29271 ], [ 2.63192, 43.29841 ], [ 2.61706, 43.28428 ], [ 2.58575, 43.33348 ], [ 2.5516, 43.33426 ], [ 2.53956, 43.34591 ], [ 2.55721, 43.36605 ], [ 2.55532, 43.38808 ], [ 2.56895, 43.40043 ], [ 2.58686, 43.39951 ], [ 2.59341, 43.41259 ], [ 2.56583, 43.42273 ], [ 2.51906, 43.42368 ], [ 2.49079, 43.43835 ], [ 2.42849, 43.43573 ], [ 2.39683, 43.41655 ], [ 2.30372, 43.44791 ], [ 2.28207, 43.44105 ], [ 2.25829, 43.46005 ], [ 2.22288, 43.43152 ], [ 2.23016, 43.40544 ], [ 2.21515, 43.38227 ], [ 2.18706, 43.39414 ], [ 2.17043, 43.41654 ], [ 2.10932, 43.39441 ], [ 2.07325, 43.39496 ], [ 2.05294, 43.43045 ], [ 2.0291, 43.43674 ], [ 2.03738, 43.42219 ], [ 1.98802, 43.40744 ], [ 1.95421, 43.4265 ], [ 1.94946, 43.41937 ], [ 1.91908, 43.42136 ], [ 1.90466, 43.39344 ], [ 1.89568, 43.3969 ], [ 1.90484, 43.40768 ], [ 1.8966, 43.41774 ], [ 1.85624, 43.44355 ], [ 1.84274, 43.43272 ], [ 1.84222, 43.41481 ], [ 1.82775, 43.41856 ], [ 1.8172, 43.411 ], [ 1.82619, 43.39485 ], [ 1.80305, 43.39257 ], [ 1.81351, 43.34141 ], [ 1.78247, 43.34618 ], [ 1.77268, 43.33655 ], [ 1.75145, 43.34962 ], [ 1.73334, 43.335 ], [ 1.7226, 43.34155 ], [ 1.73584, 43.31413 ], [ 1.70374, 43.30266 ], [ 1.71598, 43.29533 ], [ 1.68843, 43.27355 ], [ 1.70261, 43.25652 ], [ 1.69528, 43.24673 ], [ 1.72391, 43.22443 ], [ 1.71101, 43.18689 ], [ 1.74087, 43.1841 ], [ 1.78343, 43.15123 ] ] ] } },
{ "type": "Feature", "properties": { "dep_code": "12", "dep_name": "Aveyron" }, "geometry": { "type": "Polygon", "coordinates": [ [ [ 2.16914, 44.59153 ], [ 2.15385, 44.57183 ], [ 2.13271, 44.56951 ], [ 2.12514, 44.5794 ], [ 2.10379, 44.57149 ], [ 2.08206, 44.58729 ], [ 2.06436, 44.56544 ], [ 2.05859, 44.5834 ], [ 2.03551, 44.57159 ], [ 2.03314, 44.56013 ], [ 1.98695, 44.55036 ], [ 1.96028, 44.51994 ], [ 1.9127, 44.50498 ], [ 1.91698, 44.48649 ], [ 1.88941, 44.5058 ], [ 1.88422, 44.48452 ], [ 1.84069, 44.48066 ], [ 1.85337, 44.46301 ], [ 1.84955, 44.43612 ], [ 1.87338, 44.42366 ], [ 1.86706, 44.39773 ], [ 1.91205, 44.35692 ], [ 1.9089, 44.35007 ], [ 1.89195, 44.35298 ], [ 1.88562, 44.33526 ], [ 1.86108, 44.3236 ], [ 1.88181, 44.30439 ], [ 1.86871, 44.29211 ], [ 1.90068, 44.2791 ], [ 1.97091, 44.27586 ], [ 1.96203, 44.24232 ], [ 1.9334, 44.24589 ], [ 1.91171, 44.21419 ], [ 1.89067, 44.21346 ], [ 1.90736, 44.20056 ], [ 1.90289, 44.19295 ], [ 1.91129, 44.18544 ], [ 1.93341, 44.18798 ], [ 1.94071, 44.16976 ], [ 1.94461, 44.18246 ], [ 1.97805, 44.17952 ], [ 1.97674, 44.16204 ], [ 2.0009, 44.15904 ], [ 1.99017, 44.14948 ], [ 2.02989, 44.15702 ], [ 2.02896, 44.16872 ], [ 2.05987, 44.17251 ], [ 2.05252, 44.18889 ], [ 2.06884, 44.1897 ], [ 2.08033, 44.17987 ], [ 2.09561, 44.18883 ], [ 2.09627, 44.17431 ], [ 2.10776, 44.18181 ], [ 2.10488, 44.19396 ], [ 2.14847, 44.2009 ], [ 2.16209, 44.18773 ], [ 2.15423, 44.18123 ], [ 2.18104, 44.17881 ], [ 2.19153, 44.16208 ], [ 2.20647, 44.17138 ], [ 2.23552, 44.16385 ], [ 2.23248, 44.15461 ], [ 2.19965, 44.14365 ], [ 2.19216, 44.14921 ], [ 2.18183, 44.13855 ], [ 2.23742, 44.13398 ], [ 2.2612, 44.14603 ], [ 2.28483, 44.14546 ], [ 2.29792, 44.138 ], [ 2.28905, 44.12188 ], [ 2.33216, 44.12329 ], [ 2.35903, 44.10096 ], [ 2.38933, 44.09451 ], [ 2.41188, 44.06992 ], [ 2.41026, 44.05575 ], [ 2.4604, 44.05104 ], [ 2.46202, 44.03368 ], [ 2.49138, 44.01881 ], [ 2.50202, 43.98548 ], [ 2.52527, 43.97716 ], [ 2.49899, 43.94514 ], [ 2.53316, 43.93668 ], [ 2.5371, 43.92506 ], [ 2.55307, 43.92594 ], [ 2.55046, 43.89235 ], [ 2.58013, 43.87882 ], [ 2.56376, 43.8656 ], [ 2.56399, 43.84154 ], [ 2.66978, 43.7498 ], [ 2.74223, 43.72896 ], [ 2.78126, 43.73692 ], [ 2.78806, 43.75262 ], [ 2.82293, 43.76223 ], [ 2.8696, 43.73888 ], [ 2.92116, 43.73614 ], [ 2.9382, 43.69061 ], [ 2.98495, 43.709 ], [ 3.02728, 43.69264 ], [ 3.06084, 43.69286 ], [ 3.0694, 43.70677 ], [ 3.05345, 43.71629 ], [ 3.05246, 43.74585 ], [ 3.07596, 43.76847 ], [ 3.04871, 43.80067 ], [ 3.06364, 43.80905 ], [ 3.06193, 43.83409 ], [ 3.08649, 43.83589 ], [ 3.12872, 43.81702 ], [ 3.18084, 43.81268 ], [ 3.21283, 43.81342 ], [ 3.24914, 43.82966 ], [ 3.23768, 43.87045 ], [ 3.2695, 43.89752 ], [ 3.343, 43.89431 ], [ 3.35864, 43.91412 ], [ 3.35659, 43.94882 ], [ 3.37565, 43.95595 ], [ 3.37736, 43.96751 ], [ 3.40586, 43.96974 ], [ 3.41797, 43.99299 ], [ 3.44017, 43.99813 ], [ 3.45176, 44.02181 ], [ 3.40001, 44.04364 ], [ 3.39005, 44.05721 ], [ 3.35266, 44.04991 ], [ 3.32891, 44.07903 ], [ 3.29398, 44.06752 ], [ 3.26245, 44.09318 ], [ 3.32416, 44.1086 ], [ 3.3203, 44.1359 ], [ 3.33227, 44.14179 ], [ 3.33462, 44.15882 ], [ 3.37401, 44.17097 ], [ 3.35741, 44.19323 ], [ 3.36281, 44.20151 ], [ 3.2938, 44.20707 ], [ 3.28864, 44.19972 ], [ 3.20382, 44.18995 ], [ 3.23056, 44.23026 ], [ 3.19203, 44.24073 ], [ 3.18849, 44.24947 ], [ 3.16176, 44.24466 ], [ 3.1477, 44.27646 ], [ 3.1383, 44.26389 ], [ 3.12017, 44.26184 ], [ 3.12242, 44.28537 ], [ 3.15434, 44.30845 ], [ 3.14494, 44.31823 ], [ 3.15413, 44.33119 ], [ 3.13374, 44.33027 ], [ 3.13201, 44.35729 ], [ 3.11938, 44.364 ], [ 3.11776, 44.38434 ], [ 3.14046, 44.39224 ], [ 3.1372, 44.41092 ], [ 3.12678, 44.41415 ], [ 3.14165, 44.42623 ], [ 3.1369, 44.45622 ], [ 3.06828, 44.50206 ], [ 3.08417, 44.55951 ], [ 3.07628, 44.57257 ], [ 3.03194, 44.5977 ], [ 2.93837, 44.67849 ], [ 2.9444, 44.68469 ], [ 2.92311, 44.72858 ], [ 2.93368, 44.74987 ], [ 2.91163, 44.76173 ], [ 2.91583, 44.76745 ], [ 2.93073, 44.76176 ], [ 2.93752, 44.77505 ], [ 2.92038, 44.79426 ], [ 2.90412, 44.7836 ], [ 2.88766, 44.78914 ], [ 2.85962, 44.83924 ], [ 2.86581, 44.84701 ], [ 2.85461, 44.85067 ], [ 2.85975, 44.87442 ], [ 2.80316, 44.87412 ], [ 2.77362, 44.85479 ], [ 2.77544, 44.91139 ], [ 2.75607, 44.93265 ], [ 2.74228, 44.92891 ], [ 2.7384, 44.94144 ], [ 2.72377, 44.92455 ], [ 2.71359, 44.92713 ], [ 2.70828, 44.90834 ], [ 2.68014, 44.90698 ], [ 2.6542, 44.86963 ], [ 2.62898, 44.87247 ], [ 2.60268, 44.84316 ], [ 2.61144, 44.83092 ], [ 2.59662, 44.82006 ], [ 2.60046, 44.79365 ], [ 2.56228, 44.77767 ], [ 2.56126, 44.75861 ], [ 2.54997, 44.75515 ], [ 2.55594, 44.73365 ], [ 2.54434, 44.72526 ], [ 2.55993, 44.7315 ], [ 2.56056, 44.72061 ], [ 2.49958, 44.68981 ], [ 2.48391, 44.65076 ], [ 2.47086, 44.6516 ], [ 2.46773, 44.64286 ], [ 2.4467, 44.64834 ], [ 2.43428, 44.63886 ], [ 2.38007, 44.65146 ], [ 2.35339, 44.64013 ], [ 2.33306, 44.64884 ], [ 2.32681, 44.66993 ], [ 2.30544, 44.66231 ], [ 2.28518, 44.6669 ], [ 2.25091, 44.652 ], [ 2.22861, 44.65571 ], [ 2.20842, 44.64384 ], [ 2.22072, 44.62335 ], [ 2.20779, 44.61577 ], [ 2.21089, 44.60481 ], [ 2.19407, 44.6001 ], [ 2.20189, 44.59623 ], [ 2.19442, 44.58538 ], [ 2.16914, 44.59153 ] ] ] } },
{ "type": "Feature", "properties": { "dep_code": "13", "dep_name": "Bouches-du-Rhône" }, "geometry": { "type": "MultiPolygon", "coordinates": [ [ [ [ 4.88147, 43.35798 ], [ 4.88092, 43.35857 ], [ 4.88086, 43.35776 ], [ 4.88147, 43.35798 ] ] ], [ [ [ 4.87665, 43.35973 ], [ 4.87756, 43.35634 ], [ 4.87913, 43.35685 ], [ 4.87665, 43.35973 ] ] ], [ [ [ 4.87511, 43.36169 ], [ 4.8756, 43.36067 ], [ 4.87629, 43.36109 ], [ 4.87511, 43.36169 ] ] ], [ [ [ 4.87364, 43.36437 ], [ 4.87351, 43.36454 ], [ 4.87364, 43.36416 ], [ 4.87364, 43.36437 ] ] ], [ [ [ 4.87359, 43.36849 ], [ 4.87513, 43.36199 ], [ 4.87707, 43.36368 ], [ 4.87359, 43.36849 ] ] ], [ [ [ 4.87386, 43.36533 ], [ 4.87391, 43.36519 ], [ 4.87419, 43.36529 ], [ 4.87386, 43.36533 ] ] ], [ [ [ 4.88152, 43.36775 ], [ 4.88114, 43.36752 ], [ 4.88139, 43.3673 ], [ 4.88152, 43.36775 ] ] ], [ [ [ 4.88969, 43.36796 ], [ 4.88872, 43.3678 ], [ 4.88876, 43.36762 ], [ 4.88969, 43.36796 ] ] ], [ [ [ 4.88591, 43.36821 ], [ 4.88368, 43.36782 ], [ 4.88779, 43.36774 ], [ 4.88591, 43.36821 ] ] ], [ [ [ 4.88253, 43.368 ], [ 4.88234, 43.36779 ], [ 4.88318, 43.36775 ], [ 4.88253, 43.368 ] ] ], [ [ [ 4.87947, 43.36806 ], [ 4.88012, 43.36776 ], [ 4.88057, 43.36777 ], [ 4.87947, 43.36806 ] ] ], [ [ [ 4.87887, 43.36819 ], [ 4.87797, 43.36834 ], [ 4.87872, 43.36814 ], [ 4.87887, 43.36819 ] ] ], [ [ [ 4.89001, 43.36804 ], [ 4.89013, 43.36777 ], [ 4.89034, 43.36795 ], [ 4.89001, 43.36804 ] ] ], [ [ [ 4.85621, 43.37098 ], [ 4.85678, 43.371 ], [ 4.85612, 43.37118 ], [ 4.85621, 43.37098 ] ] ], [ [ [ 4.87337, 43.37237 ], [ 4.87246, 43.37267 ], [ 4.87237, 43.37256 ], [ 4.87337, 43.37237 ] ] ], [ [ [ 4.87086, 43.37395 ], [ 4.87082, 43.37371 ], [ 4.87249, 43.37286 ], [ 4.87086, 43.37395 ] ] ], [ [ [ 4.84295, 43.37432 ], [ 4.84353, 43.374 ], [ 4.84347, 43.37458 ], [ 4.84295, 43.37432 ] ] ], [ [ [ 4.8471, 43.37608 ], [ 4.84648, 43.37637 ], [ 4.84641, 43.37541 ], [ 4.8471, 43.37608 ] ] ], [ [ [ 4.85091, 43.37629 ], [ 4.85061, 43.37688 ], [ 4.85065, 43.37654 ], [ 4.85091, 43.37629 ] ] ], [ [ [ 4.85755, 43.37808 ], [ 4.85593, 43.3774 ], [ 4.85875, 43.37775 ], [ 4.85755, 43.37808 ] ] ], [ [ [ 4.98658, 43.39397 ], [ 4.9851, 43.39404 ], [ 4.98568, 43.39321 ], [ 4.98658, 43.39397 ] ] ], [ [ [ 4.99306, 43.39735 ], [ 4.99456, 43.39588 ], [ 4.99485, 43.39606 ], [ 4.99306, 43.39735 ] ] ], [ [ [ 4.99447, 43.39825 ], [ 4.99598, 43.39678 ], [ 4.99626, 43.39696 ], [ 4.99447, 43.39825 ] ] ], [ [ [ 4.99616, 43.3993 ], [ 4.99808, 43.39747 ], [ 4.99837, 43.39766 ], [ 4.99616, 43.3993 ] ] ], [ [ [ 4.9995, 43.39963 ], [ 4.99934, 43.39959 ], [ 4.99956, 43.39934 ], [ 4.9995, 43.39963 ] ] ], [ [ [ 5.05074, 43.40393 ], [ 5.05541, 43.40456 ], [ 5.04867, 43.40394 ], [ 5.05074, 43.40393 ] ] ], [ [ [ 4.45949, 43.58825 ], [ 4.42473, 43.58498 ], [ 4.40298, 43.57319 ], [ 4.41655, 43.57154 ], [ 4.40878, 43.56082 ], [ 4.38771, 43.56243 ], [ 4.33431, 43.53539 ], [ 4.3139, 43.55562 ], [ 4.30772, 43.54583 ], [ 4.32469, 43.52824 ], [ 4.23974, 43.4992 ], [ 4.23021, 43.46049 ], [ 4.40174, 43.44645 ], [ 4.45852, 43.45854 ], [ 4.5365, 43.45153 ], [ 4.57213, 43.43798 ], [ 4.5899, 43.41929 ], [ 4.59519, 43.40628 ], [ 4.55158, 43.38598 ], [ 4.58363, 43.36232 ], [ 4.65982, 43.34544 ], [ 4.77455, 43.34844 ], [ 4.83544, 43.32872 ], [ 4.86222, 43.33347 ], [ 4.91779, 43.38217 ], [ 4.91045, 43.39064 ], [ 4.91289, 43.37868 ], [ 4.8899, 43.35976 ], [ 4.88323, 43.3638 ], [ 4.88313, 43.35518 ], [ 4.87746, 43.3561 ], [ 4.86668, 43.36931 ], [ 4.85819, 43.36741 ], [ 4.85112, 43.37698 ], [ 4.85206, 43.37502 ], [ 4.84965, 43.37214 ], [ 4.84697, 43.37438 ], [ 4.84876, 43.37051 ], [ 4.82858, 43.37564 ], [ 4.87172, 43.39029 ], [ 4.84523, 43.38786 ], [ 4.84123, 43.38497 ], [ 4.80757, 43.38379 ], [ 4.80947, 43.38816 ], [ 4.854, 43.38949 ], [ 4.83588, 43.39766 ], [ 4.8412, 43.40375 ], [ 4.86098, 43.40029 ], [ 4.85979, 43.40164 ], [ 4.85654, 43.40393 ], [ 4.82339, 43.42454 ], [ 4.82819, 43.42986 ], [ 4.8663, 43.40476 ], [ 4.87662, 43.41074 ], [ 4.84992, 43.45087 ], [ 4.86057, 43.45408 ], [ 4.88219, 43.41953 ], [ 4.90566, 43.43008 ], [ 4.88484, 43.41374 ], [ 4.89332, 43.40445 ], [ 4.89017, 43.41412 ], [ 4.90192, 43.41167 ], [ 4.9104, 43.42772 ], [ 4.93143, 43.43317 ], [ 4.96926, 43.42539 ], [ 4.9827, 43.3962 ], [ 4.98678, 43.4064 ], [ 4.98867, 43.40227 ], [ 4.9922, 43.40507 ], [ 5.03944, 43.40268 ], [ 5.05399, 43.40743 ], [ 5.0593, 43.40663 ], [ 5.05185, 43.46372 ], [ 5.00016, 43.47491 ], [ 4.99927, 43.50823 ], [ 5.02118, 43.55645 ], [ 5.04577, 43.52135 ], [ 5.06144, 43.52809 ], [ 5.11434, 43.52271 ], [ 5.12281, 43.50666 ], [ 5.11248, 43.50643 ], [ 5.14162, 43.45934 ], [ 5.15792, 43.45523 ], [ 5.16109, 43.46226 ], [ 5.15473, 43.45873 ], [ 5.1535, 43.45985 ], [ 5.16363, 43.47189 ], [ 5.20536, 43.49216 ], [ 5.22351, 43.48292 ], [ 5.22994, 43.46521 ], [ 5.22559, 43.45204 ], [ 5.20847, 43.44384 ], [ 5.19811, 43.45108 ], [ 5.20412, 43.44182 ], [ 5.1371, 43.3995 ], [ 4.99711, 43.40238 ], [ 5.00104, 43.39821 ], [ 4.98612, 43.39259 ], [ 5.02552, 43.3557 ], [ 5.01877, 43.34227 ], [ 5.04143, 43.32744 ], [ 5.08834, 43.33292 ], [ 5.15235, 43.32605 ], [ 5.17494, 43.33447 ], [ 5.22917, 43.32872 ], [ 5.3037, 43.35881 ], [ 5.29387, 43.35976 ], [ 5.30828, 43.36168 ], [ 5.32413, 43.35748 ], [ 5.32664, 43.3546 ], [ 5.31256, 43.35514 ], [ 5.32064, 43.34909 ], [ 5.32449, 43.35459 ], [ 5.34112, 43.34513 ], [ 5.32849, 43.34469 ], [ 5.35114, 43.33479 ], [ 5.36463, 43.31446 ], [ 5.35862, 43.29807 ], [ 5.36204, 43.2947 ], [ 5.374, 43.29435 ], [ 5.36439, 43.29115 ], [ 5.35547, 43.29529 ], [ 5.35475, 43.28944 ], [ 5.34857, 43.28226 ], [ 5.34569, 43.28248 ], [ 5.362, 43.27405 ], [ 5.36761, 43.26612 ], [ 5.37046, 43.26776 ], [ 5.37575, 43.25776 ], [ 5.33698, 43.21368 ], [ 5.36391, 43.20727 ], [ 5.40249, 43.21397 ], [ 5.45122, 43.20121 ], [ 5.45494, 43.20282 ], [ 5.44332, 43.21285 ], [ 5.45434, 43.21208 ], [ 5.49288, 43.20387 ], [ 5.50045, 43.19717 ], [ 5.53714, 43.21477 ], [ 5.57016, 43.17448 ], [ 5.59736, 43.16667 ], [ 5.60468, 43.16025 ], [ 5.62365, 43.18681 ], [ 5.65091, 43.18858 ], [ 5.67193, 43.17952 ], [ 5.68248, 43.23542 ], [ 5.76078, 43.26737 ], [ 5.7629, 43.2823 ], [ 5.72671, 43.31725 ], [ 5.69104, 43.31298 ], [ 5.66914, 43.31941 ], [ 5.669, 43.31994 ], [ 5.67785, 43.32088 ], [ 5.68052, 43.32055 ], [ 5.68533, 43.32268 ], [ 5.68639, 43.3402 ], [ 5.70497, 43.3559 ], [ 5.68272, 43.39912 ], [ 5.7013, 43.40806 ], [ 5.75511, 43.40235 ], [ 5.78839, 43.42039 ], [ 5.75077, 43.43446 ], [ 5.7278, 43.46694 ], [ 5.69885, 43.48221 ], [ 5.7159, 43.50354 ], [ 5.72525, 43.55117 ], [ 5.66814, 43.56494 ], [ 5.65591, 43.57784 ], [ 5.69183, 43.58457 ], [ 5.6781, 43.61128 ], [ 5.69912, 43.64321 ], [ 5.74461, 43.65678 ], [ 5.79953, 43.65983 ], [ 5.81343, 43.68914 ], [ 5.78827, 43.69662 ], [ 5.78774, 43.71635 ], [ 5.77668, 43.72244 ], [ 5.75348, 43.72462 ], [ 5.714, 43.69127 ], [ 5.67353, 43.69364 ], [ 5.6071, 43.65872 ], [ 5.48811, 43.66744 ], [ 5.33908, 43.7202 ], [ 5.31663, 43.73613 ], [ 5.24273, 43.74762 ], [ 5.18777, 43.73507 ], [ 5.17335, 43.7388 ], [ 5.04629, 43.79096 ], [ 5.03002, 43.82735 ], [ 4.96616, 43.87182 ], [ 4.85305, 43.91131 ], [ 4.73928, 43.92413 ], [ 4.69287, 43.88453 ], [ 4.64208, 43.86753 ], [ 4.64126, 43.85111 ], [ 4.66676, 43.84661 ], [ 4.64233, 43.83106 ], [ 4.65526, 43.8073 ], [ 4.65157, 43.7825 ], [ 4.61271, 43.72702 ], [ 4.62732, 43.6854 ], [ 4.59545, 43.68691 ], [ 4.53861, 43.70763 ], [ 4.48556, 43.69863 ], [ 4.47765, 43.67284 ], [ 4.45146, 43.66458 ], [ 4.42631, 43.625 ], [ 4.4399, 43.61077 ], [ 4.47415, 43.61017 ], [ 4.45949, 43.58825 ] ] ], [ [ [ 5.22884, 43.19913 ], [ 5.2288, 43.19758 ], [ 5.23143, 43.19862 ], [ 5.22884, 43.19913 ] ] ], [ [ [ 5.33357, 43.2094 ], [ 5.34007, 43.20913 ], [ 5.3386, 43.21261 ], [ 5.33357, 43.2094 ] ] ], [ [ [ 5.32505, 43.21369 ], [ 5.32817, 43.21374 ], [ 5.32754, 43.21482 ], [ 5.32505, 43.21369 ] ] ], [ [ [ 5.30229, 43.27036 ], [ 5.30135, 43.2698 ], [ 5.30344, 43.27003 ], [ 5.30229, 43.27036 ] ] ], [ [ [ 5.29476, 43.27039 ], [ 5.29501, 43.27035 ], [ 5.29496, 43.27059 ], [ 5.29476, 43.27039 ] ] ], [ [ [ 5.28963, 43.26054 ], [ 5.3014, 43.27213 ], [ 5.31121, 43.2746 ], [ 5.30362, 43.27877 ], [ 5.32398, 43.28636 ], [ 5.29235, 43.28075 ], [ 5.30352, 43.27621 ], [ 5.29655, 43.2695 ], [ 5.28963, 43.26054 ] ] ], [ [ [ 5.28547, 43.27937 ], [ 5.28596, 43.27882 ], [ 5.28734, 43.27927 ], [ 5.28547, 43.27937 ] ] ], [ [ [ 5.30737, 43.27976 ], [ 5.30775, 43.27962 ], [ 5.30815, 43.27999 ], [ 5.30737, 43.27976 ] ] ], [ [ [ 5.32457, 43.28048 ], [ 5.3244, 43.27904 ], [ 5.32793, 43.28007 ], [ 5.32457, 43.28048 ] ] ], [ [ [ 5.29282, 43.28239 ], [ 5.29256, 43.28223 ], [ 5.29273, 43.28213 ], [ 5.29282, 43.28239 ] ] ], [ [ [ 5.2975, 43.28218 ], [ 5.29807, 43.2822 ], [ 5.2981, 43.28227 ], [ 5.2975, 43.28218 ] ] ], [ [ [ 5.29735, 43.28264 ], [ 5.29741, 43.28238 ], [ 5.29768, 43.28241 ], [ 5.29735, 43.28264 ] ] ], [ [ [ 5.08022, 43.32432 ], [ 5.08029, 43.32485 ], [ 5.08001, 43.32467 ], [ 5.08022, 43.32432 ] ] ], [ [ [ 5.18372, 43.32981 ], [ 5.18382, 43.32974 ], [ 5.18398, 43.33028 ], [ 5.18372, 43.32981 ] ] ], [ [ [ 5.1789, 43.3306 ], [ 5.17878, 43.33058 ], [ 5.17892, 43.33011 ], [ 5.1789, 43.3306 ] ] ], [ [ [ 5.20267, 43.33033 ], [ 5.20205, 43.33045 ], [ 5.20253, 43.33025 ], [ 5.20267, 43.33033 ] ] ], [ [ [ 5.23684, 43.32984 ], [ 5.23685, 43.33021 ], [ 5.23513, 43.32976 ], [ 5.23684, 43.32984 ] ] ], [ [ [ 5.20428, 43.33082 ], [ 5.20363, 43.33084 ], [ 5.20498, 43.33067 ], [ 5.20428, 43.33082 ] ] ], [ [ [ 5.26163, 43.34039 ], [ 5.26169, 43.34033 ], [ 5.26186, 43.34033 ], [ 5.26163, 43.34039 ] ] ], [ [ [ 5.31688, 43.35736 ], [ 5.31672, 43.35736 ], [ 5.31755, 43.35693 ], [ 5.31688, 43.35736 ] ] ], [ [ [ 5.31632, 43.35678 ], [ 5.31601, 43.35706 ], [ 5.31328, 43.35808 ], [ 5.31632, 43.35678 ] ] ], [ [ [ 5.30808, 43.36012 ], [ 5.30191, 43.35989 ], [ 5.30789, 43.36 ], [ 5.30808, 43.36012 ] ] ], [ [ [ 5.31264, 43.36052 ], [ 5.31078, 43.36067 ], [ 5.31249, 43.35977 ], [ 5.31264, 43.36052 ] ] ], [ [ [ 5.05477, 43.40676 ], [ 5.0502, 43.40463 ], [ 5.05685, 43.40476 ], [ 5.05477, 43.40676 ] ] ], [ [ [ 5.15558, 43.46081 ], [ 5.15535, 43.45957 ], [ 5.15584, 43.45983 ], [ 5.15558, 43.46081 ] ] ], [ [ [ 5.15955, 43.46301 ], [ 5.15873, 43.4626 ], [ 5.15878, 43.46254 ], [ 5.15955, 43.46301 ] ] ], [ [ [ 5.11338, 43.51092 ], [ 5.11233, 43.50708 ], [ 5.11945, 43.5083 ], [ 5.11338, 43.51092 ] ] ], [ [ [ 5.61538, 43.15942 ], [ 5.61929, 43.15739 ], [ 5.62097, 43.15921 ], [ 5.61538, 43.15942 ] ] ], [ [ [ 5.60768, 43.16387 ], [ 5.60788, 43.16337 ], [ 5.60804, 43.16362 ], [ 5.60768, 43.16387 ] ] ], [ [ [ 5.59753, 43.16442 ], [ 5.59757, 43.16405 ], [ 5.59788, 43.16445 ], [ 5.59753, 43.16442 ] ] ], [ [ [ 5.60811, 43.16407 ], [ 5.60782, 43.1643 ], [ 5.60772, 43.16404 ], [ 5.60811, 43.16407 ] ] ], [ [ [ 5.39449, 43.17007 ], [ 5.39404, 43.16988 ], [ 5.3945, 43.16965 ], [ 5.39449, 43.17007 ] ] ], [ [ [ 5.59669, 43.16591 ], [ 5.59651, 43.16539 ], [ 5.59704, 43.16614 ], [ 5.59669, 43.16591 ] ] ], [ [ [ 5.39988, 43.17586 ], [ 5.40048, 43.17519 ], [ 5.40268, 43.17629 ], [ 5.39988, 43.17586 ] ] ], [ [ [ 5.37057, 43.17645 ], [ 5.37071, 43.17652 ], [ 5.37023, 43.177 ], [ 5.37057, 43.17645 ] ] ], [ [ [ 5.39869, 43.17373 ], [ 5.38066, 43.18083 ], [ 5.37758, 43.17928 ], [ 5.37486, 43.1795 ], [ 5.39869, 43.17373 ] ] ], [ [ [ 5.39584, 43.17876 ], [ 5.39676, 43.17873 ], [ 5.39537, 43.17913 ], [ 5.39584, 43.17876 ] ] ], [ [ [ 5.37885, 43.18033 ], [ 5.37923, 43.18026 ], [ 5.37929, 43.18045 ], [ 5.37885, 43.18033 ] ] ], [ [ [ 5.38428, 43.1871 ], [ 5.39155, 43.18616 ], [ 5.3844, 43.18811 ], [ 5.38428, 43.1871 ] ] ], [ [ [ 5.36175, 43.19708 ], [ 5.37167, 43.19389 ], [ 5.36291, 43.19995 ], [ 5.36175, 43.19708 ] ] ], [ [ [ 5.35659, 43.19963 ], [ 5.35848, 43.19939 ], [ 5.35751, 43.20135 ], [ 5.35659, 43.19963 ] ] ], [ [ [ 5.48109, 43.20452 ], [ 5.48091, 43.20481 ], [ 5.48109, 43.20423 ], [ 5.48109, 43.20452 ] ] ], [ [ [ 5.45691, 43.21014 ], [ 5.45718, 43.21018 ], [ 5.45626, 43.21073 ], [ 5.45691, 43.21014 ] ] ], [ [ [ 5.40542, 43.21211 ], [ 5.40511, 43.21214 ], [ 5.40525, 43.21192 ], [ 5.40542, 43.21211 ] ] ], [ [ [ 5.39734, 43.21212 ], [ 5.39742, 43.21239 ], [ 5.39687, 43.21224 ], [ 5.39734, 43.21212 ] ] ], [ [ [ 5.34775, 43.22791 ], [ 5.34754, 43.22782 ], [ 5.34775, 43.22763 ], [ 5.34775, 43.22791 ] ] ], [ [ [ 5.3703, 43.26123 ], [ 5.37024, 43.26271 ], [ 5.36997, 43.26262 ], [ 5.3703, 43.26123 ] ] ], [ [ [ 5.36115, 43.2733 ], [ 5.36193, 43.2725 ], [ 5.36116, 43.27353 ], [ 5.36115, 43.2733 ] ] ], [ [ [ 5.34391, 43.2777 ], [ 5.34354, 43.27723 ], [ 5.34416, 43.27722 ], [ 5.34391, 43.2777 ] ] ], [ [ [ 5.34465, 43.27986 ], [ 5.34411, 43.27966 ], [ 5.34467, 43.27865 ], [ 5.34465, 43.27986 ] ] ], [ [ [ 5.34723, 43.28347 ], [ 5.34748, 43.28352 ], [ 5.34742, 43.28372 ], [ 5.34723, 43.28347 ] ] ], [ [ [ 5.34663, 43.28406 ], [ 5.34624, 43.28376 ], [ 5.3465, 43.2836 ], [ 5.34663, 43.28406 ] ] ], [ [ [ 5.35003, 43.28917 ], [ 5.35039, 43.28924 ], [ 5.34556, 43.29148 ], [ 5.35003, 43.28917 ] ] ], [ [ [ 5.31836, 43.34748 ], [ 5.36103, 43.30897 ], [ 5.35292, 43.29706 ], [ 5.3583, 43.29919 ], [ 5.36154, 43.30858 ], [ 5.36091, 43.31111 ], [ 5.34139, 43.33461 ], [ 5.34014, 43.33561 ], [ 5.33387, 43.33781 ], [ 5.32825, 43.34216 ], [ 5.31836, 43.34748 ] ] ] ] } },
{ "type": "Feature", "properties": { "dep_code": "14", "dep_name": "Calvados" }, "geometry": { "type": "MultiPolygon", "coordinates": [ [ [ [ -0.43138, 48.86576 ], [ -0.43339, 48.86594 ], [ -0.43301, 48.86317 ], [ -0.43138, 48.86576 ] ] ], [ [ [ -1.11242, 49.32627 ], [ -1.09956, 49.31981 ], [ -1.1101, 49.32403 ], [ -1.11308, 49.32626 ], [ -1.14028, 49.30876 ], [ -1.13432, 49.28605 ], [ -1.12045, 49.28013 ], [ -1.1348, 49.27846 ], [ -1.13553, 49.27009 ], [ -1.09775, 49.25524 ], [ -1.07469, 49.23213 ], [ -1.03508, 49.22064 ], [ -1.02393, 49.20359 ], [ -0.97371, 49.19153 ], [ -0.94659, 49.21524 ], [ -0.93119, 49.21661 ], [ -0.92609, 49.23222 ], [ -0.90104, 49.20292 ], [ -0.88697, 49.20178 ], [ -0.91457, 49.19159 ], [ -0.90381, 49.18463 ], [ -0.91599, 49.18453 ], [ -0.92578, 49.16405 ], [ -0.94987, 49.16769 ], [ -0.95854, 49.16137 ], [ -0.93157, 49.15817 ], [ -0.94071, 49.15252 ], [ -0.93328, 49.14608 ], [ -0.88653, 49.12932 ], [ -0.92492, 49.10153 ], [ -0.89129, 49.11971 ], [ -0.87857, 49.11681 ], [ -0.86935, 49.06763 ], [ -0.89213, 49.04633 ], [ -0.86102, 49.03104 ], [ -0.90515, 49.01157 ], [ -0.94279, 48.96805 ], [ -0.98912, 48.95192 ], [ -1.0044, 48.9356 ], [ -1.03253, 48.93814 ], [ -1.066, 48.92032 ], [ -1.02056, 48.92757 ], [ -1.01356, 48.91523 ], [ -1.07018, 48.87078 ], [ -1.09147, 48.87983 ], [ -1.12152, 48.84826 ], [ -1.15725, 48.83631 ], [ -1.15436, 48.82241 ], [ -1.10246, 48.81427 ], [ -1.09119, 48.7932 ], [ -1.10169, 48.79083 ], [ -1.08129, 48.77742 ], [ -1.05883, 48.77345 ], [ -1.04389, 48.78357 ], [ -1.01431, 48.77194 ], [ -0.99133, 48.7782 ], [ -0.97118, 48.77275 ], [ -0.96741, 48.7861 ], [ -0.95129, 48.78919 ], [ -0.93665, 48.77495 ], [ -0.89364, 48.76744 ], [ -0.88251, 48.75619 ], [ -0.82201, 48.77168 ], [ -0.84119, 48.75238 ], [ -0.82174, 48.75281 ], [ -0.78066, 48.78659 ], [ -0.71354, 48.8001 ], [ -0.68209, 48.82187 ], [ -0.70564, 48.83688 ], [ -0.69385, 48.84738 ], [ -0.64362, 48.84111 ], [ -0.6455, 48.82728 ], [ -0.58059, 48.83804 ], [ -0.57116, 48.83024 ], [ -0.54881, 48.84803 ], [ -0.49932, 48.84702 ], [ -0.4964, 48.85843 ], [ -0.4763, 48.85889 ], [ -0.46351, 48.87146 ], [ -0.43397, 48.86881 ], [ -0.43252, 48.87503 ], [ -0.42639, 48.86558 ], [ -0.40632, 48.87006 ], [ -0.38568, 48.84513 ], [ -0.36033, 48.84813 ], [ -0.3733, 48.83495 ], [ -0.34559, 48.82194 ], [ -0.32654, 48.83998 ], [ -0.33017, 48.85643 ], [ -0.30604, 48.85844 ], [ -0.29894, 48.84925 ], [ -0.26171, 48.85363 ], [ -0.21334, 48.84024 ], [ -0.20502, 48.84679 ], [ -0.16998, 48.82473 ], [ -0.1277, 48.81647 ], [ -0.14638, 48.83461 ], [ -0.12333, 48.83968 ], [ -0.12594, 48.84727 ], [ -0.11515, 48.83923 ], [ -0.06687, 48.83968 ], [ -0.02682, 48.87655 ], [ -0.0061, 48.87241 ], [ -0.00703, 48.88569 ], [ 0.05624, 48.90179 ], [ 0.07051, 48.93178 ], [ 0.08105, 48.93838 ], [ 0.10068, 48.93438 ], [ 0.12686, 48.95214 ], [ 0.15392, 48.92448 ], [ 0.17961, 48.92958 ], [ 0.19522, 48.94354 ], [ 0.23244, 48.93929 ], [ 0.24512, 48.95938 ], [ 0.26367, 48.96485 ], [ 0.28033, 48.96321 ], [ 0.27743, 48.95004 ], [ 0.30846, 48.95437 ], [ 0.33289, 48.94262 ], [ 0.35851, 48.95064 ], [ 0.37746, 48.97254 ], [ 0.4063, 48.96324 ], [ 0.40017, 48.9528 ], [ 0.41343, 48.9502 ], [ 0.4315, 48.96659 ], [ 0.42479, 48.98515 ], [ 0.44242, 49.02475 ], [ 0.39019, 49.03395 ], [ 0.367, 49.05223 ], [ 0.39107, 49.07795 ], [ 0.41795, 49.0737 ], [ 0.41622, 49.08823 ], [ 0.39768, 49.08962 ], [ 0.41536, 49.09512 ], [ 0.39858, 49.09896 ], [ 0.40105, 49.11082 ], [ 0.40832, 49.1285 ], [ 0.43318, 49.14069 ], [ 0.38578, 49.15374 ], [ 0.39482, 49.2095 ], [ 0.3381, 49.23075 ], [ 0.32048, 49.24823 ], [ 0.38279, 49.26407 ], [ 0.38399, 49.28562 ], [ 0.3624, 49.29725 ], [ 0.34267, 49.29565 ], [ 0.3257, 49.27785 ], [ 0.30893, 49.28326 ], [ 0.3228, 49.29687 ], [ 0.31603, 49.31132 ], [ 0.29786, 49.31444 ], [ 0.32599, 49.34043 ], [ 0.30212, 49.37 ], [ 0.30921, 49.38964 ], [ 0.29688, 49.42992 ], [ 0.22304, 49.42826 ], [ 0.1306, 49.40343 ], [ 0.07555, 49.36733 ], [ 0.08561, 49.36141 ], [ 0.07663, 49.36437 ], [ 0.07103, 49.36861 ], [ -0.00496, 49.32419 ], [ -0.07786, 49.3047 ], [ -0.11127, 49.28577 ], [ -0.10374, 49.2957 ], [ -0.08977, 49.29811 ], [ -0.09385, 49.29851 ], [ -0.10259, 49.29739 ], [ -0.16571, 49.2866 ], [ -0.22917, 49.28613 ], [ -0.2269, 49.28073 ], [ -0.22781, 49.28391 ], [ -0.21745, 49.28498 ], [ -0.21764, 49.28457 ], [ -0.21954, 49.2837 ], [ -0.22152, 49.28368 ], [ -0.22193, 49.28286 ], [ -0.22628, 49.2825 ], [ -0.21965, 49.27065 ], [ -0.24929, 49.26003 ], [ -0.24575, 49.27336 ], [ -0.22716, 49.27621 ], [ -0.24963, 49.28057 ], [ -0.24687, 49.29233 ], [ -0.3031, 49.29869 ], [ -0.39622, 49.33325 ], [ -0.46157, 49.33363 ], [ -0.52818, 49.34578 ], [ -0.60141, 49.33974 ], [ -0.75525, 49.34862 ], [ -0.84176, 49.36032 ], [ -0.9469, 49.39579 ], [ -1.07026, 49.39059 ], [ -1.11869, 49.36061 ], [ -1.11242, 49.32627 ] ] ] ] } },
{ "type": "Feature", "properties": { "dep_code": "15", "dep_name": "Cantal" }, "geometry": { "type": "Polygon", "coordinates": [ [ [ 2.10216, 45.06226 ], [ 2.09945, 45.04773 ], [ 2.14194, 45.00015 ], [ 2.13111, 44.98426 ], [ 2.09315, 44.98592 ], [ 2.06288, 44.97662 ], [ 2.08061, 44.95401 ], [ 2.07646, 44.93409 ], [ 2.10821, 44.91017 ], [ 2.08583, 44.90405 ], [ 2.08363, 44.8863 ], [ 2.12823, 44.84552 ], [ 2.1351, 44.82717 ], [ 2.16805, 44.81069 ], [ 2.16983, 44.77784 ], [ 2.14907, 44.76971 ], [ 2.15452, 44.73637 ], [ 2.12998, 44.69855 ], [ 2.15963, 44.69741 ], [ 2.17926, 44.67448 ], [ 2.16164, 44.66359 ], [ 2.17464, 44.65315 ], [ 2.16872, 44.63892 ], [ 2.20779, 44.61577 ], [ 2.2207, 44.62209 ], [ 2.20842, 44.64384 ], [ 2.21587, 44.65069 ], [ 2.25091, 44.652 ], [ 2.28518, 44.6669 ], [ 2.30544, 44.66231 ], [ 2.32681, 44.66993 ], [ 2.33306, 44.64884 ], [ 2.35339, 44.64013 ], [ 2.38007, 44.65146 ], [ 2.43428, 44.63886 ], [ 2.4467, 44.64834 ], [ 2.46773, 44.64286 ], [ 2.47086, 44.6516 ], [ 2.48391, 44.65076 ], [ 2.49958, 44.68981 ], [ 2.56056, 44.72061 ], [ 2.55993, 44.7315 ], [ 2.54434, 44.72526 ], [ 2.55594, 44.73365 ], [ 2.54997, 44.75515 ], [ 2.56126, 44.75861 ], [ 2.56228, 44.77767 ], [ 2.60046, 44.79365 ], [ 2.59662, 44.82006 ], [ 2.61144, 44.83092 ], [ 2.60268, 44.84316 ], [ 2.62898, 44.87247 ], [ 2.6542, 44.86963 ], [ 2.68014, 44.90698 ], [ 2.70828, 44.90834 ], [ 2.71359, 44.92713 ], [ 2.72377, 44.92455 ], [ 2.7384, 44.94144 ], [ 2.74228, 44.92891 ], [ 2.75607, 44.93265 ], [ 2.77544, 44.91139 ], [ 2.77362, 44.85479 ], [ 2.80316, 44.87412 ], [ 2.85975, 44.87442 ], [ 2.85461, 44.85067 ], [ 2.86581, 44.84701 ], [ 2.85962, 44.83924 ], [ 2.88766, 44.78914 ], [ 2.90412, 44.7836 ], [ 2.92038, 44.79426 ], [ 2.93752, 44.77505 ], [ 2.93073, 44.76176 ], [ 2.91583, 44.76745 ], [ 2.91163, 44.76173 ], [ 2.93368, 44.74987 ], [ 2.92311, 44.72858 ], [ 2.9444, 44.68469 ], [ 2.93837, 44.67849 ], [ 2.98168, 44.64467 ], [ 3.0162, 44.71414 ], [ 3.0391, 44.71515 ], [ 3.02691, 44.72957 ], [ 3.03098, 44.74924 ], [ 3.04929, 44.76299 ], [ 3.04794, 44.80407 ], [ 3.0773, 44.82459 ], [ 3.07234, 44.83761 ], [ 3.09946, 44.83355 ], [ 3.09317, 44.85469 ], [ 3.11017, 44.86621 ], [ 3.10287, 44.88639 ], [ 3.11579, 44.89468 ], [ 3.12398, 44.88968 ], [ 3.12815, 44.90365 ], [ 3.14246, 44.90293 ], [ 3.1637, 44.87395 ], [ 3.19173, 44.86235 ], [ 3.19941, 44.87488 ], [ 3.23819, 44.88676 ], [ 3.22668, 44.90977 ], [ 3.2499, 44.91626 ], [ 3.24857, 44.93935 ], [ 3.26744, 44.94257 ], [ 3.26177, 44.93194 ], [ 3.28563, 44.92631 ], [ 3.33712, 44.95581 ], [ 3.35464, 44.95486 ], [ 3.36135, 44.97141 ], [ 3.34788, 44.97388 ], [ 3.34547, 44.98598 ], [ 3.36453, 44.99037 ], [ 3.37145, 45.00231 ], [ 3.3497, 45.00166 ], [ 3.34731, 45.01435 ], [ 3.32466, 45.00981 ], [ 3.33709, 45.02538 ], [ 3.32704, 45.03061 ], [ 3.31088, 45.02039 ], [ 3.29761, 45.03594 ], [ 3.31497, 45.08512 ], [ 3.28976, 45.08675 ], [ 3.28228, 45.10316 ], [ 3.30182, 45.10742 ], [ 3.32813, 45.0948 ], [ 3.36202, 45.10419 ], [ 3.29969, 45.12539 ], [ 3.28803, 45.12045 ], [ 3.27347, 45.14523 ], [ 3.28214, 45.15158 ], [ 3.26698, 45.15433 ], [ 3.26083, 45.17077 ], [ 3.27305, 45.20868 ], [ 3.23533, 45.21996 ], [ 3.23401, 45.2377 ], [ 3.22113, 45.24415 ], [ 3.22318, 45.27705 ], [ 3.19083, 45.28099 ], [ 3.16471, 45.2686 ], [ 3.16099, 45.29532 ], [ 3.11781, 45.28419 ], [ 3.08225, 45.28969 ], [ 3.08419, 45.29899 ], [ 3.10489, 45.30016 ], [ 3.11415, 45.30999 ], [ 3.09042, 45.32339 ], [ 3.11323, 45.32731 ], [ 3.113, 45.35137 ], [ 3.09605, 45.35202 ], [ 3.08718, 45.33863 ], [ 3.06027, 45.33084 ], [ 3.06557, 45.31513 ], [ 3.05206, 45.3027 ], [ 3.02216, 45.29567 ], [ 3.0183, 45.28707 ], [ 2.99953, 45.29045 ], [ 2.94861, 45.30912 ], [ 2.92273, 45.36815 ], [ 2.90067, 45.37079 ], [ 2.88644, 45.38299 ], [ 2.86763, 45.3763 ], [ 2.85235, 45.39231 ], [ 2.82919, 45.38972 ], [ 2.81389, 45.40151 ], [ 2.78514, 45.38458 ], [ 2.74239, 45.39334 ], [ 2.71453, 45.3815 ], [ 2.70405, 45.39892 ], [ 2.68061, 45.4074 ], [ 2.68742, 45.43825 ], [ 2.66269, 45.43417 ], [ 2.64784, 45.44395 ], [ 2.62382, 45.44394 ], [ 2.61771, 45.47009 ], [ 2.60376, 45.45008 ], [ 2.5852, 45.44997 ], [ 2.56363, 45.46582 ], [ 2.53621, 45.45678 ], [ 2.54386, 45.47906 ], [ 2.52021, 45.48347 ], [ 2.5084, 45.47834 ], [ 2.48747, 45.41884 ], [ 2.52222, 45.40266 ], [ 2.5235, 45.38159 ], [ 2.48973, 45.3802 ], [ 2.47662, 45.37028 ], [ 2.47507, 45.38111 ], [ 2.44222, 45.38412 ], [ 2.3875, 45.41191 ], [ 2.35087, 45.4134 ], [ 2.36953, 45.38714 ], [ 2.36488, 45.3553 ], [ 2.35018, 45.34637 ], [ 2.35929, 45.33612 ], [ 2.31589, 45.32205 ], [ 2.28875, 45.28706 ], [ 2.26942, 45.2903 ], [ 2.25782, 45.26967 ], [ 2.24303, 45.26621 ], [ 2.24083, 45.24801 ], [ 2.18939, 45.2225 ], [ 2.2011, 45.18003 ], [ 2.23283, 45.16534 ], [ 2.20842, 45.16032 ], [ 2.20169, 45.13846 ], [ 2.17908, 45.1363 ], [ 2.19032, 45.11545 ], [ 2.18054, 45.1126 ], [ 2.17563, 45.08137 ], [ 2.14139, 45.08694 ], [ 2.10216, 45.06226 ] ] ] } },
{ "type": "Feature", "properties": { "dep_code": "16", "dep_name": "Charente" }, "geometry": { "type": "Polygon", "coordinates": [ [ [ -0.11603, 45.86687 ], [ -0.12211, 45.84981 ], [ -0.1455, 45.83851 ], [ -0.13487, 45.8189 ], [ -0.15604, 45.79654 ], [ -0.14819, 45.79369 ], [ -0.15601, 45.77965 ], [ -0.16218, 45.79272 ], [ -0.22092, 45.77542 ], [ -0.24364, 45.79623 ], [ -0.23813, 45.80371 ], [ -0.28818, 45.80683 ], [ -0.31962, 45.78488 ], [ -0.36051, 45.77917 ], [ -0.40177, 45.78661 ], [ -0.4038, 45.77034 ], [ -0.44941, 45.76637 ], [ -0.46316, 45.75183 ], [ -0.46002, 45.73935 ], [ -0.39983, 45.73552 ], [ -0.42051, 45.72467 ], [ -0.42292, 45.68559 ], [ -0.38254, 45.65553 ], [ -0.409, 45.65627 ], [ -0.43267, 45.62505 ], [ -0.41454, 45.61635 ], [ -0.38321, 45.62419 ], [ -0.36078, 45.59789 ], [ -0.29656, 45.56453 ], [ -0.32162, 45.53498 ], [ -0.29122, 45.53153 ], [ -0.28388, 45.51939 ], [ -0.2692, 45.52572 ], [ -0.25289, 45.52091 ], [ -0.26782, 45.50867 ], [ -0.24191, 45.50339 ], [ -0.24224, 45.49004 ], [ -0.25803, 45.48875 ], [ -0.26457, 45.47068 ], [ -0.28086, 45.47419 ], [ -0.28639, 45.45754 ], [ -0.26764, 45.45606 ], [ -0.2478, 45.43751 ], [ -0.25357, 45.41777 ], [ -0.23282, 45.41954 ], [ -0.23394, 45.4098 ], [ -0.31116, 45.38453 ], [ -0.30889, 45.37341 ], [ -0.27955, 45.36484 ], [ -0.2811, 45.35497 ], [ -0.24457, 45.36057 ], [ -0.25013, 45.34151 ], [ -0.26513, 45.33913 ], [ -0.27799, 45.34807 ], [ -0.29055, 45.32669 ], [ -0.28438, 45.30895 ], [ -0.25754, 45.29892 ], [ -0.25433, 45.31156 ], [ -0.22044, 45.32261 ], [ -0.19839, 45.30562 ], [ -0.15826, 45.30579 ], [ -0.14539, 45.28807 ], [ -0.12926, 45.29487 ], [ -0.10879, 45.28972 ], [ -0.1154, 45.24805 ], [ -0.04783, 45.24885 ], [ -0.03349, 45.23438 ], [ 0.00352, 45.229 ], [ 0.00424, 45.19167 ], [ 0.00857, 45.20283 ], [ 0.03482, 45.20884 ], [ 0.05477, 45.22744 ], [ 0.07793, 45.22033 ], [ 0.09801, 45.22769 ], [ 0.13494, 45.20971 ], [ 0.17443, 45.23879 ], [ 0.17474, 45.26142 ], [ 0.20299, 45.26247 ], [ 0.22163, 45.29076 ], [ 0.25176, 45.28906 ], [ 0.26723, 45.29838 ], [ 0.27164, 45.31597 ], [ 0.24792, 45.36944 ], [ 0.27658, 45.42722 ], [ 0.31771, 45.43618 ], [ 0.3012, 45.44559 ], [ 0.3021, 45.45881 ], [ 0.33017, 45.44353 ], [ 0.3325, 45.4591 ], [ 0.35927, 45.46632 ], [ 0.36089, 45.47681 ], [ 0.37591, 45.47597 ], [ 0.38167, 45.48643 ], [ 0.40919, 45.49266 ], [ 0.43177, 45.4857 ], [ 0.43204, 45.50394 ], [ 0.46573, 45.53952 ], [ 0.48587, 45.53831 ], [ 0.5065, 45.55388 ], [ 0.50067, 45.57305 ], [ 0.51699, 45.59887 ], [ 0.49963, 45.61735 ], [ 0.51292, 45.63348 ], [ 0.52792, 45.64463 ], [ 0.53845, 45.62873 ], [ 0.57545, 45.64093 ], [ 0.56706, 45.65333 ], [ 0.60096, 45.6726 ], [ 0.59112, 45.67563 ], [ 0.60368, 45.69422 ], [ 0.622, 45.69912 ], [ 0.6325, 45.7212 ], [ 0.64456, 45.71618 ], [ 0.65246, 45.74071 ], [ 0.66521, 45.73954 ], [ 0.68802, 45.76036 ], [ 0.71501, 45.76312 ], [ 0.70582, 45.77774 ], [ 0.71291, 45.80458 ], [ 0.74096, 45.80576 ], [ 0.78065, 45.78798 ], [ 0.78129, 45.82057 ], [ 0.81684, 45.85831 ], [ 0.82116, 45.86709 ], [ 0.8073, 45.87018 ], [ 0.82715, 45.88277 ], [ 0.81261, 45.89727 ], [ 0.8122, 45.93133 ], [ 0.85961, 45.91777 ], [ 0.88397, 45.92323 ], [ 0.9052, 45.93874 ], [ 0.92097, 45.938 ], [ 0.92239, 45.95388 ], [ 0.94273, 45.95758 ], [ 0.9462, 45.97473 ], [ 0.93189, 45.97814 ], [ 0.93386, 45.99323 ], [ 0.91759, 45.99744 ], [ 0.92524, 46.01102 ], [ 0.88586, 46.03218 ], [ 0.86293, 46.01627 ], [ 0.85291, 46.03383 ], [ 0.81398, 46.05202 ], [ 0.83466, 46.0964 ], [ 0.82468, 46.11614 ], [ 0.80814, 46.12122 ], [ 0.82317, 46.12858 ], [ 0.81357, 46.1388 ], [ 0.78633, 46.12948 ], [ 0.74457, 46.14084 ], [ 0.71259, 46.13957 ], [ 0.71055, 46.12937 ], [ 0.67549, 46.11179 ], [ 0.68724, 46.09724 ], [ 0.61857, 46.0929 ], [ 0.59596, 46.07286 ], [ 0.59373, 46.08109 ], [ 0.5741, 46.07813 ], [ 0.56355, 46.09034 ], [ 0.53991, 46.08555 ], [ 0.51958, 46.11497 ], [ 0.49818, 46.12258 ], [ 0.50868, 46.13194 ], [ 0.49194, 46.13646 ], [ 0.4879, 46.12751 ], [ 0.47076, 46.12938 ], [ 0.46192, 46.11007 ], [ 0.44326, 46.10157 ], [ 0.44704, 46.08557 ], [ 0.47826, 46.08531 ], [ 0.48067, 46.06558 ], [ 0.46887, 46.06882 ], [ 0.45634, 46.05436 ], [ 0.42509, 46.04834 ], [ 0.38936, 46.06767 ], [ 0.2776, 46.05985 ], [ 0.25642, 46.08014 ], [ 0.21919, 46.09481 ], [ 0.19852, 46.09724 ], [ 0.16992, 46.08104 ], [ 0.13582, 46.10405 ], [ 0.11518, 46.09609 ], [ 0.0973, 46.1059 ], [ 0.09717, 46.08913 ], [ 0.06647, 46.0913 ], [ 0.05087, 46.07946 ], [ 0.06266, 46.07269 ], [ 0.0381, 46.06993 ], [ 0.0193, 46.05287 ], [ 0.005, 46.05957 ], [ -0.03954, 46.05313 ], [ -0.02139, 46.02895 ], [ -0.04565, 46.0207 ], [ -0.05763, 45.9986 ], [ -0.03816, 45.99242 ], [ -0.10312, 45.96966 ], [ -0.10657, 45.95893 ], [ -0.09468, 45.96237 ], [ -0.08648, 45.95092 ], [ -0.09703, 45.92854 ], [ -0.15123, 45.92671 ], [ -0.1514, 45.91376 ], [ -0.13179, 45.91094 ], [ -0.14935, 45.90079 ], [ -0.14447, 45.89184 ], [ -0.13128, 45.8911 ], [ -0.11603, 45.86687 ] ] ] } },
{ "type": "Feature", "properties": { "dep_code": "17", "dep_name": "Charente-Maritime" }, "geometry": { "type": "MultiPolygon", "coordinates": [ [ [ [ -1.02574, 45.61865 ], [ -1.02538, 45.61867 ], [ -1.02593, 45.61877 ], [ -1.02574, 45.61865 ] ] ], [ [ [ -1.12158, 45.85316 ], [ -1.15351, 45.86229 ], [ -1.15534, 45.85975 ], [ -1.14843, 45.85673 ], [ -1.1499, 45.85227 ], [ -1.16957, 45.85501 ], [ -1.1375, 45.82037 ], [ -1.1351, 45.80116 ], [ -1.15688, 45.80231 ], [ -1.19202, 45.78933 ], [ -1.20796, 45.79609 ], [ -1.24351, 45.77988 ], [ -1.23773, 45.70912 ], [ -1.22852, 45.67562 ], [ -1.21133, 45.67112 ], [ -1.19189, 45.67604 ], [ -1.21949, 45.67418 ], [ -1.23061, 45.69005 ], [ -1.20211, 45.69562 ], [ -1.11517, 45.6466 ], [ -1.07647, 45.63853 ], [ -1.04223, 45.61763 ], [ -1.02096, 45.62171 ], [ -1.01298, 45.60039 ], [ -0.99367, 45.59561 ], [ -0.99229, 45.57654 ], [ -0.87598, 45.51749 ], [ -0.80169, 45.45953 ], [ -0.74491, 45.38886 ], [ -0.71884, 45.32753 ], [ -0.64403, 45.32202 ], [ -0.64454, 45.31498 ], [ -0.59627, 45.32043 ], [ -0.58689, 45.34454 ], [ -0.56884, 45.3313 ], [ -0.56616, 45.29547 ], [ -0.514, 45.28596 ], [ -0.47391, 45.29401 ], [ -0.42589, 45.2787 ], [ -0.41542, 45.2691 ], [ -0.425, 45.24843 ], [ -0.40732, 45.24765 ], [ -0.40515, 45.2397 ], [ -0.42093, 45.20856 ], [ -0.38348, 45.14355 ], [ -0.36359, 45.17033 ], [ -0.3515, 45.17015 ], [ -0.32034, 45.15606 ], [ -0.31342, 45.13739 ], [ -0.30759, 45.14971 ], [ -0.28007, 45.14354 ], [ -0.25883, 45.11462 ], [ -0.19071, 45.09395 ], [ -0.14179, 45.09014 ], [ -0.11345, 45.11503 ], [ -0.0876, 45.12162 ], [ -0.06365, 45.09935 ], [ -0.04024, 45.10096 ], [ -0.02905, 45.12884 ], [ -0.03676, 45.14075 ], [ 0.00485, 45.15387 ], [ -0.01915, 45.16482 ], [ 0.00203, 45.18417 ], [ 0.00352, 45.229 ], [ -0.03349, 45.23438 ], [ -0.04783, 45.24885 ], [ -0.1154, 45.24805 ], [ -0.10879, 45.28972 ], [ -0.12926, 45.29487 ], [ -0.14539, 45.28807 ], [ -0.16051, 45.30653 ], [ -0.19839, 45.30562 ], [ -0.22044, 45.32261 ], [ -0.25433, 45.31156 ], [ -0.25754, 45.29892 ], [ -0.28438, 45.30895 ], [ -0.29055, 45.32669 ], [ -0.27799, 45.34807 ], [ -0.26513, 45.33913 ], [ -0.25013, 45.34151 ], [ -0.24457, 45.36057 ], [ -0.2811, 45.35497 ], [ -0.27955, 45.36484 ], [ -0.30889, 45.37341 ], [ -0.31116, 45.38453 ], [ -0.23394, 45.4098 ], [ -0.23282, 45.41954 ], [ -0.25357, 45.41777 ], [ -0.2478, 45.43751 ], [ -0.26764, 45.45606 ], [ -0.28639, 45.45754 ], [ -0.28086, 45.47419 ], [ -0.26457, 45.47068 ], [ -0.25803, 45.48875 ], [ -0.24224, 45.49004 ], [ -0.24191, 45.50339 ], [ -0.26782, 45.50867 ], [ -0.25289, 45.52091 ], [ -0.2692, 45.52572 ], [ -0.28388, 45.51939 ], [ -0.29122, 45.53153 ], [ -0.32162, 45.53498 ], [ -0.29656, 45.56453 ], [ -0.36078, 45.59789 ], [ -0.38321, 45.62419 ], [ -0.41454, 45.61635 ], [ -0.43267, 45.62505 ], [ -0.409, 45.65627 ], [ -0.38254, 45.65553 ], [ -0.42292, 45.68559 ], [ -0.42051, 45.72467 ], [ -0.39983, 45.73552 ], [ -0.46002, 45.73935 ], [ -0.46316, 45.75183 ], [ -0.44941, 45.76637 ], [ -0.4038, 45.77034 ], [ -0.40177, 45.78661 ], [ -0.36051, 45.77917 ], [ -0.31962, 45.78488 ], [ -0.28818, 45.80683 ], [ -0.23813, 45.80371 ], [ -0.24364, 45.79623 ], [ -0.22092, 45.77542 ], [ -0.16218, 45.79272 ], [ -0.15601, 45.77965 ], [ -0.14819, 45.79369 ], [ -0.15604, 45.79654 ], [ -0.13487, 45.8189 ], [ -0.1455, 45.83851 ], [ -0.12211, 45.84981 ], [ -0.11136, 45.87184 ], [ -0.12661, 45.87254 ], [ -0.13128, 45.8911 ], [ -0.14447, 45.89184 ], [ -0.14935, 45.90079 ], [ -0.13179, 45.91094 ], [ -0.1514, 45.91376 ], [ -0.15123, 45.92671 ], [ -0.09703, 45.92854 ], [ -0.08634, 45.94802 ], [ -0.09468, 45.96237 ], [ -0.10657, 45.95893 ], [ -0.10312, 45.96966 ], [ -0.13714, 45.97905 ], [ -0.14482, 46.00468 ], [ -0.16472, 46.01071 ], [ -0.16264, 46.02224 ], [ -0.17193, 46.0226 ], [ -0.16004, 46.03653 ], [ -0.18901, 46.02608 ], [ -0.19229, 46.05453 ], [ -0.21262, 46.04412 ], [ -0.27299, 46.05731 ], [ -0.29165, 46.08768 ], [ -0.30365, 46.07753 ], [ -0.33082, 46.08257 ], [ -0.36289, 46.07555 ], [ -0.35849, 46.08293 ], [ -0.38309, 46.09816 ], [ -0.40132, 46.08418 ], [ -0.4223, 46.0938 ], [ -0.42118, 46.11328 ], [ -0.4402, 46.10459 ], [ -0.44037, 46.09464 ], [ -0.45329, 46.1032 ], [ -0.50607, 46.10669 ], [ -0.51639, 46.11248 ], [ -0.51146, 46.1302 ], [ -0.52889, 46.13003 ], [ -0.54746, 46.14424 ], [ -0.57933, 46.14826 ], [ -0.58311, 46.13957 ], [ -0.61919, 46.13737 ], [ -0.63319, 46.1501 ], [ -0.60379, 46.15846 ], [ -0.64739, 46.16605 ], [ -0.66703, 46.18469 ], [ -0.69094, 46.17967 ], [ -0.6961, 46.18625 ], [ -0.68558, 46.19009 ], [ -0.69807, 46.19205 ], [ -0.67983, 46.1972 ], [ -0.6886, 46.21704 ], [ -0.75192, 46.24535 ], [ -0.735, 46.26835 ], [ -0.75038, 46.3044 ], [ -0.80356, 46.3258 ], [ -0.79951, 46.34224 ], [ -0.82135, 46.33597 ], [ -0.83975, 46.34078 ], [ -0.85077, 46.31755 ], [ -0.86485, 46.32763 ], [ -0.8871, 46.3269 ], [ -0.89453, 46.317 ], [ -0.93006, 46.31007 ], [ -0.96314, 46.32268 ], [ -0.94314, 46.33709 ], [ -0.92974, 46.37145 ], [ -0.95109, 46.36027 ], [ -0.96497, 46.36534 ], [ -0.97481, 46.35123 ], [ -1.01285, 46.34928 ], [ -1.0134, 46.3556 ], [ -1.05246, 46.34257 ], [ -1.05369, 46.34952 ], [ -1.08136, 46.32369 ], [ -1.0749, 46.31779 ], [ -1.1188, 46.31574 ], [ -1.12722, 46.30216 ], [ -1.10666, 46.26213 ], [ -1.14058, 46.25317 ], [ -1.14982, 46.23759 ], [ -1.19917, 46.21282 ], [ -1.20467, 46.18601 ], [ -1.24084, 46.16301 ], [ -1.24188, 46.15759 ], [ -1.23926, 46.15896 ], [ -1.23597, 46.16568 ], [ -1.23232, 46.1579 ], [ -1.21815, 46.15863 ], [ -1.23365, 46.15473 ], [ -1.23213, 46.15222 ], [ -1.22892, 46.14996 ], [ -1.22092, 46.1491 ], [ -1.22684, 46.14769 ], [ -1.20665, 46.14605 ], [ -1.15097, 46.15799 ], [ -1.17422, 46.13851 ], [ -1.12733, 46.12613 ], [ -1.12464, 46.11186 ], [ -1.14288, 46.10657 ], [ -1.10122, 46.09445 ], [ -1.09546, 46.06048 ], [ -1.06094, 46.04538 ], [ -1.05993, 45.99486 ], [ -1.09604, 45.99206 ], [ -1.12141, 46.00247 ], [ -1.08401, 45.9795 ], [ -1.06951, 45.94956 ], [ -1.10095, 45.94546 ], [ -1.07739, 45.93732 ], [ -1.07311, 45.91785 ], [ -1.12158, 45.85316 ] ] ], [ [ [ -1.17439, 45.85724 ], [ -1.17451, 45.85702 ], [ -1.17408, 45.85676 ], [ -1.17439, 45.85724 ] ] ], [ [ [ -1.26473, 45.87738 ], [ -1.24248, 45.81401 ], [ -1.2276, 45.80316 ], [ -1.19544, 45.82912 ], [ -1.21145, 45.85042 ], [ -1.19492, 45.86221 ], [ -1.18795, 45.8866 ], [ -1.2342, 45.92469 ], [ -1.22558, 45.93803 ], [ -1.22605, 45.94022 ], [ -1.2266, 45.94139 ], [ -1.24205, 45.95595 ], [ -1.23396, 45.96942 ], [ -1.2369, 45.96837 ], [ -1.24407, 45.96413 ], [ -1.24463, 45.9645 ], [ -1.2358, 45.98421 ], [ -1.31005, 45.99186 ], [ -1.36917, 46.02923 ], [ -1.36745, 46.03813 ], [ -1.41132, 46.04793 ], [ -1.38742, 45.99814 ], [ -1.39572, 45.97744 ], [ -1.38714, 45.95423 ], [ -1.26473, 45.87738 ] ] ], [ [ [ -1.1166, 45.95223 ], [ -1.10532, 45.95398 ], [ -1.11312, 45.96187 ], [ -1.1166, 45.95223 ] ] ], [ [ [ -1.21392, 45.99991 ], [ -1.21417, 45.99989 ], [ -1.214, 45.99941 ], [ -1.21392, 45.99991 ] ] ], [ [ [ -1.1435, 46.00387 ], [ -1.14316, 46.00329 ], [ -1.14218, 46.00344 ], [ -1.1435, 46.00387 ] ] ], [ [ [ -1.17773, 46.01518 ], [ -1.1748, 46.00799 ], [ -1.17142, 46.01873 ], [ -1.15459, 46.01949 ], [ -1.16828, 46.02578 ], [ -1.17773, 46.01518 ] ] ], [ [ [ -1.46059, 46.20205 ], [ -1.31425, 46.1438 ], [ -1.2786, 46.14442 ], [ -1.25451, 46.16198 ], [ -1.25471, 46.16511 ], [ -1.27491, 46.16032 ], [ -1.29307, 46.18747 ], [ -1.32432, 46.18737 ], [ -1.35455, 46.20599 ], [ -1.4284, 46.20352 ], [ -1.44095, 46.21422 ], [ -1.41859, 46.21935 ], [ -1.41465, 46.23056 ], [ -1.46507, 46.22902 ], [ -1.45696, 46.22356 ], [ -1.48282, 46.21257 ], [ -1.48266, 46.20279 ], [ -1.48614, 46.20217 ], [ -1.49554, 46.20865 ], [ -1.49698, 46.20328 ], [ -1.49641, 46.21546 ], [ -1.51217, 46.20997 ], [ -1.51535, 46.23492 ], [ -1.51455, 46.2351 ], [ -1.50916, 46.22732 ], [ -1.5064, 46.22658 ], [ -1.4993, 46.23549 ], [ -1.48772, 46.2285 ], [ -1.47423, 46.23301 ], [ -1.50047, 46.25801 ], [ -1.54236, 46.24296 ], [ -1.5626, 46.24477 ], [ -1.53494, 46.20236 ], [ -1.50528, 46.19324 ], [ -1.46059, 46.20205 ] ] ] ] } },
{ "type": "Feature", "properties": { "dep_code": "18", "dep_name": "Cher" }, "geometry": { "type": "Polygon", "coordinates": [ [ [ 2.15684, 47.30015 ], [ 2.12911, 47.27952 ], [ 2.07795, 47.28586 ], [ 2.02459, 47.26484 ], [ 1.99824, 47.26401 ], [ 1.94296, 47.29125 ], [ 1.92439, 47.26476 ], [ 1.89355, 47.25287 ], [ 1.91641, 47.2357 ], [ 1.90334, 47.21492 ], [ 1.87223, 47.20548 ], [ 1.85218, 47.22225 ], [ 1.83896, 47.21966 ], [ 1.84233, 47.1777 ], [ 1.82337, 47.17382 ], [ 1.77367, 47.13099 ], [ 1.88303, 47.10055 ], [ 1.90483, 47.10889 ], [ 1.92363, 47.10193 ], [ 1.96366, 47.12464 ], [ 1.99643, 47.12724 ], [ 1.99982, 47.11427 ], [ 2.01263, 47.11133 ], [ 2.0033, 47.09425 ], [ 2.02894, 47.0951 ], [ 2.02454, 47.10445 ], [ 2.05308, 47.10368 ], [ 2.05535, 47.07183 ], [ 2.02879, 47.04564 ], [ 2.05129, 47.04213 ], [ 2.10887, 46.99716 ], [ 2.09188, 46.98826 ], [ 2.08825, 46.96044 ], [ 2.07019, 46.95435 ], [ 2.07037, 46.9344 ], [ 2.11032, 46.91317 ], [ 2.14641, 46.91764 ], [ 2.15496, 46.91167 ], [ 2.12621, 46.87987 ], [ 2.08282, 46.86857 ], [ 2.09647, 46.85525 ], [ 2.07631, 46.83469 ], [ 2.04272, 46.84014 ], [ 2.11636, 46.78008 ], [ 2.09515, 46.75506 ], [ 2.06677, 46.75164 ], [ 2.07184, 46.73522 ], [ 2.09259, 46.72557 ], [ 2.08709, 46.71241 ], [ 2.11816, 46.71032 ], [ 2.15549, 46.69222 ], [ 2.14818, 46.67722 ], [ 2.13636, 46.67696 ], [ 2.13919, 46.6643 ], [ 2.16264, 46.64641 ], [ 2.17576, 46.651 ], [ 2.1894, 46.64221 ], [ 2.1795, 46.62765 ], [ 2.18615, 46.60395 ], [ 2.16709, 46.58921 ], [ 2.17466, 46.56449 ], [ 2.15854, 46.55733 ], [ 2.20439, 46.4844 ], [ 2.19292, 46.47017 ], [ 2.15154, 46.45784 ], [ 2.15395, 46.43414 ], [ 2.17254, 46.42228 ], [ 2.19864, 46.42836 ], [ 2.28109, 46.42047 ], [ 2.28335, 46.44948 ], [ 2.30076, 46.47241 ], [ 2.32267, 46.46953 ], [ 2.3312, 46.47919 ], [ 2.32409, 46.49039 ], [ 2.36129, 46.51641 ], [ 2.43005, 46.52654 ], [ 2.45008, 46.52054 ], [ 2.49693, 46.53363 ], [ 2.49701, 46.52139 ], [ 2.52024, 46.53123 ], [ 2.53665, 46.5197 ], [ 2.61489, 46.55329 ], [ 2.60301, 46.56451 ], [ 2.60404, 46.59578 ], [ 2.59417, 46.59719 ], [ 2.58152, 46.59322 ], [ 2.56851, 46.60914 ], [ 2.58832, 46.61596 ], [ 2.593, 46.64656 ], [ 2.56678, 46.65356 ], [ 2.60591, 46.67137 ], [ 2.60714, 46.66061 ], [ 2.62826, 46.65914 ], [ 2.62325, 46.68964 ], [ 2.64517, 46.68728 ], [ 2.67418, 46.70197 ], [ 2.68556, 46.72263 ], [ 2.70213, 46.7182 ], [ 2.71513, 46.74518 ], [ 2.73453, 46.74622 ], [ 2.75852, 46.71754 ], [ 2.78564, 46.72254 ], [ 2.79296, 46.73425 ], [ 2.82752, 46.73534 ], [ 2.8454, 46.72667 ], [ 2.84459, 46.74227 ], [ 2.87657, 46.7688 ], [ 2.91158, 46.77994 ], [ 2.91335, 46.79103 ], [ 2.95303, 46.79103 ], [ 2.95961, 46.80429 ], [ 3.03206, 46.79491 ], [ 3.06946, 46.85239 ], [ 3.05001, 46.90888 ], [ 3.07962, 46.95564 ], [ 3.06258, 46.9792 ], [ 3.07516, 47.02932 ], [ 3.06381, 47.04608 ], [ 3.01934, 47.06817 ], [ 3.03137, 47.09248 ], [ 3.02828, 47.12843 ], [ 2.97887, 47.22957 ], [ 2.98308, 47.2608 ], [ 2.9108, 47.30981 ], [ 2.87657, 47.32187 ], [ 2.87161, 47.34575 ], [ 2.9317, 47.43786 ], [ 2.87449, 47.52035 ], [ 2.80643, 47.49439 ], [ 2.7931, 47.49771 ], [ 2.78529, 47.51595 ], [ 2.74575, 47.5251 ], [ 2.73164, 47.53822 ], [ 2.72466, 47.49399 ], [ 2.6694, 47.48465 ], [ 2.65741, 47.48719 ], [ 2.65391, 47.51233 ], [ 2.61187, 47.5265 ], [ 2.61669, 47.54062 ], [ 2.59543, 47.55771 ], [ 2.57415, 47.55928 ], [ 2.548, 47.57513 ], [ 2.49136, 47.5683 ], [ 2.43941, 47.6095 ], [ 2.37287, 47.58569 ], [ 2.28908, 47.62911 ], [ 2.15266, 47.60107 ], [ 2.11956, 47.58324 ], [ 2.12887, 47.55122 ], [ 2.19576, 47.54875 ], [ 2.2155, 47.52208 ], [ 2.1962, 47.4878 ], [ 2.22789, 47.49692 ], [ 2.24774, 47.49173 ], [ 2.23502, 47.4517 ], [ 2.24789, 47.4414 ], [ 2.2437, 47.41482 ], [ 2.23101, 47.4078 ], [ 2.20506, 47.40531 ], [ 2.1889, 47.43779 ], [ 2.13738, 47.40574 ], [ 2.11497, 47.42182 ], [ 2.09686, 47.36679 ], [ 2.11381, 47.37008 ], [ 2.12747, 47.34429 ], [ 2.11945, 47.3329 ], [ 2.14927, 47.31894 ], [ 2.15684, 47.30015 ] ] ] } },
{ "type": "Feature", "properties": { "dep_code": "19", "dep_name": "Corrèze" }, "geometry": { "type": "Polygon", "coordinates": [ [ [ 1.72831, 45.63819 ], [ 1.7089, 45.64181 ], [ 1.63765, 45.58049 ], [ 1.59507, 45.57821 ], [ 1.5826, 45.55498 ], [ 1.55495, 45.54949 ], [ 1.51858, 45.56454 ], [ 1.51821, 45.55549 ], [ 1.49266, 45.54935 ], [ 1.48043, 45.56594 ], [ 1.47546, 45.55348 ], [ 1.4522, 45.55338 ], [ 1.44133, 45.52139 ], [ 1.42461, 45.53118 ], [ 1.40726, 45.52696 ], [ 1.38931, 45.49628 ], [ 1.36605, 45.48827 ], [ 1.34978, 45.46711 ], [ 1.28537, 45.4905 ], [ 1.25184, 45.44615 ], [ 1.2756, 45.43381 ], [ 1.29157, 45.43571 ], [ 1.28252, 45.43231 ], [ 1.29033, 45.41817 ], [ 1.27826, 45.41243 ], [ 1.25856, 45.41952 ], [ 1.25691, 45.40212 ], [ 1.26775, 45.39551 ], [ 1.28042, 45.40203 ], [ 1.28013, 45.38381 ], [ 1.29367, 45.39763 ], [ 1.32505, 45.38008 ], [ 1.3158, 45.36092 ], [ 1.28362, 45.35315 ], [ 1.26506, 45.32291 ], [ 1.23582, 45.322 ], [ 1.24017, 45.29214 ], [ 1.22649, 45.27166 ], [ 1.27856, 45.25052 ], [ 1.26445, 45.23146 ], [ 1.2335, 45.22225 ], [ 1.22769, 45.20599 ], [ 1.23226, 45.19769 ], [ 1.27217, 45.20181 ], [ 1.2922, 45.18658 ], [ 1.25445, 45.15874 ], [ 1.29387, 45.13892 ], [ 1.35052, 45.14202 ], [ 1.35456, 45.13266 ], [ 1.38416, 45.13609 ], [ 1.41311, 45.12503 ], [ 1.41155, 45.11356 ], [ 1.37733, 45.10473 ], [ 1.39395, 45.09627 ], [ 1.40694, 45.06982 ], [ 1.39956, 45.06118 ], [ 1.41353, 45.06096 ], [ 1.40737, 45.05308 ], [ 1.44319, 45.02045 ], [ 1.46413, 45.01427 ], [ 1.48317, 45.03064 ], [ 1.53748, 45.04666 ], [ 1.54454, 45.02904 ], [ 1.57608, 45.04071 ], [ 1.60906, 45.02895 ], [ 1.62994, 45.0335 ], [ 1.70286, 44.98768 ], [ 1.71103, 44.9673 ], [ 1.7507, 44.95587 ], [ 1.74958, 44.93743 ], [ 1.7746, 44.92356 ], [ 1.7857, 44.93691 ], [ 1.80017, 44.92028 ], [ 1.82609, 44.92885 ], [ 1.83177, 44.94599 ], [ 1.84278, 44.93713 ], [ 1.88703, 44.95635 ], [ 1.90823, 44.97814 ], [ 1.93915, 44.97333 ], [ 1.94019, 44.95303 ], [ 1.94956, 44.95259 ], [ 1.99103, 44.9761 ], [ 2.04525, 44.98373 ], [ 2.05896, 44.97455 ], [ 2.09315, 44.98592 ], [ 2.13149, 44.98447 ], [ 2.14092, 45.00667 ], [ 2.11632, 45.02179 ], [ 2.0952, 45.05604 ], [ 2.14081, 45.08678 ], [ 2.17563, 45.08137 ], [ 2.18054, 45.1126 ], [ 2.19032, 45.11545 ], [ 2.17908, 45.1363 ], [ 2.20169, 45.13846 ], [ 2.20842, 45.16032 ], [ 2.23283, 45.16534 ], [ 2.2011, 45.18003 ], [ 2.18939, 45.2225 ], [ 2.24083, 45.24801 ], [ 2.24303, 45.26621 ], [ 2.25782, 45.26967 ], [ 2.26942, 45.2903 ], [ 2.28875, 45.28706 ], [ 2.31589, 45.32205 ], [ 2.35929, 45.33612 ], [ 2.35018, 45.34637 ], [ 2.36488, 45.3553 ], [ 2.36953, 45.38714 ], [ 2.34937, 45.41208 ], [ 2.3875, 45.41191 ], [ 2.44222, 45.38412 ], [ 2.47507, 45.38111 ], [ 2.47662, 45.37028 ], [ 2.48973, 45.3802 ], [ 2.5235, 45.38159 ], [ 2.52222, 45.40266 ], [ 2.48747, 45.41884 ], [ 2.52048, 45.52045 ], [ 2.51134, 45.52459 ], [ 2.51705, 45.55216 ], [ 2.49089, 45.56051 ], [ 2.46112, 45.59617 ], [ 2.48032, 45.61137 ], [ 2.48449, 45.6403 ], [ 2.52033, 45.64093 ], [ 2.52868, 45.65875 ], [ 2.5126, 45.66962 ], [ 2.52862, 45.68238 ], [ 2.52356, 45.71125 ], [ 2.49216, 45.73787 ], [ 2.43577, 45.69921 ], [ 2.364, 45.71303 ], [ 2.34464, 45.70708 ], [ 2.34936, 45.69304 ], [ 2.32149, 45.67821 ], [ 2.32093, 45.66847 ], [ 2.30826, 45.67656 ], [ 2.26867, 45.66355 ], [ 2.27075, 45.6918 ], [ 2.22388, 45.69587 ], [ 2.21168, 45.71294 ], [ 2.21134, 45.70208 ], [ 2.19444, 45.69877 ], [ 2.20775, 45.71571 ], [ 2.18246, 45.72105 ], [ 2.16438, 45.73634 ], [ 2.15657, 45.72163 ], [ 2.13346, 45.7356 ], [ 2.11387, 45.72473 ], [ 2.09652, 45.73441 ], [ 2.0846, 45.72836 ], [ 2.08391, 45.74604 ], [ 2.05183, 45.76527 ], [ 2.03631, 45.75402 ], [ 2.00149, 45.74906 ], [ 1.99078, 45.72053 ], [ 1.95081, 45.72313 ], [ 1.94619, 45.70505 ], [ 1.91481, 45.71093 ], [ 1.89848, 45.69807 ], [ 1.91025, 45.67965 ], [ 1.88193, 45.68191 ], [ 1.87782, 45.6659 ], [ 1.8546, 45.67227 ], [ 1.84719, 45.661 ], [ 1.83228, 45.66357 ], [ 1.81576, 45.68141 ], [ 1.80167, 45.67261 ], [ 1.78596, 45.68286 ], [ 1.77669, 45.65895 ], [ 1.72831, 45.63819 ] ] ] } },
{ "type": "Feature", "properties": { "dep_code": "21", "dep_name": "Côte-d'Or" }, "geometry": { "type": "MultiPolygon", "coordinates": [ [ [ [ 4.17989, 47.11509 ], [ 4.16844, 47.12415 ], [ 4.18826, 47.13439 ], [ 4.18087, 47.15184 ], [ 4.11039, 47.14289 ], [ 4.11639, 47.12322 ], [ 4.12703, 47.13066 ], [ 4.148, 47.11331 ], [ 4.17989, 47.11509 ] ] ], [ [ [ 5.39921, 47.4989 ], [ 5.43149, 47.49825 ], [ 5.43644, 47.49045 ], [ 5.47173, 47.52746 ], [ 5.48641, 47.52697 ], [ 5.49702, 47.55463 ], [ 5.47991, 47.56545 ], [ 5.48824, 47.57701 ], [ 5.4776, 47.60867 ], [ 5.42601, 47.63233 ], [ 5.39568, 47.59489 ], [ 5.3698, 47.60551 ], [ 5.3549, 47.59131 ], [ 5.34148, 47.59517 ], [ 5.3394, 47.6102 ], [ 5.32246, 47.61241 ], [ 5.2808, 47.59263 ], [ 5.27789, 47.58157 ], [ 5.25312, 47.57686 ], [ 5.23811, 47.5965 ], [ 5.25872, 47.62217 ], [ 5.23694, 47.61677 ], [ 5.21232, 47.64142 ], [ 5.17409, 47.65187 ], [ 5.17844, 47.68098 ], [ 5.16158, 47.68043 ], [ 5.12537, 47.64677 ], [ 5.10152, 47.65958 ], [ 5.07824, 47.65991 ], [ 5.07927, 47.66834 ], [ 5.05342, 47.66838 ], [ 5.04384, 47.67662 ], [ 5.06081, 47.69485 ], [ 5.02878, 47.69328 ], [ 5.02916, 47.70992 ], [ 4.99511, 47.68911 ], [ 4.96909, 47.68583 ], [ 4.95373, 47.70283 ], [ 4.97177, 47.73022 ], [ 4.9568, 47.73245 ], [ 4.96614, 47.74056 ], [ 4.95899, 47.76187 ], [ 4.94601, 47.76653 ], [ 4.92242, 47.75895 ], [ 4.91796, 47.77709 ], [ 4.9824, 47.79979 ], [ 4.99413, 47.81975 ], [ 4.96074, 47.83899 ], [ 4.9541, 47.86677 ], [ 4.92745, 47.87155 ], [ 4.90368, 47.92039 ], [ 4.86923, 47.91773 ], [ 4.85679, 47.89563 ], [ 4.83332, 47.90725 ], [ 4.83121, 47.91786 ], [ 4.86609, 47.94051 ], [ 4.84519, 47.96125 ], [ 4.78652, 47.9642 ], [ 4.79464, 47.98447 ], [ 4.81059, 47.98865 ], [ 4.78949, 48.00811 ], [ 4.74214, 48.00462 ], [ 4.70054, 48.02373 ], [ 4.66994, 48.0145 ], [ 4.64758, 48.0257 ], [ 4.58511, 48.03006 ], [ 4.54948, 48.00443 ], [ 4.53572, 48.00677 ], [ 4.55684, 47.98215 ], [ 4.55422, 47.96766 ], [ 4.49356, 47.96888 ], [ 4.44713, 47.95638 ], [ 4.4172, 47.96868 ], [ 4.34311, 47.95585 ], [ 4.31272, 47.96269 ], [ 4.29808, 47.94974 ], [ 4.2928, 47.92588 ], [ 4.31292, 47.90511 ], [ 4.27857, 47.90009 ], [ 4.24606, 47.87422 ], [ 4.26449, 47.87382 ], [ 4.2594, 47.84653 ], [ 4.2713, 47.83878 ], [ 4.30126, 47.84875 ], [ 4.32953, 47.84681 ], [ 4.3305, 47.83759 ], [ 4.31912, 47.8373 ], [ 4.32018, 47.81175 ], [ 4.3403, 47.79956 ], [ 4.32727, 47.78572 ], [ 4.33247, 47.75651 ], [ 4.30943, 47.75263 ], [ 4.29308, 47.73301 ], [ 4.26051, 47.7422 ], [ 4.2579, 47.72618 ], [ 4.23935, 47.72458 ], [ 4.2675, 47.70547 ], [ 4.26174, 47.69401 ], [ 4.28402, 47.68268 ], [ 4.22744, 47.67895 ], [ 4.22631, 47.67088 ], [ 4.25034, 47.65992 ], [ 4.21208, 47.62812 ], [ 4.21583, 47.6009 ], [ 4.19666, 47.60437 ], [ 4.17426, 47.55208 ], [ 4.15653, 47.55162 ], [ 4.13765, 47.51839 ], [ 4.11455, 47.51465 ], [ 4.12324, 47.49048 ], [ 4.11529, 47.48178 ], [ 4.13045, 47.47415 ], [ 4.12979, 47.46245 ], [ 4.11942, 47.44355 ], [ 4.10113, 47.44388 ], [ 4.10834, 47.43743 ], [ 4.09892, 47.4305 ], [ 4.08003, 47.44084 ], [ 4.08469, 47.42062 ], [ 4.06551, 47.40483 ], [ 4.09008, 47.39475 ], [ 4.08017, 47.37609 ], [ 4.10679, 47.3765 ], [ 4.09774, 47.35936 ], [ 4.10644, 47.33519 ], [ 4.13481, 47.35754 ], [ 4.14345, 47.35446 ], [ 4.12477, 47.33588 ], [ 4.12897, 47.31725 ], [ 4.11384, 47.30804 ], [ 4.13409, 47.3061 ], [ 4.11452, 47.29223 ], [ 4.1256, 47.2474 ], [ 4.13515, 47.23736 ], [ 4.17911, 47.25446 ], [ 4.22871, 47.20828 ], [ 4.2311, 47.19556 ], [ 4.21004, 47.17959 ], [ 4.21288, 47.14438 ], [ 4.24532, 47.14686 ], [ 4.24079, 47.13227 ], [ 4.27475, 47.10734 ], [ 4.29713, 47.11315 ], [ 4.30652, 47.10327 ], [ 4.34673, 47.10123 ], [ 4.34399, 47.07315 ], [ 4.35457, 47.06332 ], [ 4.37055, 47.07955 ], [ 4.39952, 47.08328 ], [ 4.41647, 47.07701 ], [ 4.40094, 47.05278 ], [ 4.42759, 47.03728 ], [ 4.45695, 47.0419 ], [ 4.47135, 47.03088 ], [ 4.49004, 47.03356 ], [ 4.51142, 47.0116 ], [ 4.55486, 47.02 ], [ 4.54587, 46.99372 ], [ 4.5683, 46.99169 ], [ 4.57389, 46.97285 ], [ 4.5936, 46.96712 ], [ 4.58954, 46.9557 ], [ 4.61637, 46.94822 ], [ 4.61456, 46.94151 ], [ 4.64969, 46.94148 ], [ 4.67961, 46.93011 ], [ 4.66393, 46.91348 ], [ 4.68756, 46.89984 ], [ 4.71752, 46.90799 ], [ 4.725, 46.92372 ], [ 4.77467, 46.9169 ], [ 4.79207, 46.92528 ], [ 4.78893, 46.93227 ], [ 4.89381, 46.95094 ], [ 4.89449, 46.96657 ], [ 5.00448, 46.95801 ], [ 4.99501, 46.96153 ], [ 5.00336, 46.97219 ], [ 5.01684, 46.96846 ], [ 5.03044, 46.98111 ], [ 5.04931, 46.98158 ], [ 5.0746, 46.95941 ], [ 5.10206, 46.95825 ], [ 5.09762, 46.94482 ], [ 5.12002, 46.96309 ], [ 5.16613, 46.96389 ], [ 5.18167, 46.97482 ], [ 5.19543, 46.9703 ], [ 5.20449, 46.98536 ], [ 5.2122, 46.98014 ], [ 5.2221, 46.98907 ], [ 5.25532, 46.97985 ], [ 5.27416, 46.99847 ], [ 5.31826, 47.01273 ], [ 5.27542, 47.02693 ], [ 5.28392, 47.04803 ], [ 5.30542, 47.06328 ], [ 5.31155, 47.05818 ], [ 5.32417, 47.07428 ], [ 5.3904, 47.08659 ], [ 5.40851, 47.12685 ], [ 5.43852, 47.14153 ], [ 5.45111, 47.16234 ], [ 5.45916, 47.18667 ], [ 5.44506, 47.19966 ], [ 5.48054, 47.21828 ], [ 5.47392, 47.23098 ], [ 5.48632, 47.24338 ], [ 5.478, 47.25618 ], [ 5.48831, 47.28924 ], [ 5.50543, 47.28313 ], [ 5.51865, 47.30278 ], [ 5.49783, 47.31594 ], [ 5.46895, 47.3164 ], [ 5.47687, 47.33132 ], [ 5.4858, 47.32654 ], [ 5.49347, 47.33316 ], [ 5.4971, 47.39021 ], [ 5.47777, 47.39561 ], [ 5.4523, 47.38317 ], [ 5.43226, 47.39294 ], [ 5.4445, 47.4042 ], [ 5.43037, 47.42143 ], [ 5.4393, 47.45039 ], [ 5.41806, 47.44917 ], [ 5.40651, 47.4619 ], [ 5.37955, 47.45054 ], [ 5.38617, 47.45902 ], [ 5.36721, 47.46444 ], [ 5.40798, 47.47738 ], [ 5.387, 47.48049 ], [ 5.39921, 47.4989 ] ] ] ] } },
{ "type": "Feature", "properties": { "dep_code": "22", "dep_name": "Côtes-d'Armor" }, "geometry": { "type": "MultiPolygon", "coordinates": [ [ [ [ -3.59929, 48.76725 ], [ -3.59156, 48.76621 ], [ -3.59449, 48.7696 ], [ -3.59929, 48.76725 ] ] ], [ [ [ -3.59287, 48.77327 ], [ -3.59317, 48.7736 ], [ -3.59327, 48.7734 ], [ -3.59287, 48.77327 ] ] ], [ [ [ -3.59006, 48.7733 ], [ -3.58992, 48.77377 ], [ -3.59063, 48.77402 ], [ -3.59006, 48.7733 ] ] ], [ [ [ -3.58927, 48.7738 ], [ -3.58862, 48.77363 ], [ -3.5886, 48.77412 ], [ -3.58927, 48.7738 ] ] ], [ [ [ -3.60755, 48.78058 ], [ -3.60969, 48.7816 ], [ -3.60989, 48.78121 ], [ -3.60755, 48.78058 ] ] ], [ [ [ -3.59737, 48.79088 ], [ -3.59835, 48.79073 ], [ -3.59604, 48.7892 ], [ -3.59737, 48.79088 ] ] ], [ [ [ -3.59491, 48.79292 ], [ -3.59518, 48.79247 ], [ -3.59489, 48.79131 ], [ -3.59491, 48.79292 ] ] ], [ [ [ -3.56035, 48.7978 ], [ -3.5605, 48.79702 ], [ -3.55993, 48.79723 ], [ -3.56035, 48.7978 ] ] ], [ [ [ -3.61197, 48.79537 ], [ -3.60607, 48.79379 ], [ -3.61078, 48.79792 ], [ -3.61197, 48.79537 ] ] ], [ [ [ -3.5995, 48.79674 ], [ -3.59051, 48.79609 ], [ -3.59344, 48.8015 ], [ -3.5995, 48.79674 ] ] ], [ [ [ -3.60408, 48.79888 ], [ -3.60358, 48.79906 ], [ -3.60396, 48.79941 ], [ -3.60408, 48.79888 ] ] ], [ [ [ -3.5903, 48.80198 ], [ -3.58352, 48.79406 ], [ -3.56235, 48.80328 ], [ -3.5675, 48.80814 ], [ -3.5903, 48.80198 ] ] ], [ [ [ -3.55824, 48.80362 ], [ -3.55572, 48.8009 ], [ -3.55409, 48.80244 ], [ -3.55824, 48.80362 ] ] ], [ [ [ -3.54157, 48.8038 ], [ -3.54204, 48.80423 ], [ -3.54303, 48.80361 ], [ -3.54157, 48.8038 ] ] ], [ [ [ -3.59797, 48.80258 ], [ -3.60078, 48.80349 ], [ -3.60024, 48.80288 ], [ -3.59797, 48.80258 ] ] ], [ [ [ -3.54802, 48.80672 ], [ -3.54791, 48.80495 ], [ -3.54748, 48.80507 ], [ -3.54802, 48.80672 ] ] ], [ [ [ -3.54193, 48.80939 ], [ -3.54222, 48.80953 ], [ -3.54245, 48.80942 ], [ -3.54193, 48.80939 ] ] ], [ [ [ -3.55049, 48.81166 ], [ -3.55317, 48.81191 ], [ -3.55263, 48.81157 ], [ -3.55049, 48.81166 ] ] ], [ [ [ -3.56303, 48.8132 ], [ -3.56256, 48.81148 ], [ -3.559, 48.81025 ], [ -3.56303, 48.8132 ] ] ], [ [ [ -3.57547, 48.8124 ], [ -3.5763, 48.81244 ], [ -3.57522, 48.81133 ], [ -3.57547, 48.8124 ] ] ], [ [ [ -3.54476, 48.82446 ], [ -3.54524, 48.82425 ], [ -3.54224, 48.82284 ], [ -3.54476, 48.82446 ] ] ], [ [ [ -3.53097, 48.82625 ], [ -3.53254, 48.82679 ], [ -3.53309, 48.82586 ], [ -3.53097, 48.82625 ] ] ], [ [ [ -3.56092, 48.82717 ], [ -3.56156, 48.82741 ], [ -3.56176, 48.82677 ], [ -3.56092, 48.82717 ] ] ], [ [ [ -3.53219, 48.83236 ], [ -3.53255, 48.83127 ], [ -3.5314, 48.8309 ], [ -3.53219, 48.83236 ] ] ], [ [ [ -3.52833, 48.83375 ], [ -3.52827, 48.83233 ], [ -3.52765, 48.83231 ], [ -3.52833, 48.83375 ] ] ], [ [ [ -3.49367, 48.83594 ], [ -3.49221, 48.8349 ], [ -3.49221, 48.83664 ], [ -3.49367, 48.83594 ] ] ], [ [ [ -3.5062, 48.87537 ], [ -3.50677, 48.87486 ], [ -3.50644, 48.87472 ], [ -3.5062, 48.87537 ] ] ], [ [ [ -3.50762, 48.87524 ], [ -3.50837, 48.87505 ], [ -3.50636, 48.87548 ], [ -3.50762, 48.87524 ] ] ], [ [ [ -3.49817, 48.88106 ], [ -3.49773, 48.881 ], [ -3.49756, 48.88116 ], [ -3.49817, 48.88106 ] ] ], [ [ [ -3.50017, 48.88246 ], [ -3.49496, 48.88294 ], [ -3.49891, 48.88361 ], [ -3.50017, 48.88246 ] ] ], [ [ [ -3.29186, 48.83354 ], [ -3.29142, 48.83418 ], [ -3.29277, 48.83427 ], [ -3.29186, 48.83354 ] ] ], [ [ [ -3.29638, 48.83674 ], [ -3.29761, 48.83665 ], [ -3.29699, 48.83664 ], [ -3.29638, 48.83674 ] ] ], [ [ [ -3.29432, 48.83696 ], [ -3.29398, 48.83708 ], [ -3.29407, 48.83715 ], [ -3.29432, 48.83696 ] ] ], [ [ [ -3.33623, 48.83602 ], [ -3.33691, 48.83562 ], [ -3.33641, 48.83509 ], [ -3.33623, 48.83602 ] ] ], [ [ [ -3.27394, 48.83899 ], [ -3.27244, 48.83833 ], [ -3.27147, 48.83933 ], [ -3.27394, 48.83899 ] ] ], [ [ [ -3.29533, 48.83868 ], [ -3.2919, 48.83748 ], [ -3.29181, 48.83817 ], [ -3.29533, 48.83868 ] ] ], [ [ [ -3.28587, 48.8399 ], [ -3.28561, 48.83985 ], [ -3.28571, 48.84046 ], [ -3.28587, 48.8399 ] ] ], [ [ [ -3.29729, 48.84062 ], [ -3.29792, 48.84009 ], [ -3.29613, 48.83931 ], [ -3.29729, 48.84062 ] ] ], [ [ [ -3.2942, 48.84107 ], [ -3.29368, 48.84141 ], [ -3.29418, 48.84154 ], [ -3.2942, 48.84107 ] ] ], [ [ [ -3.40857, 48.83272 ], [ -3.40662, 48.83041 ], [ -3.40859, 48.84301 ], [ -3.40857, 48.83272 ] ] ], [ [ [ -3.32414, 48.84168 ], [ -3.3199, 48.84064 ], [ -3.3222, 48.84195 ], [ -3.32414, 48.84168 ] ] ], [ [ [ -3.29626, 48.84663 ], [ -3.29807, 48.84627 ], [ -3.29563, 48.844 ], [ -3.29626, 48.84663 ] ] ], [ [ [ -3.25748, 48.84803 ], [ -3.25768, 48.84815 ], [ -3.25803, 48.84794 ], [ -3.25748, 48.84803 ] ] ], [ [ [ -3.26519, 48.84752 ], [ -3.26474, 48.84792 ], [ -3.26525, 48.84804 ], [ -3.26519, 48.84752 ] ] ], [ [ [ -3.29333, 48.84621 ], [ -3.29304, 48.84624 ], [ -3.29347, 48.8467 ], [ -3.29333, 48.84621 ] ] ], [ [ [ -3.3224, 48.84501 ], [ -3.3191, 48.84477 ], [ -3.31941, 48.84598 ], [ -3.3224, 48.84501 ] ] ], [ [ [ -3.30147, 48.84483 ], [ -3.30236, 48.84969 ], [ -3.30799, 48.8493 ], [ -3.30947, 48.8489 ], [ -3.31056, 48.84786 ], [ -3.31082, 48.84666 ], [ -3.30789, 48.84326 ], [ -3.30147, 48.84483 ] ], [ [ -3.30474, 48.84581 ], [ -3.31012, 48.84626 ], [ -3.30882, 48.84895 ], [ -3.30474, 48.84581 ] ] ], [ [ [ -3.2788, 48.84939 ], [ -3.2926, 48.85155 ], [ -3.29022, 48.84786 ], [ -3.28767, 48.8468 ], [ -3.28552, 48.84659 ], [ -3.2831, 48.84689 ], [ -3.28144, 48.84746 ], [ -3.28031, 48.84839 ], [ -3.27923, 48.84869 ], [ -3.28395, 48.84488 ], [ -3.27903, 48.84356 ], [ -3.2788, 48.84939 ] ] ], [ [ [ -3.29808, 48.84737 ], [ -3.29864, 48.84771 ], [ -3.29849, 48.84708 ], [ -3.29808, 48.84737 ] ] ], [ [ [ -3.29326, 48.84776 ], [ -3.29425, 48.84848 ], [ -3.29438, 48.84768 ], [ -3.29326, 48.84776 ] ] ], [ [ [ -3.2912, 48.84878 ], [ -3.29127, 48.84923 ], [ -3.29185, 48.84862 ], [ -3.2912, 48.84878 ] ] ], [ [ [ -3.29808, 48.84893 ], [ -3.29567, 48.84775 ], [ -3.29541, 48.84912 ], [ -3.29808, 48.84893 ] ] ], [ [ [ -3.29522, 48.85044 ], [ -3.29496, 48.85014 ], [ -3.29448, 48.85038 ], [ -3.29522, 48.85044 ] ] ], [ [ [ -3.25935, 48.8533 ], [ -3.26022, 48.84943 ], [ -3.25778, 48.85414 ], [ -3.25935, 48.8533 ] ] ], [ [ [ -3.30371, 48.85049 ], [ -3.30074, 48.84921 ], [ -3.30175, 48.852 ], [ -3.30371, 48.85049 ] ] ], [ [ [ -3.24796, 48.86526 ], [ -3.24765, 48.8651 ], [ -3.24745, 48.86522 ], [ -3.24796, 48.86526 ] ] ], [ [ [ -3.49445, 48.878 ], [ -3.488, 48.87876 ], [ -3.49046, 48.88018 ], [ -3.49445, 48.878 ] ] ], [ [ [ -3.48531, 48.88121 ], [ -3.47501, 48.88174 ], [ -3.47647, 48.88409 ], [ -3.48531, 48.88121 ] ] ], [ [ [ -3.46152, 48.89081 ], [ -3.46363, 48.89262 ], [ -3.46401, 48.89259 ], [ -3.46152, 48.89081 ] ] ], [ [ [ -3.43856, 48.89734 ], [ -3.43525, 48.89978 ], [ -3.43742, 48.90097 ], [ -3.43856, 48.89734 ] ] ], [ [ [ -3.00121, 48.78085 ], [ -3.00085, 48.78071 ], [ -3.0007, 48.78096 ], [ -3.00121, 48.78085 ] ] ], [ [ [ -3.07895, 48.82104 ], [ -3.07877, 48.82134 ], [ -3.07988, 48.82153 ], [ -3.07895, 48.82104 ] ] ], [ [ [ -3.05434, 48.82341 ], [ -3.05455, 48.82332 ], [ -3.05383, 48.82303 ], [ -3.05434, 48.82341 ] ] ], [ [ [ -3.07935, 48.82686 ], [ -3.07914, 48.82707 ], [ -3.07945, 48.82725 ], [ -3.07935, 48.82686 ] ] ], [ [ [ -3.02633, 48.83645 ], [ -3.02833, 48.8355 ], [ -3.02726, 48.83498 ], [ -3.02633, 48.83645 ] ] ], [ [ [ -3.07035, 48.8335 ], [ -3.0709, 48.83404 ], [ -3.0713, 48.83374 ], [ -3.07035, 48.8335 ] ] ], [ [ [ -3.02112, 48.83582 ], [ -3.01969, 48.83462 ], [ -3.01783, 48.83635 ], [ -3.02112, 48.83582 ] ] ], [ [ [ -3.08928, 48.83778 ], [ -3.08913, 48.83805 ], [ -3.08949, 48.83808 ], [ -3.08928, 48.83778 ] ] ], [ [ [ -3.02181, 48.84303 ], [ -3.01738, 48.8387 ], [ -3.01522, 48.84444 ], [ -3.02181, 48.84303 ] ] ], [ [ [ -3.01377, 48.85127 ], [ -3.00772, 48.84733 ], [ -3.01125, 48.83705 ], [ -2.99621, 48.83852 ], [ -2.99426, 48.85022 ], [ -3.01377, 48.85127 ] ] ], [ [ [ -3.03685, 48.84331 ], [ -3.03793, 48.84312 ], [ -3.0382, 48.84263 ], [ -3.03685, 48.84331 ] ] ], [ [ [ -3.01118, 48.8442 ], [ -3.01077, 48.84417 ], [ -3.01113, 48.84438 ], [ -3.01118, 48.8442 ] ] ], [ [ [ -3.2014, 48.83464 ], [ -3.20178, 48.83522 ], [ -3.20246, 48.83501 ], [ -3.2014, 48.83464 ] ] ], [ [ [ -3.02172, 48.84476 ], [ -3.02132, 48.8447 ], [ -3.02123, 48.84481 ], [ -3.02172, 48.84476 ] ] ], [ [ [ -3.20286, 48.83613 ], [ -3.20281, 48.83565 ], [ -3.20254, 48.83569 ], [ -3.20286, 48.83613 ] ] ], [ [ [ -3.0202, 48.84646 ], [ -3.01845, 48.84612 ], [ -3.01768, 48.84719 ], [ -3.0202, 48.84646 ] ] ], [ [ [ -2.99999, 48.85139 ], [ -3.00057, 48.8514 ], [ -3.00032, 48.85118 ], [ -2.99999, 48.85139 ] ] ], [ [ [ -3.08091, 48.84821 ], [ -3.08107, 48.84738 ], [ -3.07818, 48.84806 ], [ -3.08091, 48.84821 ] ] ], [ [ [ -3.20227, 48.84861 ], [ -3.20279, 48.84912 ], [ -3.20287, 48.849 ], [ -3.20227, 48.84861 ] ] ], [ [ [ -3.20481, 48.8539 ], [ -3.20285, 48.84979 ], [ -3.2019, 48.85037 ], [ -3.20481, 48.8539 ] ] ], [ [ [ -3.08769, 48.8588 ], [ -3.0882, 48.85912 ], [ -3.08846, 48.85883 ], [ -3.08769, 48.8588 ] ] ], [ [ [ -3.04526, 48.85909 ], [ -3.03228, 48.86308 ], [ -3.03742, 48.86391 ], [ -3.04526, 48.85909 ] ] ], [ [ [ -3.08395, 48.86133 ], [ -3.08386, 48.86163 ], [ -3.08494, 48.86122 ], [ -3.08395, 48.86133 ] ] ], [ [ [ -3.24695, 48.86206 ], [ -3.24601, 48.8618 ], [ -3.2458, 48.86272 ], [ -3.24695, 48.86206 ] ] ], [ [ [ -3.19814, 48.86405 ], [ -3.19538, 48.86306 ], [ -3.19195, 48.86704 ], [ -3.19814, 48.86405 ] ] ], [ [ [ -3.24551, 48.86519 ], [ -3.24582, 48.86526 ], [ -3.24593, 48.86509 ], [ -3.24551, 48.86519 ] ] ], [ [ [ -3.19225, 48.86873 ], [ -3.19323, 48.8687 ], [ -3.19283, 48.86828 ], [ -3.19225, 48.86873 ] ] ], [ [ [ -3.19487, 48.87535 ], [ -3.18383, 48.86357 ], [ -3.18016, 48.86566 ], [ -3.1807, 48.87317 ], [ -3.19487, 48.87535 ] ] ], [ [ [ -3.06757, 48.88826 ], [ -3.06727, 48.88903 ], [ -3.06759, 48.88866 ], [ -3.06757, 48.88826 ] ] ], [ [ [ -3.06169, 48.89182 ], [ -3.06248, 48.89191 ], [ -3.06236, 48.89086 ], [ -3.06169, 48.89182 ] ] ], [ [ [ -2.41443, 48.64004 ], [ -2.41581, 48.63216 ], [ -2.41854, 48.64709 ], [ -2.43846, 48.6527 ], [ -2.48793, 48.64552 ], [ -2.48865, 48.64405 ], [ -2.47933, 48.63364 ], [ -2.46784, 48.63573 ], [ -2.47374, 48.62213 ], [ -2.52073, 48.60013 ], [ -2.55421, 48.59948 ], [ -2.56992, 48.58362 ], [ -2.56374, 48.57611 ], [ -2.57552, 48.5769 ], [ -2.63249, 48.5375 ], [ -2.62255, 48.52034 ], [ -2.6544, 48.52526 ], [ -2.66903, 48.53613 ], [ -2.68121, 48.53295 ], [ -2.67534, 48.50955 ], [ -2.68469, 48.49788 ], [ -2.67228, 48.48601 ], [ -2.71372, 48.5196 ], [ -2.71029, 48.53303 ], [ -2.71481, 48.53546 ], [ -2.71056, 48.53291 ], [ -2.72633, 48.52804 ], [ -2.73845, 48.5274 ], [ -2.73611, 48.52916 ], [ -2.72686, 48.52957 ], [ -2.71877, 48.53553 ], [ -2.72494, 48.54716 ], [ -2.71348, 48.55562 ], [ -2.76048, 48.56531 ], [ -2.77915, 48.58501 ], [ -2.82135, 48.5943 ], [ -2.81416, 48.61488 ], [ -2.82732, 48.64677 ], [ -2.81714, 48.64964 ], [ -2.83728, 48.65563 ], [ -2.85901, 48.67604 ], [ -2.883, 48.67558 ], [ -2.88902, 48.69985 ], [ -2.90441, 48.69923 ], [ -2.92675, 48.7088 ], [ -2.92995, 48.72108 ], [ -2.94499, 48.72051 ], [ -2.93419, 48.73706 ], [ -2.94228, 48.74489 ], [ -2.92839, 48.75458 ], [ -2.94355, 48.75734 ], [ -2.95186, 48.77172 ], [ -2.96108, 48.76304 ], [ -2.9897, 48.7624 ], [ -3.03006, 48.77525 ], [ -3.00931, 48.78166 ], [ -3.0457, 48.78478 ], [ -3.005, 48.79907 ], [ -3.01258, 48.82115 ], [ -3.05332, 48.81535 ], [ -3.0661, 48.82231 ], [ -3.08367, 48.81278 ], [ -3.09463, 48.78132 ], [ -3.10548, 48.77975 ], [ -3.0987, 48.76866 ], [ -3.14885, 48.73572 ], [ -3.08445, 48.7174 ], [ -3.09017, 48.71562 ], [ -3.09756, 48.71671 ], [ -3.13179, 48.7265 ], [ -3.12967, 48.71943 ], [ -3.14054, 48.71075 ], [ -3.13059, 48.72185 ], [ -3.15104, 48.73443 ], [ -3.14842, 48.74733 ], [ -3.12382, 48.75813 ], [ -3.12835, 48.77308 ], [ -3.09904, 48.78338 ], [ -3.09843, 48.80496 ], [ -3.08386, 48.82705 ], [ -3.07185, 48.83076 ], [ -3.10002, 48.83092 ], [ -3.08365, 48.84777 ], [ -3.09336, 48.86109 ], [ -3.08621, 48.8635 ], [ -3.07624, 48.85626 ], [ -3.07675, 48.85897 ], [ -3.08555, 48.86832 ], [ -3.10168, 48.86681 ], [ -3.09372, 48.86911 ], [ -3.08121, 48.87563 ], [ -3.07234, 48.88374 ], [ -3.0912, 48.87069 ], [ -3.16649, 48.85349 ], [ -3.18256, 48.84348 ], [ -3.22361, 48.79637 ], [ -3.21483, 48.7829 ], [ -3.222, 48.77477 ], [ -3.19911, 48.76435 ], [ -3.22045, 48.77191 ], [ -3.25008, 48.7511 ], [ -3.25506, 48.75809 ], [ -3.23694, 48.76052 ], [ -3.2216, 48.7847 ], [ -3.22679, 48.79204 ], [ -3.24453, 48.78446 ], [ -3.244, 48.78643 ], [ -3.24269, 48.78746 ], [ -3.24745, 48.78541 ], [ -3.24948, 48.78582 ], [ -3.24947, 48.78988 ], [ -3.2542, 48.78317 ], [ -3.25202, 48.78868 ], [ -3.2495, 48.79053 ], [ -3.24721, 48.79004 ], [ -3.2483, 48.78596 ], [ -3.24216, 48.78829 ], [ -3.24314, 48.78544 ], [ -3.23882, 48.79002 ], [ -3.23945, 48.79085 ], [ -3.22651, 48.79386 ], [ -3.20337, 48.82451 ], [ -3.20687, 48.83831 ], [ -3.21941, 48.83371 ], [ -3.20599, 48.84708 ], [ -3.22433, 48.86982 ], [ -3.23903, 48.86703 ], [ -3.26354, 48.83451 ], [ -3.27615, 48.83811 ], [ -3.27529, 48.84325 ], [ -3.29283, 48.82974 ], [ -3.31961, 48.83858 ], [ -3.35365, 48.82004 ], [ -3.38936, 48.81584 ], [ -3.38799, 48.80272 ], [ -3.43043, 48.79716 ], [ -3.4405, 48.79816 ], [ -3.44312, 48.80336 ], [ -3.42807, 48.82154 ], [ -3.45893, 48.81626 ], [ -3.47631, 48.83793 ], [ -3.49083, 48.83209 ], [ -3.48383, 48.82254 ], [ -3.49639, 48.83111 ], [ -3.50281, 48.82403 ], [ -3.50471, 48.84038 ], [ -3.5259, 48.83018 ], [ -3.51901, 48.81891 ], [ -3.54177, 48.82288 ], [ -3.54813, 48.81244 ], [ -3.53599, 48.81149 ], [ -3.53498, 48.80184 ], [ -3.55448, 48.79143 ], [ -3.56728, 48.79808 ], [ -3.56906, 48.78973 ], [ -3.58446, 48.79043 ], [ -3.5849, 48.75759 ], [ -3.56264, 48.75949 ], [ -3.55057, 48.73325 ], [ -3.47499, 48.7401 ], [ -3.46998, 48.7384 ], [ -3.46501, 48.73148 ], [ -3.46714, 48.73231 ], [ -3.46958, 48.73464 ], [ -3.47087, 48.73797 ], [ -3.47598, 48.73918 ], [ -3.50405, 48.73167 ], [ -3.53902, 48.73237 ], [ -3.53531, 48.72759 ], [ -3.58293, 48.72561 ], [ -3.58444, 48.69066 ], [ -3.56807, 48.68612 ], [ -3.57258, 48.67548 ], [ -3.6102, 48.66979 ], [ -3.62343, 48.68663 ], [ -3.66588, 48.65222 ], [ -3.65452, 48.61707 ], [ -3.63891, 48.61215 ], [ -3.64056, 48.59618 ], [ -3.58864, 48.58272 ], [ -3.5987, 48.55712 ], [ -3.57135, 48.55837 ], [ -3.53982, 48.53821 ], [ -3.60443, 48.49626 ], [ -3.60762, 48.47839 ], [ -3.55081, 48.44782 ], [ -3.60016, 48.42204 ], [ -3.60773, 48.388 ], [ -3.55415, 48.37855 ], [ -3.56323, 48.34718 ], [ -3.55219, 48.31621 ], [ -3.54109, 48.31145 ], [ -3.52506, 48.32353 ], [ -3.51833, 48.31854 ], [ -3.55499, 48.29362 ], [ -3.51804, 48.28228 ], [ -3.52297, 48.25572 ], [ -3.556, 48.24204 ], [ -3.55786, 48.22862 ], [ -3.53944, 48.20655 ], [ -3.52079, 48.20284 ], [ -3.51941, 48.18947 ], [ -3.54411, 48.19387 ], [ -3.56586, 48.18643 ], [ -3.53602, 48.17803 ], [ -3.47714, 48.18628 ], [ -3.46995, 48.1773 ], [ -3.44941, 48.17863 ], [ -3.44504, 48.18708 ], [ -3.42001, 48.17401 ], [ -3.4389, 48.16006 ], [ -3.41733, 48.14561 ], [ -3.40238, 48.15703 ], [ -3.39341, 48.15167 ], [ -3.33707, 48.17192 ], [ -3.3254, 48.15017 ], [ -3.28945, 48.15416 ], [ -3.27224, 48.14002 ], [ -3.24135, 48.15163 ], [ -3.21148, 48.14247 ], [ -3.2151, 48.15385 ], [ -3.19233, 48.16501 ], [ -3.17531, 48.15875 ], [ -3.15903, 48.16804 ], [ -3.15508, 48.15847 ], [ -3.13977, 48.16379 ], [ -3.13678, 48.18999 ], [ -3.11573, 48.20668 ], [ -3.05407, 48.20697 ], [ -3.01483, 48.19791 ], [ -3.01177, 48.17208 ], [ -2.99526, 48.17077 ], [ -2.99991, 48.16061 ], [ -2.94051, 48.17173 ], [ -2.89174, 48.16489 ], [ -2.8519, 48.14148 ], [ -2.80394, 48.14513 ], [ -2.78191, 48.12109 ], [ -2.77324, 48.08653 ], [ -2.75437, 48.11589 ], [ -2.70351, 48.11248 ], [ -2.67735, 48.13104 ], [ -2.66087, 48.13083 ], [ -2.65003, 48.09712 ], [ -2.67322, 48.06383 ], [ -2.65559, 48.03259 ], [ -2.64509, 48.04224 ], [ -2.64543, 48.03546 ], [ -2.62578, 48.03481 ], [ -2.5785, 48.07185 ], [ -2.56449, 48.06732 ], [ -2.54742, 48.0765 ], [ -2.55489, 48.0991 ], [ -2.53444, 48.10659 ], [ -2.51398, 48.13231 ], [ -2.53165, 48.15795 ], [ -2.48938, 48.15508 ], [ -2.4872, 48.16691 ], [ -2.47188, 48.15981 ], [ -2.45321, 48.16348 ], [ -2.44941, 48.17295 ], [ -2.41892, 48.17299 ], [ -2.37453, 48.14029 ], [ -2.37567, 48.12665 ], [ -2.35776, 48.11114 ], [ -2.34904, 48.12662 ], [ -2.32466, 48.12132 ], [ -2.31688, 48.13557 ], [ -2.28761, 48.13379 ], [ -2.27122, 48.1514 ], [ -2.23612, 48.14454 ], [ -2.24905, 48.15623 ], [ -2.22326, 48.17293 ], [ -2.21816, 48.20433 ], [ -2.22775, 48.21117 ], [ -2.18389, 48.21034 ], [ -2.18412, 48.24971 ], [ -2.15266, 48.2621 ], [ -2.10654, 48.25185 ], [ -2.09575, 48.26636 ], [ -2.11433, 48.27139 ], [ -2.08055, 48.27727 ], [ -2.08013, 48.29331 ], [ -2.0532, 48.29833 ], [ -2.01426, 48.27966 ], [ -2.00212, 48.28068 ], [ -1.99359, 48.29896 ], [ -1.95718, 48.29375 ], [ -1.96834, 48.30331 ], [ -1.95391, 48.31571 ], [ -1.9669, 48.34295 ], [ -1.92904, 48.34706 ], [ -1.9474, 48.36713 ], [ -1.93994, 48.39312 ], [ -1.93005, 48.3948 ], [ -1.94311, 48.40094 ], [ -1.93631, 48.41984 ], [ -1.95174, 48.43978 ], [ -1.92784, 48.45313 ], [ -1.92878, 48.47644 ], [ -1.90905, 48.48162 ], [ -1.92358, 48.50122 ], [ -1.91104, 48.51698 ], [ -1.93182, 48.55088 ], [ -1.95465, 48.52297 ], [ -1.94178, 48.51969 ], [ -1.94561, 48.51791 ], [ -1.95203, 48.51854 ], [ -1.96539, 48.52725 ], [ -1.96522, 48.51196 ], [ -1.9782, 48.51174 ], [ -1.98029, 48.4985 ], [ -2.0018, 48.49139 ], [ -1.99458, 48.4979 ], [ -1.98238, 48.49998 ], [ -1.98563, 48.51111 ], [ -1.979, 48.51561 ], [ -1.98535, 48.52496 ], [ -1.99639, 48.52293 ], [ -1.97293, 48.53389 ], [ -1.97355, 48.54487 ], [ -1.99002, 48.54458 ], [ -2.00421, 48.56903 ], [ -2.04463, 48.54185 ], [ -2.05381, 48.55409 ], [ -2.04441, 48.56421 ], [ -2.09424, 48.57056 ], [ -2.12446, 48.58916 ], [ -2.12382, 48.60453 ], [ -2.14476, 48.62002 ], [ -2.17209, 48.59648 ], [ -2.17213, 48.59565 ], [ -2.16899, 48.59313 ], [ -2.1536, 48.58722 ], [ -2.1658, 48.57702 ], [ -2.18447, 48.57835 ], [ -2.18266, 48.60276 ], [ -2.19607, 48.61046 ], [ -2.19129, 48.59389 ], [ -2.21727, 48.57148 ], [ -2.21342, 48.56838 ], [ -2.21978, 48.56029 ], [ -2.2152, 48.55428 ], [ -2.22382, 48.54759 ], [ -2.2156, 48.54109 ], [ -2.22634, 48.5381 ], [ -2.22576, 48.53965 ], [ -2.2187, 48.54331 ], [ -2.2242, 48.54695 ], [ -2.22419, 48.55302 ], [ -2.21601, 48.56826 ], [ -2.22584, 48.57073 ], [ -2.21004, 48.5865 ], [ -2.22549, 48.59482 ], [ -2.22832, 48.61097 ], [ -2.24575, 48.61537 ], [ -2.23798, 48.62579 ], [ -2.25586, 48.63641 ], [ -2.24307, 48.64476 ], [ -2.27369, 48.64044 ], [ -2.31352, 48.60999 ], [ -2.33769, 48.61979 ], [ -2.28376, 48.66886 ], [ -2.31074, 48.67043 ], [ -2.31812, 48.68854 ], [ -2.35827, 48.65656 ], [ -2.41443, 48.64004 ] ] ], [ [ [ -2.15479, 48.62062 ], [ -2.15462, 48.62039 ], [ -2.15246, 48.61994 ], [ -2.15479, 48.62062 ] ] ], [ [ [ -2.19621, 48.62062 ], [ -2.19404, 48.6183 ], [ -2.18679, 48.62694 ], [ -2.19621, 48.62062 ] ] ], [ [ [ -2.2063, 48.62296 ], [ -2.20663, 48.6222 ], [ -2.20641, 48.6222 ], [ -2.2063, 48.62296 ] ] ], [ [ [ -2.47562, 48.62989 ], [ -2.47375, 48.62908 ], [ -2.47488, 48.63084 ], [ -2.47562, 48.62989 ] ] ], [ [ [ -2.42603, 48.6556 ], [ -2.42511, 48.65438 ], [ -2.42491, 48.65515 ], [ -2.42603, 48.6556 ] ] ], [ [ [ -2.82505, 48.65369 ], [ -2.82561, 48.65322 ], [ -2.82471, 48.65269 ], [ -2.82505, 48.65369 ] ] ], [ [ [ -2.89627, 48.70223 ], [ -2.89524, 48.70146 ], [ -2.89521, 48.70249 ], [ -2.89627, 48.70223 ] ] ], [ [ [ -2.87971, 48.70308 ], [ -2.8805, 48.70313 ], [ -2.87973, 48.70284 ], [ -2.87971, 48.70308 ] ] ], [ [ [ -2.9521, 48.77318 ], [ -2.95218, 48.77305 ], [ -2.95187, 48.773 ], [ -2.9521, 48.77318 ] ] ], [ [ [ -2.94987, 48.77563 ], [ -2.95084, 48.77432 ], [ -2.94843, 48.77442 ], [ -2.94987, 48.77563 ] ] ], [ [ [ -2.95295, 48.77909 ], [ -2.94596, 48.7801 ], [ -2.94716, 48.78079 ], [ -2.95295, 48.77909 ] ] ], [ [ [ -2.95902, 48.78032 ], [ -2.95983, 48.78026 ], [ -2.95947, 48.77955 ], [ -2.95902, 48.78032 ] ] ], [ [ [ -2.98226, 48.79613 ], [ -2.97594, 48.79788 ], [ -2.98034, 48.79976 ], [ -2.98226, 48.79613 ] ] ], [ [ [ -2.99178, 48.80376 ], [ -2.99057, 48.80417 ], [ -2.99126, 48.80426 ], [ -2.99178, 48.80376 ] ] ], [ [ [ -2.98334, 48.8052 ], [ -2.98312, 48.80533 ], [ -2.98334, 48.80551 ], [ -2.98334, 48.8052 ] ] ], [ [ [ -2.99674, 48.8367 ], [ -2.99684, 48.83733 ], [ -2.99792, 48.83676 ], [ -2.99674, 48.8367 ] ] ], [ [ [ -2.99266, 48.83819 ], [ -2.98815, 48.84012 ], [ -2.99204, 48.84202 ], [ -2.99266, 48.83819 ] ] ], [ [ [ -2.98589, 48.84467 ], [ -2.9834, 48.84532 ], [ -2.98574, 48.84531 ], [ -2.98589, 48.84467 ] ] ], [ [ [ -2.98316, 48.84643 ], [ -2.98302, 48.84646 ], [ -2.98371, 48.84689 ], [ -2.98316, 48.84643 ] ] ], [ [ [ -2.98235, 48.84651 ], [ -2.97853, 48.84552 ], [ -2.98056, 48.84833 ], [ -2.98235, 48.84651 ] ] ], [ [ [ -2.98429, 48.84702 ], [ -2.98426, 48.84752 ], [ -2.98449, 48.84751 ], [ -2.98429, 48.84702 ] ] ], [ [ [ -2.98711, 48.84628 ], [ -2.98684, 48.84908 ], [ -2.98843, 48.84695 ], [ -2.98711, 48.84628 ] ] ], [ [ [ -2.991, 48.85306 ], [ -2.99233, 48.85276 ], [ -2.98966, 48.85239 ], [ -2.991, 48.85306 ] ] ], [ [ [ -2.99403, 48.85339 ], [ -2.99397, 48.85327 ], [ -2.99366, 48.85336 ], [ -2.99403, 48.85339 ] ] ], [ [ [ -2.98916, 48.85723 ], [ -2.99016, 48.85653 ], [ -2.9897, 48.85636 ], [ -2.98916, 48.85723 ] ] ], [ [ [ -3.01229, 48.85748 ], [ -2.99768, 48.85068 ], [ -2.98572, 48.86551 ], [ -2.99517, 48.8644 ], [ -3.01229, 48.85748 ] ] ], [ [ [ -2.98286, 48.85855 ], [ -2.98059, 48.85914 ], [ -2.98048, 48.8611 ], [ -2.98193, 48.86034 ], [ -2.98286, 48.85855 ] ] ] ] } },
{ "type": "Feature", "properties": { "dep_code": "23", "dep_name": "Creuse" }, "geometry": { "type": "Polygon", "coordinates": [ [ [ 1.88356, 46.43273 ], [ 1.8546, 46.43394 ], [ 1.83965, 46.42585 ], [ 1.81953, 46.43003 ], [ 1.79806, 46.45524 ], [ 1.75464, 46.45231 ], [ 1.76007, 46.42697 ], [ 1.7505, 46.40559 ], [ 1.72733, 46.39062 ], [ 1.70273, 46.39687 ], [ 1.68373, 46.41818 ], [ 1.64051, 46.38466 ], [ 1.61448, 46.39945 ], [ 1.61839, 46.42211 ], [ 1.54762, 46.39299 ], [ 1.54427, 46.41906 ], [ 1.52273, 46.42673 ], [ 1.49787, 46.39448 ], [ 1.47809, 46.39417 ], [ 1.46646, 46.37563 ], [ 1.4457, 46.37473 ], [ 1.43493, 46.36465 ], [ 1.44028, 46.35643 ], [ 1.41054, 46.34492 ], [ 1.44686, 46.33195 ], [ 1.43656, 46.32144 ], [ 1.44529, 46.30543 ], [ 1.42601, 46.29867 ], [ 1.41439, 46.28047 ], [ 1.43773, 46.27211 ], [ 1.41485, 46.27132 ], [ 1.40398, 46.25995 ], [ 1.41801, 46.24113 ], [ 1.39441, 46.23924 ], [ 1.37259, 46.21606 ], [ 1.41551, 46.17632 ], [ 1.46141, 46.17804 ], [ 1.4654, 46.16069 ], [ 1.45269, 46.15265 ], [ 1.47337, 46.14929 ], [ 1.48454, 46.13468 ], [ 1.49669, 46.14278 ], [ 1.50706, 46.12204 ], [ 1.49149, 46.11972 ], [ 1.48408, 46.10452 ], [ 1.49855, 46.1065 ], [ 1.50484, 46.08844 ], [ 1.52976, 46.09053 ], [ 1.52576, 46.07794 ], [ 1.54309, 46.07767 ], [ 1.53153, 46.05841 ], [ 1.54954, 46.03573 ], [ 1.53583, 46.02566 ], [ 1.5339, 46.00346 ], [ 1.56837, 45.99703 ], [ 1.57742, 45.97797 ], [ 1.56663, 45.96357 ], [ 1.51953, 45.95174 ], [ 1.50933, 45.93279 ], [ 1.53055, 45.93194 ], [ 1.54722, 45.9169 ], [ 1.55834, 45.92237 ], [ 1.56728, 45.91403 ], [ 1.58088, 45.91778 ], [ 1.57915, 45.93138 ], [ 1.6185, 45.92874 ], [ 1.62085, 45.9345 ], [ 1.63924, 45.9254 ], [ 1.62476, 45.91611 ], [ 1.64241, 45.8928 ], [ 1.63209, 45.88935 ], [ 1.62091, 45.89995 ], [ 1.6191, 45.88118 ], [ 1.61561, 45.89216 ], [ 1.59107, 45.88319 ], [ 1.605, 45.88056 ], [ 1.60239, 45.85746 ], [ 1.65435, 45.84553 ], [ 1.65983, 45.83404 ], [ 1.69237, 45.84458 ], [ 1.73061, 45.84187 ], [ 1.75573, 45.85571 ], [ 1.7568, 45.86748 ], [ 1.77065, 45.86866 ], [ 1.7812, 45.85305 ], [ 1.77606, 45.83298 ], [ 1.79746, 45.83161 ], [ 1.82804, 45.80992 ], [ 1.83618, 45.82575 ], [ 1.8467, 45.80998 ], [ 1.88802, 45.79031 ], [ 1.89194, 45.76865 ], [ 1.90261, 45.76768 ], [ 1.8743, 45.75576 ], [ 1.88632, 45.74547 ], [ 1.87331, 45.72597 ], [ 1.88775, 45.72671 ], [ 1.89221, 45.71854 ], [ 1.88013, 45.71083 ], [ 1.89915, 45.69833 ], [ 1.92237, 45.71366 ], [ 1.93126, 45.70528 ], [ 1.94886, 45.70623 ], [ 1.94204, 45.71404 ], [ 1.95658, 45.72476 ], [ 1.99144, 45.72081 ], [ 2.00149, 45.74906 ], [ 2.03631, 45.75402 ], [ 2.05183, 45.76527 ], [ 2.08391, 45.74604 ], [ 2.0846, 45.72836 ], [ 2.09652, 45.73441 ], [ 2.11387, 45.72473 ], [ 2.13346, 45.7356 ], [ 2.15657, 45.72163 ], [ 2.16438, 45.73634 ], [ 2.18246, 45.72105 ], [ 2.20775, 45.71571 ], [ 2.19444, 45.69877 ], [ 2.21134, 45.70208 ], [ 2.21168, 45.71294 ], [ 2.22388, 45.69587 ], [ 2.27075, 45.6918 ], [ 2.26867, 45.66355 ], [ 2.30826, 45.67656 ], [ 2.32093, 45.66847 ], [ 2.32149, 45.67821 ], [ 2.34936, 45.69304 ], [ 2.34464, 45.70708 ], [ 2.364, 45.71303 ], [ 2.43577, 45.69921 ], [ 2.47329, 45.7192 ], [ 2.47055, 45.72801 ], [ 2.49173, 45.74213 ], [ 2.45492, 45.76131 ], [ 2.44478, 45.75819 ], [ 2.42699, 45.7945 ], [ 2.38806, 45.8274 ], [ 2.40315, 45.83869 ], [ 2.4306, 45.83418 ], [ 2.43594, 45.84701 ], [ 2.44762, 45.84563 ], [ 2.44316, 45.86626 ], [ 2.47034, 45.87254 ], [ 2.49216, 45.86416 ], [ 2.50215, 45.88856 ], [ 2.51417, 45.88558 ], [ 2.55762, 45.91255 ], [ 2.54137, 45.92059 ], [ 2.55123, 45.94123 ], [ 2.56972, 45.94738 ], [ 2.5632, 45.95615 ], [ 2.61128, 45.97199 ], [ 2.59322, 45.99031 ], [ 2.60269, 46.0332 ], [ 2.57034, 46.04741 ], [ 2.55049, 46.08565 ], [ 2.5473, 46.11283 ], [ 2.56587, 46.15495 ], [ 2.55855, 46.17477 ], [ 2.52578, 46.18777 ], [ 2.51597, 46.23957 ], [ 2.48952, 46.24747 ], [ 2.46989, 46.28818 ], [ 2.4326, 46.29563 ], [ 2.42168, 46.28423 ], [ 2.42047, 46.31013 ], [ 2.39186, 46.32999 ], [ 2.36477, 46.31079 ], [ 2.35517, 46.32563 ], [ 2.33588, 46.3233 ], [ 2.30108, 46.34229 ], [ 2.32314, 46.36761 ], [ 2.33775, 46.36439 ], [ 2.33136, 46.37897 ], [ 2.28745, 46.38241 ], [ 2.28109, 46.42047 ], [ 2.19721, 46.42829 ], [ 2.11536, 46.42219 ], [ 2.08895, 46.4089 ], [ 2.07402, 46.41995 ], [ 1.99464, 46.43066 ], [ 1.97859, 46.44161 ], [ 1.9239, 46.43185 ], [ 1.90944, 46.44375 ], [ 1.89784, 46.43608 ], [ 1.88487, 46.44102 ], [ 1.88356, 46.43273 ] ] ] } },
{ "type": "Feature", "properties": { "dep_code": "24", "dep_name": "Dordogne" }, "geometry": { "type": "Polygon", "coordinates": [ [ [ 0.04077, 45.02191 ], [ 0.04013, 44.99384 ], [ 0.03049, 44.97604 ], [ 0.01394, 44.97913 ], [ 0.00323, 44.94732 ], [ 0.0343, 44.91462 ], [ -0.01047, 44.85809 ], [ -0.03421, 44.85216 ], [ 0.0221, 44.84972 ], [ 0.03921, 44.82784 ], [ 0.07155, 44.8187 ], [ 0.09779, 44.83322 ], [ 0.11103, 44.81902 ], [ 0.14733, 44.82938 ], [ 0.19017, 44.8203 ], [ 0.24254, 44.85813 ], [ 0.23788, 44.87208 ], [ 0.28534, 44.86467 ], [ 0.31512, 44.84542 ], [ 0.28682, 44.82301 ], [ 0.26385, 44.82646 ], [ 0.27098, 44.78562 ], [ 0.34664, 44.72223 ], [ 0.34048, 44.70311 ], [ 0.35967, 44.69046 ], [ 0.35247, 44.65445 ], [ 0.36622, 44.66212 ], [ 0.37492, 44.65303 ], [ 0.38609, 44.65698 ], [ 0.4169, 44.64508 ], [ 0.51176, 44.67894 ], [ 0.54831, 44.66483 ], [ 0.56996, 44.67391 ], [ 0.58471, 44.69888 ], [ 0.61982, 44.69115 ], [ 0.63029, 44.70675 ], [ 0.65463, 44.69677 ], [ 0.65873, 44.67686 ], [ 0.68399, 44.6753 ], [ 0.76303, 44.6787 ], [ 0.76307, 44.68998 ], [ 0.78599, 44.68489 ], [ 0.79737, 44.70178 ], [ 0.82717, 44.6919 ], [ 0.82713, 44.6733 ], [ 0.85244, 44.66898 ], [ 0.83492, 44.65343 ], [ 0.83857, 44.63556 ], [ 0.81698, 44.62706 ], [ 0.83934, 44.61375 ], [ 0.83371, 44.59989 ], [ 0.86999, 44.59746 ], [ 0.87697, 44.61604 ], [ 0.90085, 44.61752 ], [ 0.93963, 44.63997 ], [ 0.968, 44.6345 ], [ 0.98019, 44.64498 ], [ 1.01365, 44.61436 ], [ 1.07303, 44.59634 ], [ 1.07641, 44.57263 ], [ 1.08787, 44.57076 ], [ 1.10321, 44.57173 ], [ 1.09459, 44.59234 ], [ 1.15253, 44.63602 ], [ 1.14673, 44.6708 ], [ 1.18135, 44.68327 ], [ 1.22455, 44.68427 ], [ 1.27081, 44.72286 ], [ 1.28774, 44.71486 ], [ 1.30017, 44.74445 ], [ 1.31583, 44.74047 ], [ 1.3228, 44.7651 ], [ 1.29639, 44.77671 ], [ 1.29851, 44.79646 ], [ 1.3641, 44.81163 ], [ 1.36576, 44.84585 ], [ 1.40251, 44.84905 ], [ 1.41138, 44.87266 ], [ 1.44229, 44.87881 ], [ 1.41075, 44.90888 ], [ 1.42513, 44.92 ], [ 1.44251, 44.91615 ], [ 1.4345, 44.94465 ], [ 1.41667, 44.96096 ], [ 1.4091, 45.00686 ], [ 1.44824, 45.01941 ], [ 1.40737, 45.05308 ], [ 1.41353, 45.06096 ], [ 1.39956, 45.06118 ], [ 1.40694, 45.06982 ], [ 1.39395, 45.09627 ], [ 1.37733, 45.10473 ], [ 1.41155, 45.11356 ], [ 1.41311, 45.12503 ], [ 1.38416, 45.13609 ], [ 1.35456, 45.13266 ], [ 1.35052, 45.14202 ], [ 1.29387, 45.13892 ], [ 1.25445, 45.15874 ], [ 1.2922, 45.18658 ], [ 1.27217, 45.20181 ], [ 1.23226, 45.19769 ], [ 1.22769, 45.20599 ], [ 1.2335, 45.22225 ], [ 1.26445, 45.23146 ], [ 1.27856, 45.25052 ], [ 1.22649, 45.27166 ], [ 1.24017, 45.29214 ], [ 1.23582, 45.322 ], [ 1.26506, 45.32291 ], [ 1.28362, 45.35315 ], [ 1.3158, 45.36092 ], [ 1.32505, 45.38008 ], [ 1.29367, 45.39763 ], [ 1.28013, 45.38381 ], [ 1.28042, 45.40203 ], [ 1.26775, 45.39551 ], [ 1.25752, 45.40086 ], [ 1.25856, 45.41952 ], [ 1.28617, 45.41549 ], [ 1.28265, 45.43268 ], [ 1.29403, 45.43371 ], [ 1.25645, 45.44513 ], [ 1.243, 45.43662 ], [ 1.23336, 45.44038 ], [ 1.23599, 45.45497 ], [ 1.20947, 45.46334 ], [ 1.17755, 45.45686 ], [ 1.17605, 45.47162 ], [ 1.16142, 45.47873 ], [ 1.13573, 45.4696 ], [ 1.12468, 45.47927 ], [ 1.11989, 45.47441 ], [ 1.13424, 45.50531 ], [ 1.16751, 45.52487 ], [ 1.11981, 45.54759 ], [ 1.08241, 45.53243 ], [ 1.06266, 45.55481 ], [ 1.04544, 45.55731 ], [ 1.03242, 45.57957 ], [ 1.04207, 45.58598 ], [ 1.03584, 45.60021 ], [ 1.02149, 45.61064 ], [ 0.99728, 45.61532 ], [ 0.97989, 45.60319 ], [ 0.94635, 45.61524 ], [ 0.91351, 45.60416 ], [ 0.90606, 45.60898 ], [ 0.89816, 45.6 ], [ 0.86933, 45.62356 ], [ 0.84368, 45.58331 ], [ 0.81108, 45.57591 ], [ 0.80671, 45.59505 ], [ 0.77859, 45.59097 ], [ 0.75061, 45.61687 ], [ 0.77623, 45.66791 ], [ 0.72502, 45.69587 ], [ 0.70199, 45.68709 ], [ 0.65431, 45.68872 ], [ 0.62924, 45.71476 ], [ 0.59112, 45.67563 ], [ 0.60096, 45.6726 ], [ 0.56706, 45.65333 ], [ 0.57545, 45.64093 ], [ 0.53845, 45.62873 ], [ 0.53579, 45.64261 ], [ 0.52543, 45.64432 ], [ 0.50029, 45.6196 ], [ 0.51699, 45.59887 ], [ 0.50067, 45.57305 ], [ 0.5065, 45.55388 ], [ 0.48587, 45.53831 ], [ 0.46573, 45.53952 ], [ 0.43204, 45.50394 ], [ 0.43177, 45.4857 ], [ 0.40919, 45.49266 ], [ 0.38167, 45.48643 ], [ 0.37591, 45.47597 ], [ 0.36089, 45.47681 ], [ 0.35927, 45.46632 ], [ 0.3325, 45.4591 ], [ 0.33017, 45.44353 ], [ 0.3021, 45.45881 ], [ 0.3012, 45.44559 ], [ 0.31771, 45.43618 ], [ 0.27658, 45.42722 ], [ 0.24792, 45.36944 ], [ 0.27164, 45.31597 ], [ 0.26723, 45.29838 ], [ 0.25176, 45.28906 ], [ 0.22163, 45.29076 ], [ 0.20299, 45.26247 ], [ 0.17474, 45.26142 ], [ 0.17443, 45.23879 ], [ 0.13243, 45.20872 ], [ 0.09801, 45.22769 ], [ 0.07793, 45.22033 ], [ 0.05477, 45.22744 ], [ 0.03482, 45.20884 ], [ 0.00764, 45.20192 ], [ -0.01915, 45.16482 ], [ 0.00485, 45.15387 ], [ -0.03676, 45.14075 ], [ -0.02905, 45.12884 ], [ -0.04102, 45.1034 ], [ -0.00721, 45.11928 ], [ 0.04468, 45.11539 ], [ 0.07329, 45.07012 ], [ 0.04077, 45.02191 ] ] ] } },
{ "type": "Feature", "properties": { "dep_code": "25", "dep_name": "Doubs" }, "geometry": { "type": "Polygon", "coordinates": [ [ [ 6.38979, 47.50616 ], [ 6.36804, 47.5136 ], [ 6.33382, 47.50575 ], [ 6.32106, 47.48587 ], [ 6.3025, 47.49153 ], [ 6.28835, 47.44671 ], [ 6.26462, 47.44734 ], [ 6.25579, 47.42446 ], [ 6.23363, 47.43017 ], [ 6.24152, 47.41073 ], [ 6.20654, 47.43136 ], [ 6.19329, 47.41341 ], [ 6.17049, 47.41224 ], [ 6.17357, 47.40694 ], [ 6.19059, 47.40229 ], [ 6.15995, 47.39193 ], [ 6.16803, 47.38848 ], [ 6.13504, 47.38693 ], [ 6.11758, 47.3964 ], [ 6.10344, 47.37991 ], [ 6.1201, 47.3678 ], [ 6.11208, 47.36101 ], [ 6.08633, 47.37293 ], [ 6.0742, 47.35102 ], [ 6.05235, 47.35252 ], [ 6.01853, 47.33123 ], [ 5.99761, 47.34035 ], [ 5.99339, 47.32897 ], [ 5.97868, 47.32596 ], [ 5.96034, 47.34143 ], [ 5.92759, 47.34514 ], [ 5.9313, 47.32839 ], [ 5.90374, 47.33451 ], [ 5.89795, 47.31066 ], [ 5.8826, 47.32167 ], [ 5.84407, 47.30006 ], [ 5.78362, 47.29083 ], [ 5.7397, 47.26254 ], [ 5.71269, 47.27071 ], [ 5.6987, 47.26491 ], [ 5.73763, 47.20148 ], [ 5.75395, 47.20635 ], [ 5.76146, 47.19349 ], [ 5.78037, 47.19281 ], [ 5.7851, 47.17063 ], [ 5.8102, 47.16999 ], [ 5.81335, 47.14996 ], [ 5.82819, 47.1412 ], [ 5.78766, 47.09586 ], [ 5.77089, 47.09449 ], [ 5.78472, 47.05491 ], [ 5.7637, 47.04465 ], [ 5.73663, 47.05529 ], [ 5.75314, 47.03976 ], [ 5.74295, 47.0226 ], [ 5.76316, 47.01144 ], [ 5.79137, 47.02231 ], [ 5.79778, 47.04312 ], [ 5.81113, 47.04686 ], [ 5.81373, 47.01743 ], [ 5.83957, 47.01545 ], [ 5.84665, 47.00335 ], [ 5.87648, 47.00588 ], [ 5.89711, 46.99573 ], [ 5.92179, 47.01447 ], [ 5.91777, 46.97943 ], [ 5.94952, 46.99012 ], [ 5.94396, 46.97986 ], [ 5.976, 46.97607 ], [ 5.97951, 46.96353 ], [ 5.95639, 46.94865 ], [ 5.99714, 46.93353 ], [ 5.98145, 46.908 ], [ 6.00871, 46.89572 ], [ 6.0058, 46.87307 ], [ 6.01896, 46.86808 ], [ 6.03073, 46.87424 ], [ 6.0227, 46.85259 ], [ 6.047, 46.84568 ], [ 6.06489, 46.86036 ], [ 6.0867, 46.84322 ], [ 6.10551, 46.84557 ], [ 6.15159, 46.82113 ], [ 6.20326, 46.77279 ], [ 6.20719, 46.76522 ], [ 6.18369, 46.75511 ], [ 6.18019, 46.74161 ], [ 6.06979, 46.68966 ], [ 6.10599, 46.65054 ], [ 6.05927, 46.62606 ], [ 6.0649, 46.61331 ], [ 6.04848, 46.60785 ], [ 6.13132, 46.5538 ], [ 6.13796, 46.5578 ], [ 6.11047, 46.57644 ], [ 6.12652, 46.58992 ], [ 6.17897, 46.61575 ], [ 6.28199, 46.69067 ], [ 6.3717, 46.72412 ], [ 6.3952, 46.74847 ], [ 6.43032, 46.75679 ], [ 6.45226, 46.77422 ], [ 6.45842, 46.78878 ], [ 6.43104, 46.81236 ], [ 6.46003, 46.8513 ], [ 6.46462, 46.89036 ], [ 6.43269, 46.92868 ], [ 6.49592, 46.97394 ], [ 6.50481, 46.96569 ], [ 6.59311, 46.9918 ], [ 6.61797, 46.99165 ], [ 6.6592, 47.02734 ], [ 6.71917, 47.05118 ], [ 6.69151, 47.06667 ], [ 6.70624, 47.0742 ], [ 6.70273, 47.08214 ], [ 6.74157, 47.09093 ], [ 6.74054, 47.10962 ], [ 6.80605, 47.13071 ], [ 6.8499, 47.15644 ], [ 6.8584, 47.16539 ], [ 6.84106, 47.17142 ], [ 6.95555, 47.24302 ], [ 6.94102, 47.28669 ], [ 7.00756, 47.30101 ], [ 7.00999, 47.32453 ], [ 7.04564, 47.3265 ], [ 7.06239, 47.34411 ], [ 7.04988, 47.34771 ], [ 7.04939, 47.36185 ], [ 7.01557, 47.37292 ], [ 6.97459, 47.36014 ], [ 6.87929, 47.35258 ], [ 6.8836, 47.37287 ], [ 6.91351, 47.38809 ], [ 6.91325, 47.40458 ], [ 6.94086, 47.41159 ], [ 6.93251, 47.45585 ], [ 6.90744, 47.47293 ], [ 6.91593, 47.47788 ], [ 6.90749, 47.49485 ], [ 6.92299, 47.50016 ], [ 6.93019, 47.50041 ], [ 6.93522, 47.48562 ], [ 6.94912, 47.4857 ], [ 6.9497, 47.50851 ], [ 6.90744, 47.52593 ], [ 6.91645, 47.5307 ], [ 6.90571, 47.54796 ], [ 6.88337, 47.55551 ], [ 6.82878, 47.54646 ], [ 6.80148, 47.56249 ], [ 6.77274, 47.53495 ], [ 6.73999, 47.55705 ], [ 6.7277, 47.56082 ], [ 6.71475, 47.55306 ], [ 6.6886, 47.56069 ], [ 6.68916, 47.5708 ], [ 6.65833, 47.57203 ], [ 6.66033, 47.57969 ], [ 6.65203, 47.57246 ], [ 6.67028, 47.55802 ], [ 6.64842, 47.53609 ], [ 6.61065, 47.53049 ], [ 6.58074, 47.54421 ], [ 6.5674, 47.53174 ], [ 6.58146, 47.52943 ], [ 6.58389, 47.51001 ], [ 6.55602, 47.49053 ], [ 6.53358, 47.5064 ], [ 6.51596, 47.49669 ], [ 6.49895, 47.51076 ], [ 6.47151, 47.48701 ], [ 6.46349, 47.51212 ], [ 6.41149, 47.5225 ], [ 6.38979, 47.50616 ] ] ] } },
{ "type": "Feature", "properties": { "dep_code": "26", "dep_name": "Drôme" }, "geometry": { "type": "Polygon", "coordinates": [ [ [ 4.85478, 44.89964 ], [ 4.86075, 44.87487 ], [ 4.84397, 44.84578 ], [ 4.82167, 44.83891 ], [ 4.82246, 44.8174 ], [ 4.79985, 44.813 ], [ 4.79551, 44.79361 ], [ 4.76072, 44.77155 ], [ 4.77937, 44.65487 ], [ 4.74055, 44.60262 ], [ 4.74116, 44.58877 ], [ 4.71112, 44.5822 ], [ 4.70346, 44.56008 ], [ 4.69326, 44.56018 ], [ 4.69381, 44.54203 ], [ 4.70768, 44.53433 ], [ 4.68752, 44.5003 ], [ 4.70009, 44.45894 ], [ 4.69284, 44.44257 ], [ 4.66737, 44.43067 ], [ 4.64947, 44.37371 ], [ 4.65061, 44.3298 ], [ 4.67862, 44.32071 ], [ 4.71313, 44.32053 ], [ 4.71792, 44.32695 ], [ 4.77963, 44.31938 ], [ 4.80458, 44.30383 ], [ 4.81416, 44.23219 ], [ 4.82688, 44.2285 ], [ 4.87405, 44.25974 ], [ 4.93302, 44.26222 ], [ 5.06054, 44.30821 ], [ 5.07666, 44.28395 ], [ 5.10814, 44.2773 ], [ 5.16829, 44.31473 ], [ 5.16827, 44.29002 ], [ 5.14626, 44.27198 ], [ 5.16071, 44.26671 ], [ 5.15481, 44.23046 ], [ 5.23035, 44.21184 ], [ 5.24051, 44.23086 ], [ 5.25266, 44.2313 ], [ 5.30327, 44.2057 ], [ 5.33672, 44.20341 ], [ 5.35522, 44.21455 ], [ 5.38468, 44.20111 ], [ 5.3832, 44.15536 ], [ 5.43598, 44.15251 ], [ 5.45473, 44.11917 ], [ 5.50191, 44.11563 ], [ 5.54102, 44.1327 ], [ 5.55133, 44.14979 ], [ 5.56949, 44.14813 ], [ 5.58325, 44.15781 ], [ 5.56452, 44.17091 ], [ 5.57487, 44.18707 ], [ 5.602, 44.19166 ], [ 5.63971, 44.16757 ], [ 5.63131, 44.15042 ], [ 5.67886, 44.14614 ], [ 5.6829, 44.16361 ], [ 5.6433, 44.17063 ], [ 5.6517, 44.18962 ], [ 5.68642, 44.19464 ], [ 5.67603, 44.21221 ], [ 5.68335, 44.23474 ], [ 5.6727, 44.24561 ], [ 5.68727, 44.26681 ], [ 5.67561, 44.27589 ], [ 5.6468, 44.26725 ], [ 5.6322, 44.28399 ], [ 5.63714, 44.30032 ], [ 5.60796, 44.30649 ], [ 5.63032, 44.33374 ], [ 5.54785, 44.33 ], [ 5.52156, 44.35107 ], [ 5.49283, 44.33712 ], [ 5.468, 44.35207 ], [ 5.46169, 44.36782 ], [ 5.43172, 44.37109 ], [ 5.44308, 44.39156 ], [ 5.41836, 44.4249 ], [ 5.43819, 44.43367 ], [ 5.47682, 44.41953 ], [ 5.49847, 44.43672 ], [ 5.46443, 44.44789 ], [ 5.45842, 44.49939 ], [ 5.51609, 44.49182 ], [ 5.60364, 44.4655 ], [ 5.62903, 44.50083 ], [ 5.66471, 44.50188 ], [ 5.62723, 44.53466 ], [ 5.59705, 44.54339 ], [ 5.63513, 44.60902 ], [ 5.64719, 44.61156 ], [ 5.64168, 44.65141 ], [ 5.65433, 44.65551 ], [ 5.73866, 44.64079 ], [ 5.73603, 44.64991 ], [ 5.75348, 44.64858 ], [ 5.75436, 44.66311 ], [ 5.78976, 44.65318 ], [ 5.79942, 44.67415 ], [ 5.83044, 44.69055 ], [ 5.82568, 44.70153 ], [ 5.80197, 44.70676 ], [ 5.75607, 44.69593 ], [ 5.70425, 44.72935 ], [ 5.69879, 44.72207 ], [ 5.6471, 44.7241 ], [ 5.62631, 44.75329 ], [ 5.5884, 44.76233 ], [ 5.58182, 44.77795 ], [ 5.54976, 44.79453 ], [ 5.55473, 44.76747 ], [ 5.46188, 44.79492 ], [ 5.4851, 44.82286 ], [ 5.4638, 44.82597 ], [ 5.48365, 44.92229 ], [ 5.47768, 44.96676 ], [ 5.49359, 44.99614 ], [ 5.46485, 45.04594 ], [ 5.47487, 45.07034 ], [ 5.49405, 45.07145 ], [ 5.48668, 45.08125 ], [ 5.4616, 45.08664 ], [ 5.43577, 45.05451 ], [ 5.41372, 45.04485 ], [ 5.39152, 45.04632 ], [ 5.38682, 45.0585 ], [ 5.38105, 45.05123 ], [ 5.39727, 45.03833 ], [ 5.38575, 45.03481 ], [ 5.34569, 45.04825 ], [ 5.3411, 45.06189 ], [ 5.31885, 45.05136 ], [ 5.29274, 45.06376 ], [ 5.26908, 45.05462 ], [ 5.20852, 45.08408 ], [ 5.18228, 45.08463 ], [ 5.15679, 45.06581 ], [ 5.13628, 45.08034 ], [ 5.15487, 45.07995 ], [ 5.19105, 45.13997 ], [ 5.18125, 45.1481 ], [ 5.19185, 45.15442 ], [ 5.19005, 45.16966 ], [ 5.1644, 45.20062 ], [ 5.17935, 45.21742 ], [ 5.20172, 45.2174 ], [ 5.17671, 45.24863 ], [ 5.15688, 45.24723 ], [ 5.16042, 45.25513 ], [ 5.14137, 45.24299 ], [ 5.12193, 45.24568 ], [ 5.13771, 45.29775 ], [ 5.07541, 45.28183 ], [ 5.05432, 45.31905 ], [ 5.02278, 45.31767 ], [ 5.0093, 45.34231 ], [ 4.99523, 45.34397 ], [ 4.92917, 45.32403 ], [ 4.87966, 45.2968 ], [ 4.85866, 45.29839 ], [ 4.85894, 45.30856 ], [ 4.80727, 45.30046 ], [ 4.80858, 45.17003 ], [ 4.82923, 45.15678 ], [ 4.80338, 45.12458 ], [ 4.82868, 45.10051 ], [ 4.82901, 45.07325 ], [ 4.85999, 45.05814 ], [ 4.83974, 45.03422 ], [ 4.83594, 45.00799 ], [ 4.88647, 44.93676 ], [ 4.85478, 44.89964 ] ], [ [ 4.89314, 44.36372 ], [ 4.91822, 44.40772 ], [ 4.96034, 44.41993 ], [ 4.97162, 44.43153 ], [ 5.00128, 44.41265 ], [ 5.01855, 44.41576 ], [ 5.0158, 44.39273 ], [ 5.0722, 44.3809 ], [ 5.0547, 44.3648 ], [ 5.0235, 44.36028 ], [ 5.01378, 44.32579 ], [ 4.99638, 44.32004 ], [ 4.98713, 44.29273 ], [ 4.92193, 44.30893 ], [ 4.88928, 44.30404 ], [ 4.8817, 44.32482 ], [ 4.89536, 44.33817 ], [ 4.86926, 44.3449 ], [ 4.89314, 44.36372 ] ] ] } },
{ "type": "Feature", "properties": { "dep_code": "27", "dep_name": "Eure" }, "geometry": { "type": "Polygon", "coordinates": [ [ [ 0.31603, 49.31132 ], [ 0.31311, 49.28011 ], [ 0.3257, 49.27785 ], [ 0.34267, 49.29565 ], [ 0.3624, 49.29725 ], [ 0.38399, 49.28562 ], [ 0.38279, 49.26407 ], [ 0.3193, 49.25093 ], [ 0.3381, 49.23075 ], [ 0.39482, 49.2095 ], [ 0.38578, 49.15374 ], [ 0.43318, 49.14069 ], [ 0.40832, 49.1285 ], [ 0.40105, 49.11082 ], [ 0.39858, 49.09896 ], [ 0.41536, 49.09512 ], [ 0.39768, 49.08962 ], [ 0.41622, 49.08823 ], [ 0.41795, 49.0737 ], [ 0.39107, 49.07795 ], [ 0.367, 49.05223 ], [ 0.39019, 49.03395 ], [ 0.42776, 49.03229 ], [ 0.44629, 49.01888 ], [ 0.42479, 48.98515 ], [ 0.4315, 48.96659 ], [ 0.38605, 48.91049 ], [ 0.42125, 48.89868 ], [ 0.42058, 48.88693 ], [ 0.4502, 48.89103 ], [ 0.44258, 48.8828 ], [ 0.45278, 48.87912 ], [ 0.46316, 48.88849 ], [ 0.55128, 48.87443 ], [ 0.57803, 48.89371 ], [ 0.5956, 48.88796 ], [ 0.58963, 48.8726 ], [ 0.61546, 48.87753 ], [ 0.60234, 48.86263 ], [ 0.60917, 48.85331 ], [ 0.63623, 48.85442 ], [ 0.60756, 48.83279 ], [ 0.7594, 48.76758 ], [ 0.74947, 48.76065 ], [ 0.77503, 48.73735 ], [ 0.72866, 48.70682 ], [ 0.76651, 48.69663 ], [ 0.76152, 48.68022 ], [ 0.78042, 48.66643 ], [ 0.86387, 48.68762 ], [ 0.87256, 48.71323 ], [ 0.89025, 48.72037 ], [ 0.89936, 48.7105 ], [ 0.92116, 48.70915 ], [ 0.97823, 48.7309 ], [ 0.99064, 48.72562 ], [ 1.02095, 48.7349 ], [ 1.03389, 48.72864 ], [ 1.03482, 48.74061 ], [ 1.06387, 48.75948 ], [ 1.07003, 48.7486 ], [ 1.08658, 48.75735 ], [ 1.11389, 48.74608 ], [ 1.1181, 48.76607 ], [ 1.12792, 48.76561 ], [ 1.12138, 48.78923 ], [ 1.15186, 48.78593 ], [ 1.15767, 48.76948 ], [ 1.16225, 48.769 ], [ 1.18741, 48.77305 ], [ 1.22305, 48.75798 ], [ 1.233, 48.76302 ], [ 1.22288, 48.76734 ], [ 1.24394, 48.76974 ], [ 1.25669, 48.75815 ], [ 1.29699, 48.76823 ], [ 1.32758, 48.76039 ], [ 1.35311, 48.77911 ], [ 1.375, 48.78129 ], [ 1.35581, 48.81672 ], [ 1.36068, 48.83309 ], [ 1.4043, 48.86066 ], [ 1.46071, 48.87258 ], [ 1.47179, 48.89712 ], [ 1.4478, 48.92461 ], [ 1.46114, 48.93751 ], [ 1.49903, 48.93876 ], [ 1.51088, 48.95359 ], [ 1.50106, 48.95142 ], [ 1.49183, 48.96463 ], [ 1.51827, 48.9784 ], [ 1.5079, 48.98386 ], [ 1.47098, 48.97495 ], [ 1.46149, 48.98895 ], [ 1.48001, 49.00725 ], [ 1.44729, 49.0535 ], [ 1.46179, 49.06397 ], [ 1.47942, 49.05201 ], [ 1.50233, 49.05892 ], [ 1.50793, 49.08541 ], [ 1.51785, 49.07917 ], [ 1.52309, 49.06821 ], [ 1.622, 49.0851 ], [ 1.61843, 49.09688 ], [ 1.65785, 49.13194 ], [ 1.67399, 49.21194 ], [ 1.70393, 49.22893 ], [ 1.70868, 49.2647 ], [ 1.75888, 49.27236 ], [ 1.76694, 49.25204 ], [ 1.7903, 49.24682 ], [ 1.80286, 49.27192 ], [ 1.79351, 49.27428 ], [ 1.79758, 49.28845 ], [ 1.77223, 49.29113 ], [ 1.77442, 49.33709 ], [ 1.76128, 49.36625 ], [ 1.72048, 49.39401 ], [ 1.73701, 49.40733 ], [ 1.71649, 49.40334 ], [ 1.70442, 49.41075 ], [ 1.69454, 49.39511 ], [ 1.68039, 49.40626 ], [ 1.65729, 49.39901 ], [ 1.62832, 49.41513 ], [ 1.60454, 49.41175 ], [ 1.57644, 49.44049 ], [ 1.5474, 49.44103 ], [ 1.53713, 49.42999 ], [ 1.52965, 49.44241 ], [ 1.50364, 49.43819 ], [ 1.47619, 49.45162 ], [ 1.40075, 49.45682 ], [ 1.3838, 49.4482 ], [ 1.38646, 49.46326 ], [ 1.37097, 49.45104 ], [ 1.34292, 49.44653 ], [ 1.35119, 49.4379 ], [ 1.33735, 49.43894 ], [ 1.33665, 49.4277 ], [ 1.30926, 49.42858 ], [ 1.31543, 49.40773 ], [ 1.31336, 49.41465 ], [ 1.30796, 49.39537 ], [ 1.28514, 49.38811 ], [ 1.28651, 49.36293 ], [ 1.27222, 49.34628 ], [ 1.20955, 49.35264 ], [ 1.19904, 49.35077 ], [ 1.20335, 49.33656 ], [ 1.18155, 49.34406 ], [ 1.16864, 49.33601 ], [ 1.16318, 49.34276 ], [ 1.1346, 49.32489 ], [ 1.13362, 49.30987 ], [ 1.0861, 49.30954 ], [ 1.04814, 49.29793 ], [ 1.06879, 49.27671 ], [ 1.05201, 49.27304 ], [ 1.06293, 49.25899 ], [ 1.0157, 49.25874 ], [ 1.00538, 49.25066 ], [ 0.99215, 49.25793 ], [ 1.00654, 49.26519 ], [ 0.98505, 49.26071 ], [ 0.97354, 49.28078 ], [ 0.95616, 49.27129 ], [ 0.94959, 49.27974 ], [ 0.97136, 49.28516 ], [ 0.94989, 49.29684 ], [ 0.93991, 49.3228 ], [ 0.90066, 49.2971 ], [ 0.89922, 49.3189 ], [ 0.89188, 49.31422 ], [ 0.86294, 49.32795 ], [ 0.84439, 49.32483 ], [ 0.86026, 49.34677 ], [ 0.92072, 49.33821 ], [ 0.93077, 49.34374 ], [ 0.91788, 49.38538 ], [ 0.87878, 49.37255 ], [ 0.8783, 49.39626 ], [ 0.82304, 49.39632 ], [ 0.80267, 49.42759 ], [ 0.80497, 49.41154 ], [ 0.76707, 49.42005 ], [ 0.73866, 49.40816 ], [ 0.70797, 49.41103 ], [ 0.70517, 49.40233 ], [ 0.66266, 49.40203 ], [ 0.64941, 49.40903 ], [ 0.66004, 49.41576 ], [ 0.65232, 49.42202 ], [ 0.6445, 49.41493 ], [ 0.64546, 49.42621 ], [ 0.62987, 49.42277 ], [ 0.63635, 49.43675 ], [ 0.64948, 49.43802 ], [ 0.64909, 49.43997 ], [ 0.64258, 49.44448 ], [ 0.61445, 49.42993 ], [ 0.59171, 49.43021 ], [ 0.50404, 49.4852 ], [ 0.41006, 49.45207 ], [ 0.33835, 49.44543 ], [ 0.33721, 49.43396 ], [ 0.29688, 49.42992 ], [ 0.30921, 49.38964 ], [ 0.30212, 49.37 ], [ 0.32599, 49.34043 ], [ 0.29786, 49.31444 ], [ 0.31603, 49.31132 ] ] ] } },
{ "type": "Feature", "properties": { "dep_code": "28", "dep_name": "Eure-et-Loir" }, "geometry": { "type": "Polygon", "coordinates": [ [ [ 0.92572, 48.55986 ], [ 0.93933, 48.54918 ], [ 0.92252, 48.53774 ], [ 0.96742, 48.52385 ], [ 0.94147, 48.49883 ], [ 0.95637, 48.48244 ], [ 0.93569, 48.4756 ], [ 0.93897, 48.46084 ], [ 0.97641, 48.43877 ], [ 0.94442, 48.41711 ], [ 0.95043, 48.39945 ], [ 0.90914, 48.37031 ], [ 0.90063, 48.37398 ], [ 0.8835, 48.35654 ], [ 0.83993, 48.35272 ], [ 0.82799, 48.34231 ], [ 0.81844, 48.34955 ], [ 0.79146, 48.3428 ], [ 0.76912, 48.32242 ], [ 0.75569, 48.29992 ], [ 0.7785, 48.3034 ], [ 0.80767, 48.28983 ], [ 0.7935, 48.28432 ], [ 0.78745, 48.26129 ], [ 0.83026, 48.21416 ], [ 0.80544, 48.2055 ], [ 0.7957, 48.188 ], [ 0.8411, 48.16533 ], [ 0.8863, 48.16189 ], [ 0.91161, 48.14886 ], [ 0.91373, 48.13494 ], [ 0.85015, 48.13329 ], [ 0.85537, 48.12262 ], [ 0.84107, 48.10294 ], [ 0.87652, 48.10966 ], [ 0.91021, 48.1032 ], [ 0.94405, 48.11254 ], [ 0.94857, 48.09786 ], [ 1.00246, 48.13009 ], [ 1.04051, 48.132 ], [ 1.04604, 48.11774 ], [ 1.00384, 48.10565 ], [ 0.99097, 48.09705 ], [ 0.99534, 48.08775 ], [ 1.06267, 48.08682 ], [ 1.06947, 48.07566 ], [ 1.11224, 48.08073 ], [ 1.10636, 48.06028 ], [ 1.12282, 48.03578 ], [ 1.16605, 48.02841 ], [ 1.15911, 48.01774 ], [ 1.18711, 48.00251 ], [ 1.20268, 47.97729 ], [ 1.19647, 47.96774 ], [ 1.24664, 47.97987 ], [ 1.26526, 47.96194 ], [ 1.29962, 47.96822 ], [ 1.30863, 47.95385 ], [ 1.34381, 47.95742 ], [ 1.34591, 47.96522 ], [ 1.36967, 47.95382 ], [ 1.38694, 47.98128 ], [ 1.40855, 47.96988 ], [ 1.43743, 47.97692 ], [ 1.43925, 48.01199 ], [ 1.52012, 47.98227 ], [ 1.52663, 48.00719 ], [ 1.51238, 48.02804 ], [ 1.52258, 48.03451 ], [ 1.54718, 48.02951 ], [ 1.5455, 48.04454 ], [ 1.59412, 48.0307 ], [ 1.59716, 48.04317 ], [ 1.61962, 48.04285 ], [ 1.62401, 48.07026 ], [ 1.65925, 48.07666 ], [ 1.67008, 48.06269 ], [ 1.68918, 48.07795 ], [ 1.70863, 48.06717 ], [ 1.74517, 48.06391 ], [ 1.79808, 48.07673 ], [ 1.80198, 48.08939 ], [ 1.82996, 48.07879 ], [ 1.84476, 48.08924 ], [ 1.8659, 48.08366 ], [ 1.86517, 48.0952 ], [ 1.88438, 48.09768 ], [ 1.90202, 48.13126 ], [ 1.91274, 48.12915 ], [ 1.92045, 48.14639 ], [ 1.90338, 48.15278 ], [ 1.91425, 48.1675 ], [ 1.92506, 48.17443 ], [ 1.94095, 48.16774 ], [ 1.9511, 48.17559 ], [ 1.971, 48.17107 ], [ 1.97107, 48.18305 ], [ 1.95106, 48.19501 ], [ 1.96662, 48.20218 ], [ 1.97085, 48.19005 ], [ 1.97854, 48.20219 ], [ 1.96102, 48.24716 ], [ 1.99457, 48.28263 ], [ 1.97225, 48.28822 ], [ 1.98219, 48.29517 ], [ 1.96524, 48.2955 ], [ 1.95883, 48.30662 ], [ 1.98077, 48.31873 ], [ 1.96848, 48.34142 ], [ 1.98917, 48.3636 ], [ 1.96645, 48.38168 ], [ 1.97819, 48.40183 ], [ 1.92833, 48.40614 ], [ 1.94287, 48.44114 ], [ 1.9295, 48.45713 ], [ 1.90433, 48.43856 ], [ 1.87078, 48.43983 ], [ 1.84488, 48.44625 ], [ 1.83673, 48.46708 ], [ 1.80129, 48.46602 ], [ 1.77559, 48.5139 ], [ 1.78754, 48.55382 ], [ 1.76868, 48.55853 ], [ 1.75745, 48.57509 ], [ 1.70924, 48.57802 ], [ 1.70185, 48.58505 ], [ 1.71497, 48.61467 ], [ 1.68711, 48.61118 ], [ 1.68581, 48.62032 ], [ 1.66653, 48.61347 ], [ 1.64314, 48.65128 ], [ 1.62131, 48.64966 ], [ 1.60349, 48.66235 ], [ 1.61185, 48.68929 ], [ 1.57636, 48.7026 ], [ 1.59471, 48.70914 ], [ 1.62675, 48.7481 ], [ 1.60842, 48.76073 ], [ 1.58194, 48.76186 ], [ 1.5773, 48.80494 ], [ 1.59156, 48.815 ], [ 1.57885, 48.82966 ], [ 1.59809, 48.83889 ], [ 1.57735, 48.84462 ], [ 1.58373, 48.86067 ], [ 1.54561, 48.87022 ], [ 1.56343, 48.89049 ], [ 1.53878, 48.90471 ], [ 1.53841, 48.92255 ], [ 1.51434, 48.9219 ], [ 1.5014, 48.94103 ], [ 1.46114, 48.93751 ], [ 1.4478, 48.92461 ], [ 1.47179, 48.89712 ], [ 1.46474, 48.87701 ], [ 1.4043, 48.86066 ], [ 1.36116, 48.83367 ], [ 1.35581, 48.81672 ], [ 1.375, 48.78129 ], [ 1.35311, 48.77911 ], [ 1.32945, 48.76087 ], [ 1.29699, 48.76823 ], [ 1.25992, 48.7578 ], [ 1.24394, 48.76974 ], [ 1.22288, 48.76734 ], [ 1.233, 48.76302 ], [ 1.22305, 48.75798 ], [ 1.18741, 48.77305 ], [ 1.15767, 48.76948 ], [ 1.15186, 48.78593 ], [ 1.12138, 48.78923 ], [ 1.12792, 48.76561 ], [ 1.1181, 48.76607 ], [ 1.11389, 48.74608 ], [ 1.08658, 48.75735 ], [ 1.07003, 48.7486 ], [ 1.06387, 48.75948 ], [ 1.03482, 48.74061 ], [ 1.03389, 48.72864 ], [ 1.02095, 48.7349 ], [ 0.99064, 48.72562 ], [ 0.97823, 48.7309 ], [ 0.92116, 48.70915 ], [ 0.89936, 48.7105 ], [ 0.89025, 48.72037 ], [ 0.87342, 48.71393 ], [ 0.86387, 48.68762 ], [ 0.82726, 48.68072 ], [ 0.80936, 48.66487 ], [ 0.83176, 48.63342 ], [ 0.81717, 48.61546 ], [ 0.8471, 48.60969 ], [ 0.84957, 48.58432 ], [ 0.86834, 48.57278 ], [ 0.92572, 48.55986 ] ] ] } },
{ "type": "Feature", "properties": { "dep_code": "29", "dep_name": "Finistère" }, "geometry": { "type": "MultiPolygon", "coordinates": [ [ [ [ -4.84041, 48.03181 ], [ -4.84017, 48.03112 ], [ -4.83699, 48.03057 ], [ -4.84041, 48.03181 ] ] ], [ [ [ -4.84786, 48.03226 ], [ -4.85038, 48.03338 ], [ -4.84957, 48.03175 ], [ -4.84786, 48.03226 ] ] ], [ [ [ -4.86805, 48.0427 ], [ -4.85579, 48.03275 ], [ -4.84868, 48.03543 ], [ -4.8517, 48.04072 ], [ -4.86805, 48.0427 ] ] ], [ [ [ -4.84503, 48.04088 ], [ -4.8455, 48.04066 ], [ -4.84484, 48.04058 ], [ -4.84503, 48.04088 ] ] ], [ [ [ -4.84588, 48.04104 ], [ -4.84558, 48.04076 ], [ -4.8453, 48.04122 ], [ -4.84588, 48.04104 ] ] ], [ [ [ -4.84641, 48.04176 ], [ -4.84594, 48.04147 ], [ -4.84552, 48.04191 ], [ -4.84641, 48.04176 ] ] ], [ [ [ -4.84611, 48.04209 ], [ -4.84681, 48.04206 ], [ -4.8465, 48.04184 ], [ -4.84611, 48.04209 ] ] ], [ [ [ -4.87884, 48.31724 ], [ -4.87849, 48.31771 ], [ -4.87886, 48.31757 ], [ -4.87884, 48.31724 ] ] ], [ [ [ -4.88076, 48.31803 ], [ -4.88056, 48.3182 ], [ -4.88103, 48.31828 ], [ -4.88076, 48.31803 ] ] ], [ [ [ -4.87758, 48.31903 ], [ -4.87882, 48.3195 ], [ -4.87875, 48.3187 ], [ -4.87758, 48.31903 ] ] ], [ [ [ -4.88635, 48.37078 ], [ -4.88645, 48.37064 ], [ -4.88606, 48.37054 ], [ -4.88635, 48.37078 ] ] ], [ [ [ -4.88791, 48.37418 ], [ -4.88816, 48.37398 ], [ -4.88777, 48.37388 ], [ -4.88791, 48.37418 ] ] ], [ [ [ -4.88823, 48.37417 ], [ -4.88799, 48.37457 ], [ -4.88853, 48.37457 ], [ -4.88823, 48.37417 ] ] ], [ [ [ -4.9062, 48.37222 ], [ -4.89302, 48.37334 ], [ -4.89673, 48.37592 ], [ -4.9062, 48.37222 ] ] ], [ [ [ -4.88776, 48.37471 ], [ -4.88375, 48.37391 ], [ -4.88703, 48.37725 ], [ -4.88776, 48.37471 ] ] ], [ [ [ -4.94534, 48.36982 ], [ -4.93261, 48.37402 ], [ -4.93577, 48.37542 ], [ -4.94534, 48.36982 ] ] ], [ [ [ -4.88793, 48.37887 ], [ -4.88826, 48.37896 ], [ -4.88808, 48.37826 ], [ -4.88793, 48.37887 ] ] ], [ [ [ -4.94152, 48.37781 ], [ -4.94108, 48.37776 ], [ -4.94102, 48.37786 ], [ -4.94152, 48.37781 ] ] ], [ [ [ -4.90228, 48.38384 ], [ -4.89805, 48.3785 ], [ -4.89601, 48.38064 ], [ -4.90228, 48.38384 ] ] ], [ [ [ -4.93794, 48.37883 ], [ -4.93881, 48.37997 ], [ -4.93952, 48.37847 ], [ -4.93794, 48.37883 ] ] ], [ [ [ -4.89221, 48.3865 ], [ -4.89241, 48.38667 ], [ -4.89261, 48.38635 ], [ -4.89221, 48.3865 ] ] ], [ [ [ -4.89275, 48.38647 ], [ -4.89302, 48.38685 ], [ -4.89336, 48.38681 ], [ -4.89275, 48.38647 ] ] ], [ [ [ -4.96513, 48.39283 ], [ -4.95901, 48.39019 ], [ -4.95622, 48.40242 ], [ -4.96513, 48.39283 ] ] ], [ [ [ -4.95262, 48.40054 ], [ -4.95057, 48.39794 ], [ -4.94541, 48.4013 ], [ -4.95262, 48.40054 ] ] ], [ [ [ -4.97859, 48.39983 ], [ -4.97882, 48.39956 ], [ -4.9786, 48.39949 ], [ -4.97859, 48.39983 ] ] ], [ [ [ -4.96351, 48.40265 ], [ -4.96341, 48.40271 ], [ -4.96341, 48.40285 ], [ -4.96351, 48.40265 ] ] ], [ [ [ -4.94474, 48.40605 ], [ -4.9453, 48.40646 ], [ -4.94633, 48.40453 ], [ -4.94474, 48.40605 ] ] ], [ [ [ -4.97999, 48.41578 ], [ -4.98259, 48.42066 ], [ -4.98684, 48.41869 ], [ -4.97999, 48.41578 ] ] ], [ [ [ -4.97499, 48.41837 ], [ -4.97523, 48.41836 ], [ -4.97525, 48.41816 ], [ -4.97499, 48.41837 ] ] ], [ [ [ -4.97878, 48.41802 ], [ -4.97778, 48.41723 ], [ -4.97592, 48.41862 ], [ -4.97878, 48.41802 ] ] ], [ [ [ -5.02031, 48.41764 ], [ -5.01959, 48.41804 ], [ -5.02006, 48.41835 ], [ -5.02031, 48.41764 ] ] ], [ [ [ -5.02102, 48.4187 ], [ -5.02121, 48.41846 ], [ -5.02106, 48.41836 ], [ -5.02102, 48.4187 ] ] ], [ [ [ -5.01797, 48.42145 ], [ -5.01638, 48.42189 ], [ -5.01578, 48.42281 ], [ -5.01797, 48.42145 ] ] ], [ [ [ -5.01519, 48.42416 ], [ -5.01607, 48.42397 ], [ -5.01551, 48.42352 ], [ -5.01519, 48.42416 ] ] ], [ [ [ -5.01227, 48.42421 ], [ -5.01147, 48.43137 ], [ -5.01334, 48.42997 ], [ -5.01227, 48.42421 ] ] ], [ [ [ -5.01638, 48.43735 ], [ -5.01631, 48.43726 ], [ -5.01605, 48.43731 ], [ -5.01638, 48.43735 ] ] ], [ [ [ -5.11798, 48.44498 ], [ -5.11741, 48.44493 ], [ -5.11545, 48.44573 ], [ -5.11798, 48.44498 ] ] ], [ [ [ -5.033, 48.46294 ], [ -5.03276, 48.46283 ], [ -5.03243, 48.46324 ], [ -5.033, 48.46294 ] ] ], [ [ [ -5.14007, 48.45113 ], [ -5.09562, 48.45583 ], [ -5.09833, 48.44509 ], [ -5.11816, 48.43846 ], [ -5.10279, 48.43619 ], [ -5.08022, 48.45132 ], [ -5.0598, 48.4495 ], [ -5.03435, 48.46295 ], [ -5.05866, 48.46689 ], [ -5.05033, 48.47654 ], [ -5.07444, 48.48327 ], [ -5.07595, 48.47402 ], [ -5.10725, 48.47244 ], [ -5.10739, 48.46518 ], [ -5.14007, 48.45113 ] ] ], [ [ [ -5.03487, 48.46354 ], [ -5.03375, 48.46276 ], [ -5.03293, 48.46314 ], [ -5.03487, 48.46354 ] ] ], [ [ [ -5.03361, 48.46439 ], [ -5.0342, 48.46423 ], [ -5.0331, 48.46392 ], [ -5.03361, 48.46439 ] ] ], [ [ [ -5.10978, 48.47128 ], [ -5.10981, 48.47058 ], [ -5.10896, 48.47067 ], [ -5.10978, 48.47128 ] ] ], [ [ [ -5.0782, 48.48095 ], [ -5.07718, 48.48093 ], [ -5.07518, 48.48192 ], [ -5.07685, 48.48202 ], [ -5.0782, 48.48095 ] ] ], [ [ [ -5.09868, 48.478 ], [ -5.0898, 48.47909 ], [ -5.09271, 48.48197 ], [ -5.09868, 48.478 ] ] ], [ [ [ -5.07341, 48.48464 ], [ -5.0727, 48.48341 ], [ -5.07171, 48.48401 ], [ -5.07341, 48.48464 ] ] ], [ [ [ -4.7068, 48.03066 ], [ -4.70619, 48.03048 ], [ -4.70664, 48.03112 ], [ -4.7068, 48.03066 ] ] ], [ [ [ -4.72719, 48.03287 ], [ -4.72734, 48.03279 ], [ -4.72649, 48.03255 ], [ -4.72719, 48.03287 ] ] ], [ [ [ -4.71335, 48.05518 ], [ -4.71252, 48.05543 ], [ -4.71292, 48.05562 ], [ -4.71335, 48.05518 ] ] ], [ [ [ -4.71208, 48.05581 ], [ -4.71262, 48.05559 ], [ -4.7123, 48.05544 ], [ -4.71208, 48.05581 ] ] ], [ [ [ -4.71273, 48.05627 ], [ -4.7141, 48.05653 ], [ -4.71399, 48.05616 ], [ -4.71273, 48.05627 ] ] ], [ [ [ -4.71578, 48.06053 ], [ -4.71496, 48.06081 ], [ -4.71683, 48.06143 ], [ -4.71578, 48.06053 ] ] ], [ [ [ -4.6904, 48.06436 ], [ -4.69064, 48.0642 ], [ -4.6905, 48.06409 ], [ -4.6904, 48.06436 ] ] ], [ [ [ -4.68957, 48.06552 ], [ -4.69005, 48.06561 ], [ -4.6898, 48.06532 ], [ -4.68957, 48.06552 ] ] ], [ [ [ -4.68882, 48.06597 ], [ -4.68935, 48.06594 ], [ -4.68913, 48.06563 ], [ -4.68882, 48.06597 ] ] ], [ [ [ -4.61522, 48.07114 ], [ -4.61469, 48.07122 ], [ -4.61554, 48.07161 ], [ -4.61522, 48.07114 ] ] ], [ [ [ -4.71477, 48.06591 ], [ -4.71427, 48.06583 ], [ -4.71416, 48.06602 ], [ -4.71477, 48.06591 ] ] ], [ [ [ -4.6148, 48.07315 ], [ -4.6156, 48.07314 ], [ -4.61536, 48.07247 ], [ -4.6148, 48.07315 ] ] ], [ [ [ -4.61133, 48.07309 ], [ -4.61107, 48.07315 ], [ -4.61141, 48.0735 ], [ -4.61133, 48.07309 ] ] ], [ [ [ -4.61541, 48.07351 ], [ -4.61535, 48.07355 ], [ -4.61582, 48.07381 ], [ -4.61541, 48.07351 ] ] ], [ [ [ -4.64351, 48.27285 ], [ -4.64298, 48.27272 ], [ -4.64339, 48.27338 ], [ -4.64351, 48.27285 ] ] ], [ [ [ -4.64136, 48.27344 ], [ -4.64089, 48.27322 ], [ -4.64086, 48.27345 ], [ -4.64136, 48.27344 ] ] ], [ [ [ -4.64166, 48.27395 ], [ -4.6426, 48.27383 ], [ -4.64234, 48.27294 ], [ -4.64166, 48.27395 ] ] ], [ [ [ -4.76314, 48.32471 ], [ -4.76329, 48.32444 ], [ -4.76285, 48.32451 ], [ -4.76314, 48.32471 ] ] ], [ [ [ -4.76183, 48.32576 ], [ -4.76159, 48.32558 ], [ -4.7614, 48.32567 ], [ -4.76183, 48.32576 ] ] ], [ [ [ -4.76119, 48.32771 ], [ -4.76099, 48.32797 ], [ -4.7612, 48.32799 ], [ -4.76119, 48.32771 ] ] ], [ [ [ -4.75213, 48.32906 ], [ -4.75179, 48.32892 ], [ -4.75137, 48.32917 ], [ -4.75213, 48.32906 ] ] ], [ [ [ -4.75144, 48.32932 ], [ -4.75126, 48.32934 ], [ -4.75139, 48.32974 ], [ -4.75144, 48.32932 ] ] ], [ [ [ -4.77062, 48.32875 ], [ -4.77037, 48.32922 ], [ -4.7708, 48.32922 ], [ -4.77062, 48.32875 ] ] ], [ [ [ -4.74224, 48.33139 ], [ -4.74222, 48.33159 ], [ -4.74261, 48.3313 ], [ -4.74224, 48.33139 ] ] ], [ [ [ -4.70311, 48.33581 ], [ -4.70303, 48.3361 ], [ -4.70331, 48.33594 ], [ -4.70311, 48.33581 ] ] ], [ [ [ -4.77394, 48.33172 ], [ -4.77375, 48.33193 ], [ -4.77438, 48.33177 ], [ -4.77394, 48.33172 ] ] ], [ [ [ -4.69675, 48.33699 ], [ -4.69778, 48.33749 ], [ -4.69825, 48.33689 ], [ -4.69675, 48.33699 ] ] ], [ [ [ -4.85755, 48.34157 ], [ -4.84198, 48.35549 ], [ -4.84812, 48.35701 ], [ -4.85755, 48.34157 ] ] ], [ [ [ -4.78777, 48.36989 ], [ -4.7877, 48.36892 ], [ -4.78685, 48.36902 ], [ -4.78777, 48.36989 ] ] ], [ [ [ -4.87919, 48.36959 ], [ -4.87935, 48.36965 ], [ -4.87951, 48.36954 ], [ -4.87919, 48.36959 ] ] ], [ [ [ -4.88026, 48.37083 ], [ -4.8811, 48.37155 ], [ -4.88207, 48.37119 ], [ -4.88026, 48.37083 ] ] ], [ [ [ -4.79368, 48.41664 ], [ -4.79344, 48.41664 ], [ -4.79356, 48.41686 ], [ -4.79368, 48.41664 ] ] ], [ [ [ -4.79852, 48.42853 ], [ -4.7981, 48.42878 ], [ -4.79873, 48.42902 ], [ -4.79852, 48.42853 ] ] ], [ [ [ -4.78976, 48.43803 ], [ -4.78718, 48.43789 ], [ -4.78792, 48.43848 ], [ -4.78976, 48.43803 ] ] ], [ [ [ -4.78032, 48.44103 ], [ -4.78063, 48.44097 ], [ -4.78012, 48.4407 ], [ -4.78032, 48.44103 ] ] ], [ [ [ -4.77767, 48.45244 ], [ -4.77829, 48.45308 ], [ -4.77823, 48.45274 ], [ -4.77767, 48.45244 ] ] ], [ [ [ -4.75963, 48.47022 ], [ -4.76004, 48.47028 ], [ -4.75979, 48.47 ], [ -4.75963, 48.47022 ] ] ], [ [ [ -4.77869, 48.48583 ], [ -4.7769, 48.48368 ], [ -4.77595, 48.48524 ], [ -4.77869, 48.48583 ] ] ], [ [ [ -4.77838, 48.49258 ], [ -4.77823, 48.4919 ], [ -4.77799, 48.49185 ], [ -4.77838, 48.49258 ] ] ], [ [ [ -4.77585, 48.52694 ], [ -4.77301, 48.52821 ], [ -4.77383, 48.53094 ], [ -4.77585, 48.52694 ] ] ], [ [ [ -4.72603, 48.56526 ], [ -4.72602, 48.56566 ], [ -4.72681, 48.56567 ], [ -4.72603, 48.56526 ] ] ], [ [ [ -4.70642, 48.56864 ], [ -4.70609, 48.56924 ], [ -4.70723, 48.56913 ], [ -4.70642, 48.56864 ] ] ], [ [ [ -4.69615, 48.57211 ], [ -4.69664, 48.57165 ], [ -4.69597, 48.57149 ], [ -4.69615, 48.57211 ] ] ], [ [ [ -4.69418, 48.57499 ], [ -4.69386, 48.5744 ], [ -4.69139, 48.57532 ], [ -4.69418, 48.57499 ] ] ], [ [ [ -4.70094, 48.57571 ], [ -4.70062, 48.57606 ], [ -4.70115, 48.57599 ], [ -4.70094, 48.57571 ] ] ], [ [ [ -4.5947, 48.07581 ], [ -4.59431, 48.07543 ], [ -4.59451, 48.0758 ], [ -4.5947, 48.07581 ] ] ], [ [ [ -4.55953, 48.17729 ], [ -4.55905, 48.17739 ], [ -4.55849, 48.17765 ], [ -4.5587, 48.17756 ], [ -4.55953, 48.17729 ] ] ], [ [ [ -4.52257, 48.19029 ], [ -4.52226, 48.19009 ], [ -4.52177, 48.19023 ], [ -4.52257, 48.19029 ] ] ], [ [ [ -4.63276, 48.24705 ], [ -4.63295, 48.2475 ], [ -4.63404, 48.2474 ], [ -4.63276, 48.24705 ] ] ], [ [ [ -4.62964, 48.24854 ], [ -4.62976, 48.24839 ], [ -4.6296, 48.2483 ], [ -4.62964, 48.24854 ] ] ], [ [ [ -4.62825, 48.24951 ], [ -4.62836, 48.25046 ], [ -4.6291, 48.24992 ], [ -4.62825, 48.24951 ] ] ], [ [ [ -4.62695, 48.25027 ], [ -4.62701, 48.24965 ], [ -4.62563, 48.24988 ], [ -4.62695, 48.25027 ] ] ], [ [ [ -4.6227, 48.25213 ], [ -4.62439, 48.25106 ], [ -4.62344, 48.25082 ], [ -4.6227, 48.25213 ] ] ], [ [ [ -4.63041, 48.27969 ], [ -4.63092, 48.27984 ], [ -4.631, 48.27969 ], [ -4.63041, 48.27969 ] ] ], [ [ [ -4.63028, 48.2808 ], [ -4.62989, 48.28084 ], [ -4.63045, 48.28105 ], [ -4.63028, 48.2808 ] ] ], [ [ [ -4.63046, 48.28155 ], [ -4.63009, 48.28151 ], [ -4.63058, 48.28182 ], [ -4.63046, 48.28155 ] ] ], [ [ [ -4.60981, 48.2849 ], [ -4.61038, 48.28513 ], [ -4.61077, 48.28465 ], [ -4.60981, 48.2849 ] ] ], [ [ [ -4.61165, 48.28479 ], [ -4.611, 48.28485 ], [ -4.6112, 48.28502 ], [ -4.61165, 48.28479 ] ] ], [ [ [ -4.53843, 48.30363 ], [ -4.5388, 48.3021 ], [ -4.53475, 48.30312 ], [ -4.53843, 48.30363 ] ] ], [ [ [ -4.53173, 48.30509 ], [ -4.532, 48.30347 ], [ -4.52896, 48.307 ], [ -4.53173, 48.30509 ] ] ], [ [ [ -4.57286, 48.30605 ], [ -4.57231, 48.30654 ], [ -4.5742, 48.30679 ], [ -4.57286, 48.30605 ] ] ], [ [ [ -4.57666, 48.30945 ], [ -4.57646, 48.30977 ], [ -4.57702, 48.30967 ], [ -4.57666, 48.30945 ] ] ], [ [ [ -4.5821, 48.31893 ], [ -4.58251, 48.31968 ], [ -4.58306, 48.31955 ], [ -4.5821, 48.31893 ] ] ], [ [ [ -4.61447, 48.33649 ], [ -4.61468, 48.33621 ], [ -4.61399, 48.33659 ], [ -4.61447, 48.33649 ] ] ], [ [ [ -4.64546, 48.57564 ], [ -4.64616, 48.57539 ], [ -4.64599, 48.5753 ], [ -4.64546, 48.57564 ] ] ], [ [ [ -4.66399, 48.57941 ], [ -4.66483, 48.58061 ], [ -4.66571, 48.57951 ], [ -4.66399, 48.57941 ] ] ], [ [ [ -4.68026, 48.5794 ], [ -4.67955, 48.57948 ], [ -4.67992, 48.57985 ], [ -4.68026, 48.5794 ] ] ], [ [ [ -4.61984, 48.58598 ], [ -4.6198, 48.58548 ], [ -4.61559, 48.5849 ], [ -4.61984, 48.58598 ] ] ], [ [ [ -4.66987, 48.58305 ], [ -4.67064, 48.584 ], [ -4.6721, 48.5835 ], [ -4.66987, 48.58305 ] ] ], [ [ [ -4.64112, 48.58713 ], [ -4.64066, 48.58564 ], [ -4.64039, 48.5858 ], [ -4.64112, 48.58713 ] ] ], [ [ [ -4.6409, 48.58728 ], [ -4.6407, 48.58705 ], [ -4.64014, 48.58742 ], [ -4.6409, 48.58728 ] ] ], [ [ [ -4.64147, 48.58818 ], [ -4.64089, 48.58802 ], [ -4.6409, 48.58856 ], [ -4.64147, 48.58818 ] ] ], [ [ [ -4.61321, 48.59247 ], [ -4.61266, 48.59343 ], [ -4.61348, 48.59328 ], [ -4.61321, 48.59247 ] ] ], [ [ [ -4.61764, 48.59837 ], [ -4.61837, 48.59957 ], [ -4.61882, 48.59883 ], [ -4.61764, 48.59837 ] ] ], [ [ [ -4.58231, 48.60229 ], [ -4.58309, 48.60174 ], [ -4.5809, 48.6018 ], [ -4.58231, 48.60229 ] ] ], [ [ [ -4.56204, 48.60472 ], [ -4.56323, 48.60335 ], [ -4.56054, 48.60408 ], [ -4.56204, 48.60472 ] ] ], [ [ [ -4.62273, 48.60194 ], [ -4.62357, 48.60161 ], [ -4.6222, 48.59963 ], [ -4.62273, 48.60194 ] ] ], [ [ [ -4.63748, 48.60031 ], [ -4.63403, 48.59885 ], [ -4.63326, 48.60009 ], [ -4.63748, 48.60031 ] ] ], [ [ [ -4.58776, 48.60689 ], [ -4.58625, 48.60551 ], [ -4.58484, 48.60656 ], [ -4.58776, 48.60689 ] ] ], [ [ [ -4.57209, 48.60483 ], [ -4.57001, 48.60599 ], [ -4.56931, 48.60744 ], [ -4.57209, 48.60483 ] ] ], [ [ [ -4.58011, 48.61304 ], [ -4.57978, 48.61329 ], [ -4.58016, 48.61358 ], [ -4.58011, 48.61304 ] ] ], [ [ [ -4.57869, 48.61425 ], [ -4.57951, 48.61391 ], [ -4.57804, 48.61336 ], [ -4.57869, 48.61425 ] ] ], [ [ [ -4.6043, 48.61506 ], [ -4.60514, 48.61517 ], [ -4.60421, 48.61394 ], [ -4.6043, 48.61506 ] ] ], [ [ [ -4.57571, 48.61439 ], [ -4.57403, 48.61681 ], [ -4.57464, 48.61878 ], [ -4.57571, 48.61439 ] ] ], [ [ [ -4.57145, 48.62257 ], [ -4.57306, 48.62133 ], [ -4.57234, 48.62059 ], [ -4.57145, 48.62257 ] ] ], [ [ [ -4.59517, 48.62375 ], [ -4.59331, 48.62228 ], [ -4.59198, 48.62566 ], [ -4.59517, 48.62375 ] ] ], [ [ [ -4.56287, 48.62724 ], [ -4.56261, 48.62604 ], [ -4.56153, 48.62731 ], [ -4.56287, 48.62724 ] ] ], [ [ [ -4.60235, 48.62652 ], [ -4.60297, 48.62662 ], [ -4.603, 48.62609 ], [ -4.60235, 48.62652 ] ] ], [ [ [ -4.57361, 48.63583 ], [ -4.57423, 48.63533 ], [ -4.57201, 48.63344 ], [ -4.57194, 48.63505 ], [ -4.57361, 48.63583 ] ] ], [ [ [ -4.56858, 48.6374 ], [ -4.56645, 48.63943 ], [ -4.56963, 48.6404 ], [ -4.56858, 48.6374 ] ] ], [ [ [ -3.97903, 47.70386 ], [ -3.97999, 47.70429 ], [ -3.98027, 47.70376 ], [ -3.97903, 47.70386 ] ] ], [ [ [ -3.99985, 47.70182 ], [ -3.99134, 47.70185 ], [ -3.99264, 47.70834 ], [ -3.99985, 47.70182 ] ] ], [ [ [ -4.01583, 47.70725 ], [ -4.01476, 47.7074 ], [ -4.01527, 47.70784 ], [ -4.01583, 47.70725 ] ] ], [ [ [ -4.01469, 47.70944 ], [ -4.01399, 47.7086 ], [ -4.01301, 47.70873 ], [ -4.01469, 47.70944 ] ] ], [ [ [ -4.01585, 47.70977 ], [ -4.01821, 47.70957 ], [ -4.01748, 47.70926 ], [ -4.01585, 47.70977 ] ] ], [ [ [ -4.00451, 47.71549 ], [ -4.00493, 47.71612 ], [ -4.0058, 47.71562 ], [ -4.00451, 47.71549 ] ] ], [ [ [ -3.99275, 47.71716 ], [ -3.99463, 47.71726 ], [ -3.99375, 47.71596 ], [ -3.99275, 47.71716 ] ] ], [ [ [ -4.01323, 47.71655 ], [ -4.00741, 47.71665 ], [ -4.00697, 47.71742 ], [ -4.01323, 47.71655 ] ] ], [ [ [ -4.00475, 47.71814 ], [ -4.00648, 47.71762 ], [ -4.00417, 47.71726 ], [ -4.00475, 47.71814 ] ] ], [ [ [ -3.99147, 47.72355 ], [ -3.9954, 47.72281 ], [ -3.99151, 47.72241 ], [ -3.99147, 47.72355 ] ] ], [ [ [ -3.97407, 47.72536 ], [ -3.97427, 47.72536 ], [ -3.97416, 47.72505 ], [ -3.97407, 47.72536 ] ] ], [ [ [ -4.00934, 47.72317 ], [ -3.99579, 47.72319 ], [ -4.00058, 47.72592 ], [ -4.00934, 47.72317 ] ] ], [ [ [ -4.03523, 47.72504 ], [ -4.03554, 47.7247 ], [ -4.03439, 47.7242 ], [ -4.03523, 47.72504 ] ] ], [ [ [ -3.99926, 47.72962 ], [ -4.0003, 47.72951 ], [ -4.00021, 47.72883 ], [ -3.99926, 47.72962 ] ] ], [ [ [ -4.03107, 47.77537 ], [ -4.0271, 47.77432 ], [ -4.0285, 47.7762 ], [ -4.03107, 47.77537 ] ] ], [ [ [ -4.02278, 47.77571 ], [ -4.02197, 47.77547 ], [ -4.02158, 47.77626 ], [ -4.02278, 47.77571 ] ] ], [ [ [ -4.02641, 47.77658 ], [ -4.02694, 47.7772 ], [ -4.02729, 47.77675 ], [ -4.02641, 47.77658 ] ] ], [ [ [ -4.38082, 47.81181 ], [ -4.37926, 47.81197 ], [ -4.37842, 47.81259 ], [ -4.37988, 47.81287 ], [ -4.38082, 47.81181 ] ] ], [ [ [ -4.184, 47.84437 ], [ -4.17654, 47.84058 ], [ -4.17659, 47.84379 ], [ -4.184, 47.84437 ] ] ], [ [ [ -4.18648, 47.85066 ], [ -4.18528, 47.849 ], [ -4.1835, 47.84907 ], [ -4.18648, 47.85066 ] ] ], [ [ [ -4.18475, 47.85253 ], [ -4.18425, 47.85207 ], [ -4.18378, 47.8527 ], [ -4.18475, 47.85253 ] ] ], [ [ [ -4.19317, 47.8644 ], [ -4.17807, 47.85058 ], [ -4.18192, 47.86738 ], [ -4.19317, 47.8644 ] ] ], [ [ [ -4.11274, 47.94632 ], [ -4.11288, 47.94599 ], [ -4.11255, 47.94604 ], [ -4.11274, 47.94632 ] ] ], [ [ [ -4.29851, 48.0948 ], [ -4.29887, 48.09473 ], [ -4.29853, 48.09456 ], [ -4.29851, 48.0948 ] ] ], [ [ [ -4.33695, 48.09896 ], [ -4.33704, 48.09881 ], [ -4.33672, 48.09859 ], [ -4.33695, 48.09896 ] ] ], [ [ [ -4.33947, 48.10246 ], [ -4.33576, 48.09995 ], [ -4.33545, 48.10144 ], [ -4.33947, 48.10246 ] ] ], [ [ [ -4.3534, 48.10731 ], [ -4.35273, 48.1069 ], [ -4.35243, 48.10711 ], [ -4.3534, 48.10731 ] ] ], [ [ [ -4.27438, 48.14589 ], [ -4.27294, 48.1461 ], [ -4.274, 48.1465 ], [ -4.27438, 48.14589 ] ] ], [ [ [ -4.26089, 48.3607 ], [ -4.26523, 48.35582 ], [ -4.27104, 48.35331 ], [ -4.29237, 48.35055 ], [ -4.278, 48.34446 ], [ -4.30035, 48.33731 ], [ -4.31742, 48.3352 ], [ -4.30283, 48.33079 ], [ -4.33667, 48.31481 ], [ -4.30695, 48.31877 ], [ -4.29323, 48.31158 ], [ -4.28334, 48.32308 ], [ -4.24204, 48.32868 ], [ -4.24326, 48.32777 ], [ -4.24789, 48.32608 ], [ -4.25175, 48.32322 ], [ -4.2543, 48.32272 ], [ -4.25408, 48.32177 ], [ -4.26699, 48.32088 ], [ -4.28202, 48.31261 ], [ -4.25462, 48.30916 ], [ -4.24661, 48.29895 ], [ -4.24524, 48.31111 ], [ -4.22041, 48.31388 ], [ -4.24043, 48.30911 ], [ -4.24152, 48.30735 ], [ -4.24109, 48.30558 ], [ -4.23617, 48.3015 ], [ -4.2391, 48.29904 ], [ -4.18095, 48.29647 ], [ -4.27994, 48.27896 ], [ -4.24019, 48.25416 ], [ -4.21385, 48.26024 ], [ -4.19966, 48.24942 ], [ -4.21082, 48.24724 ], [ -4.20617, 48.23959 ], [ -4.21451, 48.24281 ], [ -4.21819, 48.25859 ], [ -4.24292, 48.24877 ], [ -4.25533, 48.26019 ], [ -4.27057, 48.25814 ], [ -4.25521, 48.2628 ], [ -4.289, 48.27333 ], [ -4.28925, 48.28133 ], [ -4.28032, 48.28979 ], [ -4.26579, 48.28458 ], [ -4.26429, 48.29248 ], [ -4.28846, 48.29884 ], [ -4.30842, 48.29713 ], [ -4.33883, 48.28356 ], [ -4.39751, 48.27471 ], [ -4.41223, 48.27749 ], [ -4.41913, 48.29379 ], [ -4.46082, 48.29467 ], [ -4.50374, 48.28115 ], [ -4.5183, 48.29466 ], [ -4.49743, 48.30479 ], [ -4.50661, 48.31086 ], [ -4.53593, 48.28412 ], [ -4.55648, 48.30029 ], [ -4.53312, 48.34195 ], [ -4.57889, 48.32453 ], [ -4.56647, 48.2909 ], [ -4.57074, 48.28176 ], [ -4.59323, 48.27518 ], [ -4.60113, 48.28774 ], [ -4.612, 48.27994 ], [ -4.63055, 48.28 ], [ -4.61544, 48.27385 ], [ -4.62254, 48.2526 ], [ -4.61328, 48.26214 ], [ -4.58241, 48.25065 ], [ -4.55761, 48.25884 ], [ -4.54407, 48.24922 ], [ -4.54579, 48.24029 ], [ -4.57347, 48.23582 ], [ -4.55262, 48.21122 ], [ -4.55403, 48.16781 ], [ -4.5417, 48.16834 ], [ -4.5401, 48.18101 ], [ -4.52681, 48.18565 ], [ -4.52257, 48.1911 ], [ -4.51844, 48.1917 ], [ -4.4893, 48.23615 ], [ -4.4644, 48.23949 ], [ -4.43327, 48.23067 ], [ -4.43124, 48.23709 ], [ -4.42857, 48.23458 ], [ -4.43371, 48.22828 ], [ -4.37812, 48.21883 ], [ -4.37438, 48.20662 ], [ -4.31606, 48.2037 ], [ -4.29111, 48.17638 ], [ -4.2957, 48.15837 ], [ -4.27394, 48.15491 ], [ -4.26783, 48.13054 ], [ -4.28558, 48.12618 ], [ -4.29668, 48.09197 ], [ -4.32155, 48.09223 ], [ -4.32735, 48.1003 ], [ -4.33653, 48.09437 ], [ -4.36319, 48.10933 ], [ -4.41605, 48.10682 ], [ -4.43337, 48.09656 ], [ -4.46654, 48.09927 ], [ -4.48617, 48.08647 ], [ -4.53626, 48.08991 ], [ -4.55165, 48.07612 ], [ -4.58179, 48.08242 ], [ -4.59118, 48.07367 ], [ -4.62163, 48.06829 ], [ -4.63117, 48.07289 ], [ -4.63156, 48.06708 ], [ -4.66643, 48.07286 ], [ -4.67189, 48.06051 ], [ -4.71458, 48.06511 ], [ -4.70676, 48.04479 ], [ -4.74039, 48.0395 ], [ -4.65403, 48.02183 ], [ -4.63219, 48.02919 ], [ -4.62313, 48.0178 ], [ -4.56609, 47.99968 ], [ -4.54079, 48.01093 ], [ -4.53537, 48.02473 ], [ -4.5322, 48.02092 ], [ -4.53491, 48.00972 ], [ -4.4509, 47.98101 ], [ -4.38972, 47.92918 ], [ -4.36247, 47.88955 ], [ -4.34623, 47.83976 ], [ -4.35226, 47.82884 ], [ -4.38143, 47.82095 ], [ -4.37162, 47.80965 ], [ -4.37486, 47.7974 ], [ -4.30091, 47.80092 ], [ -4.29397, 47.79727 ], [ -4.29247, 47.79179 ], [ -4.27238, 47.80078 ], [ -4.27372, 47.79578 ], [ -4.28154, 47.79179 ], [ -4.22394, 47.79157 ], [ -4.21317, 47.80277 ], [ -4.19251, 47.79582 ], [ -4.17369, 47.80669 ], [ -4.15925, 47.83154 ], [ -4.18293, 47.83559 ], [ -4.19608, 47.85703 ], [ -4.22223, 47.86806 ], [ -4.20367, 47.86707 ], [ -4.19671, 47.85804 ], [ -4.19502, 47.8762 ], [ -4.16775, 47.87504 ], [ -4.17642, 47.87244 ], [ -4.16899, 47.83928 ], [ -4.14046, 47.85946 ], [ -4.1132, 47.8622 ], [ -4.13048, 47.89003 ], [ -4.17086, 47.89477 ], [ -4.17643, 47.90715 ], [ -4.17418, 47.90765 ], [ -4.16616, 47.89557 ], [ -4.1457, 47.8973 ], [ -4.15184, 47.91053 ], [ -4.14103, 47.92636 ], [ -4.11157, 47.93605 ], [ -4.11458, 47.94692 ], [ -4.11339, 47.95256 ], [ -4.12322, 47.95383 ], [ -4.11162, 47.95636 ], [ -4.11925, 47.96539 ], [ -4.10102, 47.97048 ], [ -4.11691, 47.97522 ], [ -4.11561, 47.9839 ], [ -4.09575, 47.96967 ], [ -4.10963, 47.94247 ], [ -4.08162, 47.95541 ], [ -4.07472, 47.94844 ], [ -4.0955, 47.94153 ], [ -4.07851, 47.93826 ], [ -4.06856, 47.93291 ], [ -4.07296, 47.93278 ], [ -4.07659, 47.93391 ], [ -4.07961, 47.93672 ], [ -4.09618, 47.93856 ], [ -4.09946, 47.94296 ], [ -4.10402, 47.93984 ], [ -4.10844, 47.94231 ], [ -4.11219, 47.93142 ], [ -4.13159, 47.92502 ], [ -4.1395, 47.92568 ], [ -4.14139, 47.90042 ], [ -4.11656, 47.89612 ], [ -4.12436, 47.88819 ], [ -4.10573, 47.88108 ], [ -4.11674, 47.87686 ], [ -4.09864, 47.86238 ], [ -4.07719, 47.86668 ], [ -4.0834, 47.87368 ], [ -4.06753, 47.8708 ], [ -4.06855, 47.86894 ], [ -4.07378, 47.8646 ], [ -4.06329, 47.86746 ], [ -4.04714, 47.85155 ], [ -4.08876, 47.86242 ], [ -4.04049, 47.84447 ], [ -3.97598, 47.85418 ], [ -3.99003, 47.88305 ], [ -3.97254, 47.89097 ], [ -3.98159, 47.88893 ], [ -3.99203, 47.8967 ], [ -3.98253, 47.89332 ], [ -3.97927, 47.9021 ], [ -3.95359, 47.89393 ], [ -3.94591, 47.90513 ], [ -3.94698, 47.89618 ], [ -3.94981, 47.89091 ], [ -3.94139, 47.8945 ], [ -3.9476, 47.88762 ], [ -3.93001, 47.87111 ], [ -3.91694, 47.86801 ], [ -3.91735, 47.87376 ], [ -3.90559, 47.87711 ], [ -3.91144, 47.86657 ], [ -3.89868, 47.85889 ], [ -3.91915, 47.8559 ], [ -3.88666, 47.84925 ], [ -3.90182, 47.83439 ], [ -3.89338, 47.83319 ], [ -3.85094, 47.79914 ], [ -3.84392, 47.80559 ], [ -3.85544, 47.79011 ], [ -3.83904, 47.79856 ], [ -3.81814, 47.79626 ], [ -3.79998, 47.78753 ], [ -3.74237, 47.797 ], [ -3.7448, 47.81394 ], [ -3.75874, 47.81638 ], [ -3.75622, 47.82129 ], [ -3.74536, 47.819 ], [ -3.75732, 47.83602 ], [ -3.74746, 47.85323 ], [ -3.74255, 47.84041 ], [ -3.75044, 47.83378 ], [ -3.74547, 47.83207 ], [ -3.73258, 47.80306 ], [ -3.71184, 47.81469 ], [ -3.70527, 47.81403 ], [ -3.69857, 47.83187 ], [ -3.69303, 47.82741 ], [ -3.69448, 47.82054 ], [ -3.67356, 47.82871 ], [ -3.65114, 47.82169 ], [ -3.69709, 47.819 ], [ -3.69916, 47.80851 ], [ -3.70077, 47.80814 ], [ -3.70287, 47.81243 ], [ -3.7078, 47.81325 ], [ -3.72313, 47.80281 ], [ -3.68222, 47.77713 ], [ -3.66858, 47.7908 ], [ -3.66867, 47.78139 ], [ -3.65151, 47.77933 ], [ -3.63817, 47.79289 ], [ -3.64536, 47.77401 ], [ -3.63901, 47.77709 ], [ -3.61258, 47.76858 ], [ -3.6021, 47.77886 ], [ -3.60276, 47.76877 ], [ -3.57299, 47.76991 ], [ -3.56405, 47.76866 ], [ -3.56025, 47.76543 ], [ -3.55541, 47.76597 ], [ -3.55174, 47.76287 ], [ -3.53748, 47.76325 ], [ -3.51924, 47.80319 ], [ -3.53716, 47.81569 ], [ -3.53952, 47.8366 ], [ -3.5191, 47.84923 ], [ -3.52199, 47.84006 ], [ -3.48792, 47.82367 ], [ -3.45773, 47.83672 ], [ -3.44822, 47.86368 ], [ -3.41927, 47.86918 ], [ -3.39817, 47.86321 ], [ -3.40526, 47.9021 ], [ -3.41927, 47.90553 ], [ -3.40542, 47.90627 ], [ -3.40887, 47.91613 ], [ -3.38661, 47.92637 ], [ -3.40172, 47.94348 ], [ -3.39186, 47.95737 ], [ -3.41515, 47.97507 ], [ -3.44534, 47.95861 ], [ -3.46048, 47.96069 ], [ -3.46742, 47.94534 ], [ -3.49138, 47.975 ], [ -3.5192, 47.97625 ], [ -3.53178, 47.9891 ], [ -3.55816, 47.99411 ], [ -3.58399, 47.9845 ], [ -3.59628, 47.99057 ], [ -3.61886, 47.98173 ], [ -3.64144, 47.98565 ], [ -3.67342, 48.05864 ], [ -3.7086, 48.06662 ], [ -3.69841, 48.06871 ], [ -3.70446, 48.08672 ], [ -3.695, 48.09365 ], [ -3.73332, 48.0964 ], [ -3.73472, 48.11263 ], [ -3.70883, 48.13554 ], [ -3.7154, 48.14207 ], [ -3.69584, 48.15221 ], [ -3.65252, 48.15656 ], [ -3.56642, 48.19008 ], [ -3.51941, 48.18947 ], [ -3.52079, 48.20284 ], [ -3.53944, 48.20655 ], [ -3.55786, 48.22862 ], [ -3.556, 48.24204 ], [ -3.52297, 48.25572 ], [ -3.51804, 48.28228 ], [ -3.55499, 48.29362 ], [ -3.51842, 48.31885 ], [ -3.52506, 48.32353 ], [ -3.54109, 48.31145 ], [ -3.55219, 48.31621 ], [ -3.56323, 48.34718 ], [ -3.55415, 48.37855 ], [ -3.60796, 48.38854 ], [ -3.60016, 48.42204 ], [ -3.55081, 48.44782 ], [ -3.59313, 48.46404 ], [ -3.60755, 48.47727 ], [ -3.60443, 48.49626 ], [ -3.53982, 48.53821 ], [ -3.57135, 48.55837 ], [ -3.59607, 48.55508 ], [ -3.58864, 48.58272 ], [ -3.62982, 48.58806 ], [ -3.63891, 48.61215 ], [ -3.65452, 48.61707 ], [ -3.66588, 48.65222 ], [ -3.63923, 48.67363 ], [ -3.6547, 48.68204 ], [ -3.64364, 48.69674 ], [ -3.68069, 48.68661 ], [ -3.72279, 48.70644 ], [ -3.75813, 48.71016 ], [ -3.78468, 48.70116 ], [ -3.82165, 48.71866 ], [ -3.82082, 48.70108 ], [ -3.83125, 48.7143 ], [ -3.8551, 48.68943 ], [ -3.84618, 48.66089 ], [ -3.85405, 48.66237 ], [ -3.85494, 48.67384 ], [ -3.86456, 48.67135 ], [ -3.84342, 48.62858 ], [ -3.85907, 48.6145 ], [ -3.84942, 48.60355 ], [ -3.87013, 48.60421 ], [ -3.8639, 48.60835 ], [ -3.85753, 48.60863 ], [ -3.86222, 48.61362 ], [ -3.8595, 48.63202 ], [ -3.89354, 48.64347 ], [ -3.90528, 48.65813 ], [ -3.89082, 48.67111 ], [ -3.92209, 48.67578 ], [ -3.93009, 48.65791 ], [ -3.9576, 48.64801 ], [ -3.95018, 48.67279 ], [ -3.97202, 48.67538 ], [ -3.96819, 48.69013 ], [ -3.95768, 48.68845 ], [ -3.97617, 48.6996 ], [ -3.97227, 48.71357 ], [ -3.96532, 48.72188 ], [ -3.96135, 48.72021 ], [ -3.96957, 48.72752 ], [ -3.98919, 48.72749 ], [ -4.00079, 48.7116 ], [ -4.00742, 48.72754 ], [ -4.01503, 48.71288 ], [ -4.03533, 48.71404 ], [ -4.04262, 48.70254 ], [ -4.05329, 48.70632 ], [ -4.05642, 48.68679 ], [ -4.04314, 48.68891 ], [ -4.03567, 48.68793 ], [ -4.03754, 48.68719 ], [ -4.0385, 48.68713 ], [ -4.04406, 48.68817 ], [ -4.05469, 48.68541 ], [ -4.06995, 48.68787 ], [ -4.05719, 48.67575 ], [ -4.0558, 48.66933 ], [ -4.05754, 48.66957 ], [ -4.0579, 48.67536 ], [ -4.08292, 48.69368 ], [ -4.09581, 48.68583 ], [ -4.09982, 48.69584 ], [ -4.12986, 48.69698 ], [ -4.18801, 48.68638 ], [ -4.21377, 48.66878 ], [ -4.22125, 48.65678 ], [ -4.19462, 48.65186 ], [ -4.27462, 48.64981 ], [ -4.30169, 48.64128 ], [ -4.29674, 48.6326 ], [ -4.31881, 48.64653 ], [ -4.299, 48.65387 ], [ -4.29634, 48.6648 ], [ -4.31297, 48.67265 ], [ -4.32575, 48.66622 ], [ -4.3248, 48.67505 ], [ -4.34695, 48.67835 ], [ -4.37959, 48.65944 ], [ -4.43554, 48.65598 ], [ -4.43296, 48.64749 ], [ -4.40492, 48.64184 ], [ -4.39758, 48.63647 ], [ -4.43302, 48.64211 ], [ -4.43478, 48.63542 ], [ -4.44888, 48.64346 ], [ -4.47651, 48.62396 ], [ -4.50946, 48.62251 ], [ -4.5132, 48.63519 ], [ -4.53113, 48.6294 ], [ -4.5384, 48.63743 ], [ -4.54821, 48.63315 ], [ -4.54179, 48.62452 ], [ -4.56578, 48.62591 ], [ -4.56856, 48.60926 ], [ -4.55247, 48.61105 ], [ -4.55976, 48.60376 ], [ -4.51661, 48.59392 ], [ -4.52141, 48.58454 ], [ -4.54259, 48.59846 ], [ -4.59556, 48.59328 ], [ -4.5862, 48.60263 ], [ -4.60643, 48.60464 ], [ -4.60859, 48.5748 ], [ -4.59391, 48.57453 ], [ -4.5839, 48.56199 ], [ -4.53901, 48.5626 ], [ -4.50507, 48.54587 ], [ -4.55592, 48.5599 ], [ -4.59544, 48.55334 ], [ -4.59603, 48.57109 ], [ -4.62609, 48.57886 ], [ -4.6542, 48.56996 ], [ -4.67047, 48.57608 ], [ -4.67971, 48.56692 ], [ -4.70487, 48.57009 ], [ -4.70427, 48.55008 ], [ -4.71625, 48.55952 ], [ -4.73097, 48.55612 ], [ -4.75308, 48.54379 ], [ -4.74624, 48.52914 ], [ -4.74993, 48.52812 ], [ -4.75883, 48.53438 ], [ -4.7581, 48.52075 ], [ -4.77616, 48.51903 ], [ -4.76652, 48.51029 ], [ -4.77996, 48.49768 ], [ -4.76405, 48.47246 ], [ -4.71927, 48.47568 ], [ -4.7167, 48.4687 ], [ -4.73076, 48.47409 ], [ -4.7535, 48.47035 ], [ -4.75956, 48.45976 ], [ -4.75749, 48.46847 ], [ -4.77153, 48.46327 ], [ -4.77619, 48.44381 ], [ -4.78573, 48.43589 ], [ -4.78401, 48.42999 ], [ -4.78656, 48.42861 ], [ -4.7883, 48.42301 ], [ -4.7919, 48.42136 ], [ -4.79173, 48.41797 ], [ -4.79541, 48.41485 ], [ -4.7739, 48.40528 ], [ -4.77629, 48.39017 ], [ -4.76219, 48.38282 ], [ -4.76536, 48.36777 ], [ -4.78963, 48.36202 ], [ -4.76603, 48.36363 ], [ -4.78151, 48.35874 ], [ -4.76971, 48.32847 ], [ -4.73832, 48.3334 ], [ -4.70982, 48.33072 ], [ -4.70078, 48.3501 ], [ -4.68016, 48.3558 ], [ -4.60868, 48.33811 ], [ -4.55383, 48.36201 ], [ -4.53789, 48.35729 ], [ -4.49074, 48.36843 ], [ -4.52379, 48.36578 ], [ -4.50542, 48.37901 ], [ -4.45722, 48.3879 ], [ -4.44257, 48.37971 ], [ -4.42865, 48.39753 ], [ -4.40166, 48.38977 ], [ -4.36116, 48.40995 ], [ -4.31405, 48.41997 ], [ -4.26986, 48.44519 ], [ -4.28127, 48.43138 ], [ -4.31074, 48.41698 ], [ -4.4078, 48.38115 ], [ -4.45885, 48.32693 ], [ -4.39761, 48.34235 ], [ -4.41815, 48.32446 ], [ -4.37781, 48.32536 ], [ -4.36707, 48.34486 ], [ -4.34046, 48.35849 ], [ -4.33996, 48.35821 ], [ -4.34231, 48.35534 ], [ -4.34657, 48.35268 ], [ -4.34591, 48.3519 ], [ -4.35327, 48.34798 ], [ -4.35519, 48.34329 ], [ -4.3174, 48.36209 ], [ -4.33025, 48.33895 ], [ -4.29876, 48.34526 ], [ -4.30684, 48.34843 ], [ -4.29768, 48.35702 ], [ -4.26089, 48.3607 ] ] ], [ [ [ -4.43644, 48.22205 ], [ -4.43771, 48.22164 ], [ -4.43667, 48.22158 ], [ -4.43644, 48.22205 ] ] ], [ [ [ -4.43545, 48.22381 ], [ -4.43443, 48.22792 ], [ -4.43543, 48.22794 ], [ -4.43545, 48.22381 ] ] ], [ [ [ -4.2808, 48.28507 ], [ -4.28192, 48.28334 ], [ -4.27765, 48.28188 ], [ -4.2808, 48.28507 ] ] ], [ [ [ -4.23966, 48.29156 ], [ -4.23942, 48.29185 ], [ -4.24048, 48.29199 ], [ -4.23966, 48.29156 ] ] ], [ [ [ -4.33666, 48.31292 ], [ -4.33986, 48.3129 ], [ -4.33807, 48.31208 ], [ -4.33666, 48.31292 ] ] ], [ [ [ -4.46169, 48.32435 ], [ -4.4633, 48.3243 ], [ -4.4629, 48.32288 ], [ -4.46169, 48.32435 ] ] ], [ [ [ -4.32233, 48.3328 ], [ -4.32201, 48.33325 ], [ -4.32265, 48.33327 ], [ -4.32233, 48.3328 ] ] ], [ [ [ -4.3209, 48.33413 ], [ -4.32031, 48.33454 ], [ -4.3205, 48.33456 ], [ -4.3209, 48.33413 ] ] ], [ [ [ -4.5072, 48.62602 ], [ -4.50719, 48.62494 ], [ -4.50658, 48.6253 ], [ -4.5072, 48.62602 ] ] ], [ [ [ -4.50395, 48.6314 ], [ -4.50318, 48.63143 ], [ -4.50178, 48.63282 ], [ -4.50395, 48.6314 ] ] ], [ [ [ -4.55594, 48.62751 ], [ -4.55103, 48.62839 ], [ -4.55499, 48.63167 ], [ -4.55594, 48.62751 ] ] ], [ [ [ -4.40355, 48.64053 ], [ -4.40657, 48.63931 ], [ -4.40504, 48.63874 ], [ -4.40355, 48.64053 ] ] ], [ [ [ -4.549, 48.63037 ], [ -4.54842, 48.63023 ], [ -4.54846, 48.63089 ], [ -4.549, 48.63037 ] ] ], [ [ [ -4.45792, 48.63805 ], [ -4.45754, 48.63809 ], [ -4.45747, 48.63906 ], [ -4.45792, 48.63805 ] ] ], [ [ [ -4.46327, 48.6388 ], [ -4.46425, 48.63885 ], [ -4.46305, 48.63792 ], [ -4.46327, 48.6388 ] ] ], [ [ [ -4.43751, 48.65672 ], [ -4.43672, 48.6559 ], [ -4.43595, 48.65655 ], [ -4.43751, 48.65672 ] ] ], [ [ [ -3.96787, 47.71378 ], [ -3.96841, 47.7133 ], [ -3.96663, 47.71167 ], [ -3.96787, 47.71378 ] ] ], [ [ [ -3.95701, 47.71182 ], [ -3.95086, 47.72017 ], [ -3.95524, 47.72463 ], [ -3.95448, 47.72204 ], [ -3.95701, 47.71182 ] ] ], [ [ [ -3.55517, 47.76422 ], [ -3.55571, 47.76409 ], [ -3.55527, 47.76398 ], [ -3.55517, 47.76422 ] ] ], [ [ [ -3.5776, 47.76714 ], [ -3.57747, 47.7673 ], [ -3.57764, 47.76746 ], [ -3.5776, 47.76714 ] ] ], [ [ [ -3.56498, 47.76849 ], [ -3.56488, 47.76854 ], [ -3.5651, 47.76876 ], [ -3.56498, 47.76849 ] ] ], [ [ [ -3.57848, 47.76831 ], [ -3.57816, 47.76746 ], [ -3.57773, 47.76751 ], [ -3.57848, 47.76831 ] ] ], [ [ [ -3.59446, 47.76849 ], [ -3.59492, 47.76834 ], [ -3.59445, 47.76829 ], [ -3.59446, 47.76849 ] ] ], [ [ [ -3.64009, 47.77399 ], [ -3.64031, 47.77391 ], [ -3.64016, 47.77372 ], [ -3.64009, 47.77399 ] ] ], [ [ [ -3.64347, 47.77397 ], [ -3.6434, 47.77387 ], [ -3.64293, 47.77415 ], [ -3.64347, 47.77397 ] ] ], [ [ [ -3.67419, 47.77616 ], [ -3.67374, 47.77623 ], [ -3.6739, 47.77641 ], [ -3.67419, 47.77616 ] ] ], [ [ [ -3.6721, 47.77762 ], [ -3.67263, 47.77766 ], [ -3.67226, 47.77731 ], [ -3.6721, 47.77762 ] ] ], [ [ [ -3.6719, 47.77812 ], [ -3.67203, 47.77805 ], [ -3.67151, 47.77783 ], [ -3.6719, 47.77812 ] ] ], [ [ [ -3.80042, 47.77264 ], [ -3.80162, 47.77191 ], [ -3.80023, 47.7711 ], [ -3.80042, 47.77264 ] ] ], [ [ [ -3.68786, 47.77931 ], [ -3.688, 47.77926 ], [ -3.68786, 47.77894 ], [ -3.68786, 47.77931 ] ] ], [ [ [ -3.70506, 47.78781 ], [ -3.70556, 47.7874 ], [ -3.70507, 47.78735 ], [ -3.70506, 47.78781 ] ] ], [ [ [ -3.80295, 47.78398 ], [ -3.79915, 47.78331 ], [ -3.79983, 47.78521 ], [ -3.80295, 47.78398 ] ] ], [ [ [ -3.81118, 47.7925 ], [ -3.81049, 47.79241 ], [ -3.81114, 47.79261 ], [ -3.81118, 47.7925 ] ] ], [ [ [ -3.8551, 47.79332 ], [ -3.85556, 47.79378 ], [ -3.85544, 47.79333 ], [ -3.8551, 47.79332 ] ] ], [ [ [ -3.73221, 47.80288 ], [ -3.73196, 47.80315 ], [ -3.73228, 47.80313 ], [ -3.73221, 47.80288 ] ] ], [ [ [ -3.8987, 47.83271 ], [ -3.89855, 47.83316 ], [ -3.89909, 47.83303 ], [ -3.8987, 47.83271 ] ] ], [ [ [ -3.90251, 47.83391 ], [ -3.90239, 47.83369 ], [ -3.90173, 47.834 ], [ -3.90251, 47.83391 ] ] ], [ [ [ -3.90258, 47.84085 ], [ -3.90239, 47.84117 ], [ -3.90293, 47.8414 ], [ -3.90301, 47.84113 ], [ -3.90258, 47.84085 ] ] ], [ [ [ -3.91295, 47.87122 ], [ -3.91163, 47.87291 ], [ -3.91288, 47.87335 ], [ -3.91295, 47.87122 ] ] ], [ [ [ -3.94151, 48.66062 ], [ -3.94288, 48.66039 ], [ -3.94292, 48.66009 ], [ -3.94151, 48.66062 ] ] ], [ [ [ -3.88862, 48.67326 ], [ -3.88802, 48.67336 ], [ -3.88849, 48.67372 ], [ -3.88862, 48.67326 ] ] ], [ [ [ -3.8947, 48.67331 ], [ -3.89504, 48.67373 ], [ -3.89526, 48.6735 ], [ -3.8947, 48.67331 ] ] ], [ [ [ -3.86633, 48.67743 ], [ -3.86519, 48.67554 ], [ -3.8631, 48.67634 ], [ -3.86633, 48.67743 ] ] ], [ [ [ -3.8846, 48.67561 ], [ -3.88416, 48.67544 ], [ -3.8841, 48.67583 ], [ -3.8846, 48.67561 ] ] ], [ [ [ -3.92897, 48.67736 ], [ -3.92864, 48.67736 ], [ -3.92861, 48.67776 ], [ -3.92897, 48.67736 ] ] ], [ [ [ -3.92662, 48.67816 ], [ -3.92703, 48.67832 ], [ -3.92693, 48.67784 ], [ -3.92662, 48.67816 ] ] ], [ [ [ -3.9274, 48.68197 ], [ -3.92688, 48.68172 ], [ -3.92643, 48.68232 ], [ -3.9274, 48.68197 ] ] ], [ [ [ -3.89286, 48.69137 ], [ -3.89427, 48.69097 ], [ -3.89368, 48.6901 ], [ -3.89286, 48.69137 ] ] ], [ [ [ -3.92263, 48.6799 ], [ -3.91906, 48.68375 ], [ -3.92582, 48.69956 ], [ -3.92263, 48.6799 ] ] ], [ [ [ -3.92055, 48.69001 ], [ -3.9202, 48.6897 ], [ -3.92012, 48.69057 ], [ -3.92055, 48.69001 ] ] ], [ [ [ -3.90896, 48.70296 ], [ -3.90948, 48.70354 ], [ -3.9104, 48.70303 ], [ -3.90896, 48.70296 ] ] ], [ [ [ -3.82609, 48.71019 ], [ -3.82659, 48.71022 ], [ -3.82632, 48.71002 ], [ -3.82609, 48.71019 ] ] ], [ [ [ -4.07129, 48.70459 ], [ -4.05989, 48.70305 ], [ -4.06448, 48.7067 ], [ -4.07129, 48.70459 ] ] ], [ [ [ -3.8218, 48.71968 ], [ -3.82352, 48.71972 ], [ -3.82231, 48.71864 ], [ -3.8218, 48.71968 ] ] ], [ [ [ -4.07737, 48.70678 ], [ -4.07628, 48.70638 ], [ -4.07616, 48.7074 ], [ -4.07737, 48.70678 ] ] ], [ [ [ -3.96348, 48.71538 ], [ -3.96447, 48.71407 ], [ -3.96292, 48.7153 ], [ -3.96348, 48.71538 ] ] ], [ [ [ -4.00832, 48.72765 ], [ -4.00982, 48.72809 ], [ -4.01006, 48.72796 ], [ -4.00832, 48.72765 ] ] ], [ [ [ -3.98773, 48.73176 ], [ -3.98792, 48.73118 ], [ -3.98654, 48.73097 ], [ -3.98773, 48.73176 ] ] ], [ [ [ -3.97125, 48.73705 ], [ -3.97186, 48.73553 ], [ -3.97044, 48.73512 ], [ -3.97125, 48.73705 ] ] ], [ [ [ -4.03881, 48.7469 ], [ -4.02261, 48.73878 ], [ -4.01311, 48.74443 ], [ -3.98883, 48.73935 ], [ -4.00673, 48.75304 ], [ -4.03881, 48.7469 ] ] ] ] } },
{ "type": "Feature", "properties": { "dep_code": "30", "dep_name": "Gard" }, "geometry": { "type": "MultiPolygon", "coordinates": [ [ [ [ 4.13443, 43.50946 ], [ 4.13548, 43.50933 ], [ 4.13512, 43.50988 ], [ 4.13443, 43.50946 ] ] ], [ [ [ 4.12736, 43.51356 ], [ 4.1328, 43.51302 ], [ 4.13018, 43.51752 ], [ 4.12736, 43.51356 ] ] ], [ [ [ 3.32237, 44.0799 ], [ 3.35266, 44.04991 ], [ 3.39005, 44.05721 ], [ 3.40001, 44.04364 ], [ 3.45176, 44.02181 ], [ 3.44017, 43.99813 ], [ 3.41797, 43.99299 ], [ 3.40586, 43.96974 ], [ 3.37736, 43.96751 ], [ 3.35046, 43.93425 ], [ 3.36088, 43.91026 ], [ 3.3701, 43.91726 ], [ 3.39035, 43.90895 ], [ 3.41822, 43.9146 ], [ 3.43775, 43.90116 ], [ 3.43215, 43.89394 ], [ 3.44188, 43.88754 ], [ 3.42209, 43.87266 ], [ 3.43178, 43.86304 ], [ 3.50521, 43.89732 ], [ 3.52293, 43.88835 ], [ 3.51828, 43.86465 ], [ 3.52865, 43.85386 ], [ 3.55951, 43.85632 ], [ 3.57886, 43.84361 ], [ 3.60053, 43.84945 ], [ 3.57487, 43.8655 ], [ 3.62357, 43.91688 ], [ 3.63884, 43.91612 ], [ 3.63928, 43.89618 ], [ 3.64785, 43.90168 ], [ 3.64093, 43.91559 ], [ 3.67145, 43.90964 ], [ 3.67578, 43.93146 ], [ 3.68978, 43.93937 ], [ 3.68556, 43.95382 ], [ 3.73217, 43.97201 ], [ 3.78361, 43.96754 ], [ 3.79551, 43.94227 ], [ 3.82711, 43.93583 ], [ 3.82798, 43.92259 ], [ 3.79966, 43.89117 ], [ 3.80388, 43.87919 ], [ 3.83072, 43.86643 ], [ 3.85188, 43.86753 ], [ 3.85679, 43.87712 ], [ 3.89771, 43.87767 ], [ 3.91688, 43.88786 ], [ 3.92213, 43.85837 ], [ 3.98065, 43.84311 ], [ 3.95917, 43.80504 ], [ 3.97445, 43.8015 ], [ 4.00103, 43.81292 ], [ 4.0184, 43.80763 ], [ 4.05357, 43.78556 ], [ 4.05275, 43.77289 ], [ 4.06743, 43.76498 ], [ 4.08509, 43.7683 ], [ 4.11481, 43.73739 ], [ 4.14241, 43.73739 ], [ 4.19368, 43.64185 ], [ 4.14959, 43.59789 ], [ 4.15024, 43.58545 ], [ 4.07469, 43.58856 ], [ 4.10812, 43.5702 ], [ 4.10132, 43.55333 ], [ 4.13166, 43.53503 ], [ 4.13808, 43.53806 ], [ 4.1367, 43.54009 ], [ 4.13891, 43.54002 ], [ 4.13775, 43.52545 ], [ 4.12299, 43.52132 ], [ 4.13922, 43.52048 ], [ 4.13877, 43.51468 ], [ 4.13119, 43.51731 ], [ 4.13369, 43.51237 ], [ 4.13827, 43.51356 ], [ 4.13414, 43.51136 ], [ 4.12966, 43.5121 ], [ 4.12522, 43.51443 ], [ 4.12602, 43.51975 ], [ 4.12158, 43.52129 ], [ 4.11636, 43.51078 ], [ 4.11644, 43.51049 ], [ 4.12057, 43.51043 ], [ 4.12905, 43.51076 ], [ 4.12938, 43.51041 ], [ 4.13487, 43.51136 ], [ 4.13809, 43.51025 ], [ 4.13418, 43.50839 ], [ 4.11001, 43.50902 ], [ 4.12829, 43.48798 ], [ 4.2296, 43.46016 ], [ 4.23974, 43.4992 ], [ 4.32469, 43.52824 ], [ 4.30772, 43.54583 ], [ 4.3139, 43.55562 ], [ 4.32305, 43.55363 ], [ 4.31665, 43.54403 ], [ 4.33431, 43.53539 ], [ 4.38771, 43.56243 ], [ 4.40878, 43.56082 ], [ 4.41655, 43.57154 ], [ 4.40298, 43.57319 ], [ 4.4232, 43.58433 ], [ 4.46091, 43.58951 ], [ 4.47254, 43.61187 ], [ 4.4399, 43.61077 ], [ 4.42631, 43.625 ], [ 4.45146, 43.66458 ], [ 4.47765, 43.67284 ], [ 4.48556, 43.69863 ], [ 4.53861, 43.70763 ], [ 4.59545, 43.68691 ], [ 4.62732, 43.6854 ], [ 4.61271, 43.72702 ], [ 4.65157, 43.7825 ], [ 4.65526, 43.8073 ], [ 4.64233, 43.83106 ], [ 4.66676, 43.84661 ], [ 4.64126, 43.85111 ], [ 4.64208, 43.86753 ], [ 4.69287, 43.88453 ], [ 4.74792, 43.93131 ], [ 4.77893, 43.93788 ], [ 4.81402, 43.96416 ], [ 4.81276, 43.98779 ], [ 4.8409, 43.98593 ], [ 4.84557, 43.99664 ], [ 4.84194, 44.01201 ], [ 4.81962, 44.01725 ], [ 4.81475, 44.03371 ], [ 4.78782, 44.05307 ], [ 4.78721, 44.0659 ], [ 4.75966, 44.075 ], [ 4.76059, 44.08699 ], [ 4.72088, 44.08133 ], [ 4.70607, 44.1078 ], [ 4.72247, 44.18732 ], [ 4.7058, 44.19272 ], [ 4.70588, 44.21471 ], [ 4.67457, 44.21411 ], [ 4.6777, 44.2347 ], [ 4.63666, 44.28403 ], [ 4.61639, 44.27819 ], [ 4.60682, 44.29047 ], [ 4.56108, 44.30144 ], [ 4.54852, 44.32607 ], [ 4.51287, 44.32803 ], [ 4.50385, 44.34425 ], [ 4.4996, 44.33834 ], [ 4.45307, 44.33894 ], [ 4.45326, 44.29791 ], [ 4.43933, 44.28341 ], [ 4.4333, 44.29164 ], [ 4.3952, 44.29098 ], [ 4.40326, 44.33358 ], [ 4.39136, 44.34679 ], [ 4.32578, 44.33833 ], [ 4.31633, 44.32057 ], [ 4.28821, 44.3148 ], [ 4.289, 44.29214 ], [ 4.25855, 44.26434 ], [ 4.18649, 44.29981 ], [ 4.17745, 44.31778 ], [ 4.14292, 44.3132 ], [ 4.12992, 44.33686 ], [ 4.11616, 44.32692 ], [ 4.09663, 44.33485 ], [ 4.07371, 44.3298 ], [ 4.05168, 44.31698 ], [ 4.03569, 44.32968 ], [ 4.0543, 44.33765 ], [ 4.05734, 44.36368 ], [ 4.04022, 44.39164 ], [ 4.06446, 44.39405 ], [ 4.06843, 44.40505 ], [ 4.03544, 44.41992 ], [ 4.04633, 44.43183 ], [ 4.03717, 44.44608 ], [ 3.99837, 44.45966 ], [ 3.97553, 44.44314 ], [ 3.96115, 44.41397 ], [ 3.94845, 44.41232 ], [ 3.95203, 44.40161 ], [ 3.91754, 44.40531 ], [ 3.88572, 44.38809 ], [ 3.90773, 44.37524 ], [ 3.93463, 44.33591 ], [ 3.95203, 44.33223 ], [ 3.92286, 44.30522 ], [ 3.93998, 44.28579 ], [ 3.93372, 44.27572 ], [ 3.97551, 44.259 ], [ 3.9463, 44.24231 ], [ 3.95158, 44.21826 ], [ 3.93654, 44.19499 ], [ 3.95721, 44.1938 ], [ 3.97419, 44.16288 ], [ 3.92333, 44.18233 ], [ 3.92727, 44.16129 ], [ 3.9116, 44.16012 ], [ 3.90948, 44.14715 ], [ 3.88963, 44.14494 ], [ 3.87527, 44.12623 ], [ 3.83092, 44.13748 ], [ 3.797, 44.12739 ], [ 3.76485, 44.14098 ], [ 3.76039, 44.15116 ], [ 3.70625, 44.16469 ], [ 3.67002, 44.18654 ], [ 3.66069, 44.17389 ], [ 3.64964, 44.18085 ], [ 3.63704, 44.17626 ], [ 3.62616, 44.15329 ], [ 3.65324, 44.14597 ], [ 3.636, 44.14058 ], [ 3.63283, 44.12122 ], [ 3.60428, 44.11532 ], [ 3.56408, 44.12347 ], [ 3.54365, 44.10958 ], [ 3.53534, 44.12123 ], [ 3.43941, 44.12933 ], [ 3.43086, 44.14804 ], [ 3.39562, 44.16862 ], [ 3.37401, 44.17097 ], [ 3.33462, 44.15882 ], [ 3.33227, 44.14179 ], [ 3.3203, 44.1359 ], [ 3.32416, 44.1086 ], [ 3.2625, 44.0937 ], [ 3.29398, 44.06752 ], [ 3.32237, 44.0799 ] ] ] ] } },
{ "type": "Feature", "properties": { "dep_code": "31", "dep_name": "Haute-Garonne" }, "geometry": { "type": "Polygon", "coordinates": [ [ [ 1.0514, 43.6789 ], [ 1.07487, 43.66179 ], [ 1.1009, 43.66113 ], [ 1.08775, 43.64513 ], [ 1.09617, 43.64151 ], [ 1.14062, 43.64214 ], [ 1.15231, 43.61157 ], [ 1.16322, 43.60393 ], [ 1.18049, 43.6148 ], [ 1.20166, 43.5965 ], [ 1.20325, 43.57804 ], [ 1.19947, 43.56917 ], [ 1.16117, 43.57456 ], [ 1.15643, 43.55682 ], [ 1.11216, 43.55674 ], [ 1.11876, 43.54588 ], [ 1.09959, 43.53379 ], [ 1.08773, 43.54707 ], [ 1.05062, 43.54105 ], [ 1.07641, 43.52692 ], [ 1.05759, 43.52718 ], [ 1.05031, 43.5159 ], [ 1.07345, 43.50605 ], [ 1.0593, 43.50558 ], [ 1.05639, 43.49351 ], [ 1.04597, 43.49628 ], [ 1.05186, 43.48699 ], [ 1.03335, 43.48707 ], [ 1.01754, 43.47359 ], [ 1.04543, 43.45906 ], [ 1.01872, 43.43068 ], [ 1.03011, 43.41834 ], [ 0.99302, 43.40948 ], [ 1.00584, 43.37981 ], [ 0.99678, 43.36882 ], [ 0.97758, 43.36276 ], [ 0.9633, 43.38751 ], [ 0.94408, 43.38098 ], [ 0.91725, 43.40637 ], [ 0.82048, 43.41696 ], [ 0.80692, 43.39967 ], [ 0.74833, 43.42054 ], [ 0.75921, 43.40443 ], [ 0.74477, 43.39529 ], [ 0.74825, 43.38363 ], [ 0.73364, 43.37101 ], [ 0.71685, 43.3813 ], [ 0.65376, 43.31518 ], [ 0.61165, 43.31567 ], [ 0.60713, 43.31085 ], [ 0.63622, 43.29589 ], [ 0.55039, 43.23601 ], [ 0.57284, 43.2333 ], [ 0.57371, 43.22004 ], [ 0.55207, 43.20932 ], [ 0.51764, 43.21261 ], [ 0.50585, 43.19823 ], [ 0.52656, 43.19884 ], [ 0.52219, 43.19192 ], [ 0.44168, 43.13096 ], [ 0.4644, 43.11806 ], [ 0.45299, 43.11126 ], [ 0.48925, 43.11535 ], [ 0.50309, 43.10586 ], [ 0.50083, 43.09616 ], [ 0.53261, 43.0938 ], [ 0.53161, 43.08294 ], [ 0.56422, 43.07429 ], [ 0.55291, 43.06572 ], [ 0.56724, 43.03745 ], [ 0.56251, 43.03578 ], [ 0.54724, 43.04483 ], [ 0.53793, 43.04164 ], [ 0.52824, 43.00471 ], [ 0.54203, 43.00101 ], [ 0.56657, 43.02087 ], [ 0.59153, 43.02244 ], [ 0.59322, 43.03547 ], [ 0.60786, 43.03428 ], [ 0.62775, 42.99823 ], [ 0.61144, 42.98828 ], [ 0.61812, 42.97376 ], [ 0.64603, 42.96083 ], [ 0.59952, 42.92724 ], [ 0.57594, 42.87083 ], [ 0.56234, 42.86076 ], [ 0.47727, 42.87826 ], [ 0.46021, 42.85201 ], [ 0.4675, 42.84675 ], [ 0.45456, 42.77156 ], [ 0.46311, 42.74341 ], [ 0.44905, 42.73385 ], [ 0.48458, 42.71027 ], [ 0.47776, 42.69998 ], [ 0.49468, 42.69245 ], [ 0.51751, 42.69143 ], [ 0.52664, 42.70262 ], [ 0.58759, 42.69466 ], [ 0.59712, 42.70556 ], [ 0.61772, 42.69582 ], [ 0.67672, 42.69078 ], [ 0.6787, 42.72605 ], [ 0.66411, 42.74962 ], [ 0.63928, 42.75486 ], [ 0.66722, 42.77511 ], [ 0.64482, 42.78298 ], [ 0.66985, 42.80229 ], [ 0.65909, 42.83815 ], [ 0.67802, 42.85525 ], [ 0.70909, 42.86142 ], [ 0.77709, 42.83622 ], [ 0.80151, 42.8406 ], [ 0.85846, 42.82586 ], [ 0.84803, 42.86561 ], [ 0.83507, 42.87196 ], [ 0.84405, 42.88977 ], [ 0.82666, 42.916 ], [ 0.88442, 42.93193 ], [ 0.87492, 42.95778 ], [ 0.97496, 42.97272 ], [ 1.00339, 43.00502 ], [ 1.02224, 43.01002 ], [ 0.987, 43.0253 ], [ 0.9844, 43.04473 ], [ 0.99315, 43.03956 ], [ 0.99454, 43.04628 ], [ 0.97895, 43.07256 ], [ 0.99653, 43.07241 ], [ 1.00663, 43.08216 ], [ 0.99113, 43.09291 ], [ 1.00438, 43.1044 ], [ 1.00084, 43.1141 ], [ 1.03896, 43.10036 ], [ 1.05349, 43.14542 ], [ 1.08797, 43.13375 ], [ 1.12438, 43.15679 ], [ 1.14669, 43.13722 ], [ 1.16633, 43.13012 ], [ 1.17512, 43.14087 ], [ 1.20715, 43.12013 ], [ 1.22351, 43.08585 ], [ 1.26185, 43.09165 ], [ 1.26036, 43.10913 ], [ 1.30282, 43.1226 ], [ 1.27387, 43.1484 ], [ 1.21907, 43.1526 ], [ 1.21404, 43.16237 ], [ 1.22893, 43.1869 ], [ 1.25089, 43.18322 ], [ 1.27414, 43.19628 ], [ 1.32114, 43.19009 ], [ 1.32758, 43.2047 ], [ 1.34555, 43.21231 ], [ 1.36848, 43.20926 ], [ 1.3833, 43.22921 ], [ 1.37349, 43.24474 ], [ 1.31836, 43.25118 ], [ 1.33055, 43.2627 ], [ 1.29369, 43.26388 ], [ 1.30234, 43.27226 ], [ 1.29251, 43.28891 ], [ 1.30268, 43.28628 ], [ 1.30504, 43.29846 ], [ 1.31804, 43.29572 ], [ 1.33183, 43.3159 ], [ 1.37305, 43.31013 ], [ 1.36318, 43.3076 ], [ 1.37598, 43.28844 ], [ 1.42884, 43.25444 ], [ 1.41608, 43.22627 ], [ 1.46776, 43.20893 ], [ 1.48675, 43.22767 ], [ 1.50911, 43.222 ], [ 1.49251, 43.23683 ], [ 1.5045, 43.24934 ], [ 1.48945, 43.25855 ], [ 1.49646, 43.2932 ], [ 1.51777, 43.28941 ], [ 1.51857, 43.26926 ], [ 1.54705, 43.27791 ], [ 1.56493, 43.25338 ], [ 1.57128, 43.27616 ], [ 1.63732, 43.25547 ], [ 1.63515, 43.23711 ], [ 1.6543, 43.24314 ], [ 1.64995, 43.26103 ], [ 1.66382, 43.27345 ], [ 1.67362, 43.28147 ], [ 1.6972, 43.27576 ], [ 1.71598, 43.29533 ], [ 1.70374, 43.30266 ], [ 1.73584, 43.31413 ], [ 1.7226, 43.34155 ], [ 1.73334, 43.335 ], [ 1.75145, 43.34962 ], [ 1.77268, 43.33655 ], [ 1.78247, 43.34618 ], [ 1.81351, 43.34141 ], [ 1.80305, 43.39257 ], [ 1.82619, 43.39485 ], [ 1.8172, 43.411 ], [ 1.82775, 43.41856 ], [ 1.84222, 43.41481 ], [ 1.84274, 43.43272 ], [ 1.85624, 43.44355 ], [ 1.8966, 43.41774 ], [ 1.90484, 43.40768 ], [ 1.89568, 43.3969 ], [ 1.90466, 43.39344 ], [ 1.91908, 43.42136 ], [ 1.93426, 43.42523 ], [ 1.94946, 43.41937 ], [ 1.95796, 43.42558 ], [ 1.96592, 43.41518 ], [ 1.97216, 43.42096 ], [ 1.98802, 43.40744 ], [ 2.03971, 43.42387 ], [ 2.01358, 43.45038 ], [ 2.0202, 43.47362 ], [ 2.0483, 43.4855 ], [ 2.04242, 43.51207 ], [ 2.03759, 43.4993 ], [ 2.01555, 43.50954 ], [ 2.01611, 43.48763 ], [ 1.98988, 43.47756 ], [ 1.89258, 43.51159 ], [ 1.87114, 43.53444 ], [ 1.87998, 43.54025 ], [ 1.85053, 43.54941 ], [ 1.84011, 43.57771 ], [ 1.78915, 43.58348 ], [ 1.76578, 43.60307 ], [ 1.74925, 43.6012 ], [ 1.69215, 43.62327 ], [ 1.69894, 43.64849 ], [ 1.73106, 43.6577 ], [ 1.7208, 43.68833 ], [ 1.66435, 43.69369 ], [ 1.66081, 43.70568 ], [ 1.68181, 43.70068 ], [ 1.7066, 43.71649 ], [ 1.65008, 43.7516 ], [ 1.65596, 43.7679 ], [ 1.64076, 43.77904 ], [ 1.64479, 43.80024 ], [ 1.59023, 43.81454 ], [ 1.5932, 43.84313 ], [ 1.57241, 43.84885 ], [ 1.55513, 43.86851 ], [ 1.56436, 43.87159 ], [ 1.54662, 43.90242 ], [ 1.55497, 43.91874 ], [ 1.53301, 43.92152 ], [ 1.52429, 43.90402 ], [ 1.51517, 43.90623 ], [ 1.49186, 43.88718 ], [ 1.47696, 43.90827 ], [ 1.44898, 43.87038 ], [ 1.41814, 43.87108 ], [ 1.40522, 43.88473 ], [ 1.39316, 43.88055 ], [ 1.3652, 43.88978 ], [ 1.34835, 43.86944 ], [ 1.35953, 43.85117 ], [ 1.31945, 43.85809 ], [ 1.2939, 43.84566 ], [ 1.31368, 43.83209 ], [ 1.3548, 43.83629 ], [ 1.36003, 43.81732 ], [ 1.31096, 43.80049 ], [ 1.28172, 43.79591 ], [ 1.27849, 43.80295 ], [ 1.26681, 43.79822 ], [ 1.2812, 43.79058 ], [ 1.27435, 43.78532 ], [ 1.21295, 43.76758 ], [ 1.20556, 43.77477 ], [ 1.21672, 43.79193 ], [ 1.18033, 43.79496 ], [ 1.15025, 43.82231 ], [ 1.11017, 43.79618 ], [ 1.11101, 43.80528 ], [ 1.08283, 43.81601 ], [ 1.05728, 43.798 ], [ 1.0362, 43.80423 ], [ 0.99205, 43.79736 ], [ 0.98003, 43.7865 ], [ 0.9558, 43.78946 ], [ 0.95623, 43.77362 ], [ 0.99246, 43.74614 ], [ 0.98951, 43.73956 ], [ 1.02368, 43.72252 ], [ 1.02758, 43.71049 ], [ 1.03879, 43.71409 ], [ 1.06415, 43.70277 ], [ 1.0514, 43.6789 ] ] ] } },
{ "type": "Feature", "properties": { "dep_code": "32", "dep_name": "Gers" }, "geometry": { "type": "Polygon", "coordinates": [ [ [ -0.24297, 43.65458 ], [ -0.26426, 43.65149 ], [ -0.26365, 43.63596 ], [ -0.28231, 43.64127 ], [ -0.27765, 43.61596 ], [ -0.2472, 43.61584 ], [ -0.25446, 43.59708 ], [ -0.24208, 43.58334 ], [ -0.21081, 43.59317 ], [ -0.20474, 43.5836 ], [ -0.17656, 43.59684 ], [ -0.16091, 43.58055 ], [ -0.12154, 43.58687 ], [ -0.09857, 43.58188 ], [ -0.09744, 43.58956 ], [ -0.07701, 43.59003 ], [ -0.07393, 43.60649 ], [ -0.04465, 43.61332 ], [ -0.03949, 43.60565 ], [ -0.01501, 43.60553 ], [ -0.00263, 43.56571 ], [ 0.01578, 43.54339 ], [ 0.02932, 43.54511 ], [ 0.04282, 43.5349 ], [ 0.05274, 43.51727 ], [ 0.0808, 43.52435 ], [ 0.08967, 43.51039 ], [ 0.1166, 43.51498 ], [ 0.13471, 43.4665 ], [ 0.14962, 43.46555 ], [ 0.16616, 43.4446 ], [ 0.13216, 43.42402 ], [ 0.15311, 43.3994 ], [ 0.1738, 43.40277 ], [ 0.18177, 43.37124 ], [ 0.19954, 43.37556 ], [ 0.20631, 43.36799 ], [ 0.23239, 43.36789 ], [ 0.2983, 43.3885 ], [ 0.30818, 43.36743 ], [ 0.32719, 43.37296 ], [ 0.33193, 43.34324 ], [ 0.38875, 43.35618 ], [ 0.39926, 43.35019 ], [ 0.3963, 43.33339 ], [ 0.41066, 43.32958 ], [ 0.44311, 43.3279 ], [ 0.445, 43.34071 ], [ 0.49417, 43.32513 ], [ 0.5079, 43.33413 ], [ 0.55146, 43.3297 ], [ 0.60713, 43.31085 ], [ 0.64589, 43.31183 ], [ 0.66583, 43.32246 ], [ 0.71685, 43.3813 ], [ 0.73364, 43.37101 ], [ 0.75921, 43.40443 ], [ 0.74833, 43.42054 ], [ 0.80692, 43.39967 ], [ 0.82048, 43.41696 ], [ 0.91725, 43.40637 ], [ 0.94408, 43.38098 ], [ 0.9633, 43.38751 ], [ 0.97758, 43.36276 ], [ 0.99379, 43.36661 ], [ 1.00584, 43.37981 ], [ 0.99302, 43.40948 ], [ 1.03011, 43.41834 ], [ 1.01872, 43.43068 ], [ 1.04543, 43.45906 ], [ 1.01754, 43.47359 ], [ 1.03335, 43.48707 ], [ 1.05186, 43.48699 ], [ 1.04597, 43.49628 ], [ 1.05639, 43.49351 ], [ 1.0593, 43.50558 ], [ 1.07345, 43.50605 ], [ 1.05031, 43.5159 ], [ 1.05759, 43.52718 ], [ 1.07641, 43.52692 ], [ 1.05062, 43.54105 ], [ 1.08773, 43.54707 ], [ 1.09959, 43.53379 ], [ 1.11876, 43.54588 ], [ 1.11216, 43.55674 ], [ 1.15643, 43.55682 ], [ 1.16117, 43.57456 ], [ 1.19947, 43.56917 ], [ 1.20325, 43.57804 ], [ 1.20166, 43.5965 ], [ 1.18049, 43.6148 ], [ 1.16322, 43.60393 ], [ 1.15231, 43.61157 ], [ 1.14062, 43.64214 ], [ 1.09617, 43.64151 ], [ 1.08775, 43.64513 ], [ 1.1009, 43.66113 ], [ 1.07487, 43.66179 ], [ 1.04862, 43.67545 ], [ 1.06415, 43.70277 ], [ 1.03879, 43.71409 ], [ 1.02758, 43.71049 ], [ 1.02368, 43.72252 ], [ 0.98951, 43.73956 ], [ 0.94839, 43.79204 ], [ 0.89771, 43.78648 ], [ 0.92572, 43.83165 ], [ 0.89515, 43.83975 ], [ 0.89485, 43.85013 ], [ 0.91228, 43.84953 ], [ 0.88358, 43.87484 ], [ 0.8831, 43.88865 ], [ 0.9022, 43.90077 ], [ 0.8634, 43.92382 ], [ 0.84279, 43.9146 ], [ 0.80944, 43.93271 ], [ 0.77176, 43.92203 ], [ 0.76356, 43.92781 ], [ 0.75866, 43.94505 ], [ 0.78543, 43.95551 ], [ 0.79502, 43.97541 ], [ 0.82749, 43.99656 ], [ 0.81258, 44.02461 ], [ 0.82536, 44.03008 ], [ 0.84144, 44.02457 ], [ 0.86425, 44.03912 ], [ 0.81954, 44.05646 ], [ 0.76407, 44.02971 ], [ 0.75185, 44.06663 ], [ 0.7077, 44.0584 ], [ 0.66339, 44.02409 ], [ 0.65434, 44.04234 ], [ 0.59189, 44.08001 ], [ 0.55538, 44.05469 ], [ 0.51157, 44.06341 ], [ 0.50462, 44.05071 ], [ 0.48556, 44.0592 ], [ 0.48406, 44.05271 ], [ 0.45964, 44.05553 ], [ 0.44255, 44.02871 ], [ 0.39704, 44.02239 ], [ 0.38137, 44.00641 ], [ 0.35809, 44.017 ], [ 0.31557, 44.00996 ], [ 0.31801, 43.99484 ], [ 0.30286, 43.99097 ], [ 0.23293, 44.00908 ], [ 0.23534, 44.02126 ], [ 0.21418, 44.02305 ], [ 0.1643, 43.99503 ], [ 0.15675, 43.97257 ], [ 0.13856, 43.97467 ], [ 0.14188, 43.9945 ], [ 0.12729, 44.00229 ], [ 0.11717, 43.98792 ], [ 0.074, 43.98227 ], [ 0.06899, 43.96536 ], [ 0.0561, 43.96146 ], [ 0.0765, 43.91585 ], [ 0.05857, 43.89677 ], [ 0.03093, 43.90049 ], [ -0.02394, 43.92983 ], [ 0.00575, 43.94368 ], [ 0.00666, 43.95384 ], [ -0.03616, 43.98374 ], [ -0.04411, 43.96279 ], [ -0.05944, 43.961 ], [ -0.07022, 43.94497 ], [ -0.09348, 43.94844 ], [ -0.09538, 43.92921 ], [ -0.10742, 43.92856 ], [ -0.12588, 43.94454 ], [ -0.1356, 43.93597 ], [ -0.1527, 43.94001 ], [ -0.1614, 43.92733 ], [ -0.17969, 43.93889 ], [ -0.19939, 43.91507 ], [ -0.21796, 43.90702 ], [ -0.22444, 43.91423 ], [ -0.2403, 43.89795 ], [ -0.19045, 43.88072 ], [ -0.18519, 43.86327 ], [ -0.19606, 43.87192 ], [ -0.20874, 43.8576 ], [ -0.1881, 43.83246 ], [ -0.1984, 43.82924 ], [ -0.19174, 43.81036 ], [ -0.22715, 43.80861 ], [ -0.20643, 43.75925 ], [ -0.2185, 43.75042 ], [ -0.19755, 43.7477 ], [ -0.19396, 43.73676 ], [ -0.25049, 43.70796 ], [ -0.23865, 43.69307 ], [ -0.2581, 43.67373 ], [ -0.23957, 43.67114 ], [ -0.24297, 43.65458 ] ] ] } },
{ "type": "Feature", "properties": { "dep_code": "33", "dep_name": "Gironde" }, "geometry": { "type": "MultiPolygon", "coordinates": [ [ [ [ -1.25538, 44.5699 ], [ -1.24544, 44.56909 ], [ -1.25294, 44.57206 ], [ -1.23762, 44.5885 ], [ -1.23951, 44.58716 ], [ -1.25538, 44.5699 ] ] ], [ [ [ -1.24348, 44.57733 ], [ -1.24202, 44.57772 ], [ -1.2432, 44.57855 ], [ -1.24348, 44.57733 ] ] ], [ [ [ -1.22337, 44.59819 ], [ -1.22809, 44.59766 ], [ -1.23501, 44.59302 ], [ -1.22337, 44.59819 ] ] ], [ [ [ -1.24754, 44.59653 ], [ -1.24269, 44.59515 ], [ -1.24268, 44.59546 ], [ -1.24754, 44.59653 ] ] ], [ [ [ -1.02402, 44.65009 ], [ -1.02693, 44.6503 ], [ -1.02585, 44.64425 ], [ -1.02402, 44.65009 ] ] ], [ [ [ -1.0111, 44.65022 ], [ -1.02893, 44.66122 ], [ -1.0321, 44.65007 ], [ -1.02384, 44.65247 ], [ -1.0111, 44.65022 ] ] ], [ [ [ -1.18866, 44.70056 ], [ -1.18059, 44.69213 ], [ -1.16633, 44.6956 ], [ -1.176, 44.70455 ], [ -1.18866, 44.70056 ] ] ], [ [ [ -0.66777, 45.12667 ], [ -0.63594, 45.0743 ], [ -0.59014, 45.04251 ], [ -0.60736, 45.04117 ], [ -0.57212, 45.0111 ], [ -0.57408, 45.00205 ], [ -0.6156, 45.02005 ], [ -0.68637, 45.0839 ], [ -0.74159, 45.18951 ], [ -0.76771, 45.28966 ], [ -0.80387, 45.34838 ], [ -1.033, 45.50564 ], [ -1.06137, 45.57318 ], [ -1.09201, 45.56578 ], [ -1.15509, 45.46975 ], [ -1.16157, 45.29625 ], [ -1.26014, 44.63069 ], [ -1.24519, 44.62129 ], [ -1.2291, 44.70072 ], [ -1.17298, 44.74568 ], [ -1.17989, 44.75874 ], [ -1.16234, 44.78089 ], [ -1.15124, 44.76405 ], [ -1.09275, 44.73597 ], [ -1.03632, 44.69364 ], [ -1.06928, 44.69613 ], [ -1.04985, 44.68209 ], [ -1.0222, 44.678 ], [ -0.99766, 44.6484 ], [ -1.01819, 44.64939 ], [ -1.01706, 44.63999 ], [ -1.03593, 44.64894 ], [ -1.03927, 44.65376 ], [ -1.0758, 44.63951 ], [ -1.11217, 44.64683 ], [ -1.11936, 44.63949 ], [ -1.11793, 44.64733 ], [ -1.14019, 44.64828 ], [ -1.14382, 44.63799 ], [ -1.14868, 44.64773 ], [ -1.1437, 44.66044 ], [ -1.19354, 44.65991 ], [ -1.21094, 44.59966 ], [ -1.25617, 44.53415 ], [ -1.25358, 44.46751 ], [ -1.10742, 44.50249 ], [ -1.08507, 44.53237 ], [ -1.02649, 44.50715 ], [ -0.98755, 44.50808 ], [ -0.98062, 44.48279 ], [ -1.00735, 44.43662 ], [ -1.0292, 44.42276 ], [ -0.91907, 44.44349 ], [ -0.84299, 44.41837 ], [ -0.81, 44.42034 ], [ -0.78047, 44.42815 ], [ -0.781, 44.44051 ], [ -0.72926, 44.44822 ], [ -0.69039, 44.44104 ], [ -0.6762, 44.45732 ], [ -0.62772, 44.44289 ], [ -0.62596, 44.4072 ], [ -0.64235, 44.40013 ], [ -0.52812, 44.36454 ], [ -0.50961, 44.33616 ], [ -0.47897, 44.32496 ], [ -0.43184, 44.32257 ], [ -0.43114, 44.30074 ], [ -0.38327, 44.28639 ], [ -0.39657, 44.23661 ], [ -0.38961, 44.20948 ], [ -0.2718, 44.19389 ], [ -0.22335, 44.20593 ], [ -0.226, 44.26478 ], [ -0.19392, 44.27164 ], [ -0.14069, 44.22641 ], [ -0.12318, 44.24065 ], [ -0.10815, 44.23102 ], [ -0.08824, 44.23627 ], [ -0.03299, 44.27173 ], [ -0.04367, 44.29361 ], [ -0.03481, 44.29672 ], [ -0.08576, 44.33761 ], [ -0.07882, 44.3537 ], [ -0.02881, 44.3602 ], [ -0.01238, 44.37204 ], [ 0.01497, 44.36666 ], [ 0.02408, 44.37746 ], [ 0.00733, 44.38195 ], [ 0.01867, 44.38941 ], [ -0.01406, 44.41865 ], [ 0.00805, 44.44945 ], [ -0.0132, 44.46065 ], [ -0.0156, 44.50549 ], [ 0.01812, 44.52978 ], [ -0.00138, 44.55197 ], [ 0.02059, 44.54172 ], [ 0.03598, 44.55399 ], [ 0.06891, 44.54827 ], [ 0.08206, 44.58409 ], [ 0.15104, 44.60873 ], [ 0.13818, 44.63896 ], [ 0.16517, 44.63314 ], [ 0.18273, 44.66135 ], [ 0.16273, 44.67057 ], [ 0.13432, 44.66615 ], [ 0.1343, 44.68237 ], [ 0.10282, 44.68591 ], [ 0.10021, 44.70106 ], [ 0.11792, 44.713 ], [ 0.1332, 44.70449 ], [ 0.14035, 44.73731 ], [ 0.1506, 44.73013 ], [ 0.17506, 44.73373 ], [ 0.18451, 44.74914 ], [ 0.20119, 44.72235 ], [ 0.2195, 44.72455 ], [ 0.20989, 44.74054 ], [ 0.22642, 44.76452 ], [ 0.25163, 44.75031 ], [ 0.29485, 44.75754 ], [ 0.27098, 44.78562 ], [ 0.26385, 44.82646 ], [ 0.28682, 44.82301 ], [ 0.31512, 44.84542 ], [ 0.28073, 44.8664 ], [ 0.23914, 44.87257 ], [ 0.24254, 44.85813 ], [ 0.19134, 44.82043 ], [ 0.14733, 44.82938 ], [ 0.11103, 44.81902 ], [ 0.09779, 44.83322 ], [ 0.0724, 44.81862 ], [ 0.03921, 44.82784 ], [ 0.0221, 44.84972 ], [ -0.03421, 44.85216 ], [ -0.01047, 44.85809 ], [ 0.0343, 44.91462 ], [ 0.00323, 44.94732 ], [ 0.01394, 44.97913 ], [ 0.03066, 44.97621 ], [ 0.04377, 45.03506 ], [ 0.07329, 45.07012 ], [ 0.04409, 45.1157 ], [ -0.00792, 45.11916 ], [ -0.0473, 45.09776 ], [ -0.09786, 45.12105 ], [ -0.15232, 45.08874 ], [ -0.24628, 45.10832 ], [ -0.27595, 45.1418 ], [ -0.30759, 45.14971 ], [ -0.31342, 45.13739 ], [ -0.32034, 45.15606 ], [ -0.35073, 45.16998 ], [ -0.36359, 45.17033 ], [ -0.38348, 45.14355 ], [ -0.42093, 45.20856 ], [ -0.40515, 45.2397 ], [ -0.40732, 45.24765 ], [ -0.425, 45.24843 ], [ -0.41863, 45.27373 ], [ -0.47391, 45.29401 ], [ -0.514, 45.28596 ], [ -0.56616, 45.29547 ], [ -0.56884, 45.3313 ], [ -0.58689, 45.34454 ], [ -0.59627, 45.32043 ], [ -0.64454, 45.31498 ], [ -0.64403, 45.32202 ], [ -0.71884, 45.32753 ], [ -0.66777, 45.12667 ] ] ], [ [ [ -1.17362, 45.58631 ], [ -1.17337, 45.58612 ], [ -1.17309, 45.5863 ], [ -1.17362, 45.58631 ] ] ], [ [ [ -1.15669, 45.60453 ], [ -1.15113, 45.59782 ], [ -1.1471, 45.60169 ], [ -1.15669, 45.60453 ] ] ] ] } },
{ "type": "Feature", "properties": { "dep_code": "34", "dep_name": "Hérault" }, "geometry": { "type": "MultiPolygon", "coordinates": [ [ [ [ 3.50168, 43.26281 ], [ 3.50268, 43.26299 ], [ 3.50151, 43.26377 ], [ 3.50168, 43.26281 ] ] ], [ [ [ 3.50837, 43.27654 ], [ 3.50817, 43.27519 ], [ 3.51133, 43.27948 ], [ 3.50837, 43.27654 ] ] ], [ [ [ 3.49942, 43.2777 ], [ 3.49919, 43.27757 ], [ 3.49975, 43.27728 ], [ 3.49942, 43.2777 ] ] ], [ [ [ 3.50489, 43.27615 ], [ 3.50717, 43.2781 ], [ 3.50586, 43.28036 ], [ 3.50489, 43.27615 ] ] ], [ [ [ 3.52318, 43.2929 ], [ 3.5229, 43.29293 ], [ 3.52241, 43.29228 ], [ 3.52318, 43.2929 ] ] ], [ [ [ 3.70082, 43.39302 ], [ 3.70519, 43.39351 ], [ 3.70871, 43.39583 ], [ 3.73147, 43.3989 ], [ 3.708, 43.39606 ], [ 3.70082, 43.39302 ] ] ], [ [ [ 3.72594, 43.40079 ], [ 3.74823, 43.41991 ], [ 3.74609, 43.41935 ], [ 3.73409, 43.41513 ], [ 3.72594, 43.40079 ] ] ], [ [ [ 3.06739, 43.70937 ], [ 3.06084, 43.69286 ], [ 3.02728, 43.69264 ], [ 2.98495, 43.709 ], [ 2.93906, 43.69069 ], [ 2.93328, 43.6953 ], [ 2.91903, 43.68755 ], [ 2.9198, 43.66238 ], [ 2.90743, 43.6543 ], [ 2.87898, 43.6573 ], [ 2.87352, 43.64499 ], [ 2.81325, 43.64112 ], [ 2.7949, 43.62448 ], [ 2.75453, 43.61401 ], [ 2.72022, 43.64542 ], [ 2.68462, 43.6538 ], [ 2.65233, 43.64903 ], [ 2.64563, 43.66049 ], [ 2.62861, 43.61012 ], [ 2.61434, 43.59977 ], [ 2.63163, 43.58411 ], [ 2.61574, 43.56667 ], [ 2.67639, 43.51353 ], [ 2.65844, 43.517 ], [ 2.6653, 43.46205 ], [ 2.6426, 43.46911 ], [ 2.64622, 43.45903 ], [ 2.61776, 43.43816 ], [ 2.60459, 43.44058 ], [ 2.60661, 43.43138 ], [ 2.5657, 43.42267 ], [ 2.59341, 43.41259 ], [ 2.59281, 43.40373 ], [ 2.55953, 43.39317 ], [ 2.55721, 43.36605 ], [ 2.53956, 43.34591 ], [ 2.5516, 43.33426 ], [ 2.58575, 43.33348 ], [ 2.61706, 43.28428 ], [ 2.63192, 43.29841 ], [ 2.65944, 43.29271 ], [ 2.688, 43.32309 ], [ 2.70591, 43.29875 ], [ 2.70493, 43.27474 ], [ 2.72461, 43.27323 ], [ 2.75244, 43.25481 ], [ 2.77229, 43.25774 ], [ 2.79114, 43.29259 ], [ 2.81825, 43.3095 ], [ 2.80553, 43.3198 ], [ 2.86856, 43.32971 ], [ 2.87584, 43.34032 ], [ 2.85541, 43.3732 ], [ 2.8694, 43.38319 ], [ 2.86947, 43.37353 ], [ 2.89019, 43.36566 ], [ 2.89185, 43.32735 ], [ 2.91408, 43.3196 ], [ 2.92136, 43.32601 ], [ 2.94595, 43.31188 ], [ 3.00402, 43.3199 ], [ 3.01079, 43.27384 ], [ 3.02556, 43.2823 ], [ 3.0544, 43.27988 ], [ 3.07898, 43.26129 ], [ 3.11105, 43.25327 ], [ 3.11965, 43.26146 ], [ 3.14252, 43.25908 ], [ 3.14363, 43.24721 ], [ 3.15734, 43.24217 ], [ 3.19897, 43.25008 ], [ 3.24215, 43.21022 ], [ 3.28105, 43.23979 ], [ 3.40641, 43.28867 ], [ 3.43248, 43.28978 ], [ 3.44395, 43.27962 ], [ 3.50492, 43.26865 ], [ 3.50694, 43.27323 ], [ 3.50327, 43.2768 ], [ 3.49873, 43.27724 ], [ 3.49547, 43.27976 ], [ 3.51052, 43.28497 ], [ 3.51456, 43.28039 ], [ 3.50626, 43.26781 ], [ 3.53057, 43.291 ], [ 3.52431, 43.29274 ], [ 3.52208, 43.29045 ], [ 3.52188, 43.29298 ], [ 3.52336, 43.29376 ], [ 3.52304, 43.2957 ], [ 3.53001, 43.29132 ], [ 3.64531, 43.38518 ], [ 3.70182, 43.39437 ], [ 3.70006, 43.4026 ], [ 3.71469, 43.39886 ], [ 3.72786, 43.41767 ], [ 3.75293, 43.42779 ], [ 3.74797, 43.41849 ], [ 3.77755, 43.43028 ], [ 3.7758, 43.43356 ], [ 3.77132, 43.43345 ], [ 3.77303, 43.43489 ], [ 3.77784, 43.43416 ], [ 3.7775, 43.4294 ], [ 3.85823, 43.49078 ], [ 3.91273, 43.52008 ], [ 3.97735, 43.53982 ], [ 3.97046, 43.54388 ], [ 3.97496, 43.54671 ], [ 3.97705, 43.54051 ], [ 4.04819, 43.5573 ], [ 4.08152, 43.55193 ], [ 4.07937, 43.55352 ], [ 4.08098, 43.55628 ], [ 4.07773, 43.55794 ], [ 4.0818, 43.56029 ], [ 4.08114, 43.55317 ], [ 4.09911, 43.55285 ], [ 4.10812, 43.5702 ], [ 4.07469, 43.58856 ], [ 4.08519, 43.59197 ], [ 4.09862, 43.58511 ], [ 4.15024, 43.58545 ], [ 4.14959, 43.59789 ], [ 4.19378, 43.6421 ], [ 4.14241, 43.73739 ], [ 4.11481, 43.73739 ], [ 4.08509, 43.7683 ], [ 4.06743, 43.76498 ], [ 4.05275, 43.77289 ], [ 4.05357, 43.78556 ], [ 4.0184, 43.80763 ], [ 4.00103, 43.81292 ], [ 3.97445, 43.8015 ], [ 3.95917, 43.80504 ], [ 3.98065, 43.84311 ], [ 3.92213, 43.85837 ], [ 3.91688, 43.88786 ], [ 3.89771, 43.87767 ], [ 3.85679, 43.87712 ], [ 3.85188, 43.86753 ], [ 3.83072, 43.86643 ], [ 3.80388, 43.87919 ], [ 3.79966, 43.89117 ], [ 3.82798, 43.92259 ], [ 3.827, 43.93619 ], [ 3.79551, 43.94227 ], [ 3.78769, 43.96681 ], [ 3.75213, 43.97275 ], [ 3.68556, 43.95382 ], [ 3.68978, 43.93937 ], [ 3.67578, 43.93146 ], [ 3.67145, 43.90964 ], [ 3.64093, 43.91559 ], [ 3.64785, 43.90168 ], [ 3.63928, 43.89618 ], [ 3.63884, 43.91612 ], [ 3.62357, 43.91688 ], [ 3.57487, 43.8655 ], [ 3.60053, 43.84945 ], [ 3.57886, 43.84361 ], [ 3.55951, 43.85632 ], [ 3.5282, 43.85412 ], [ 3.51828, 43.86465 ], [ 3.52293, 43.88835 ], [ 3.50521, 43.89732 ], [ 3.43178, 43.86304 ], [ 3.42209, 43.87266 ], [ 3.44188, 43.88754 ], [ 3.43215, 43.89394 ], [ 3.43775, 43.90116 ], [ 3.41822, 43.9146 ], [ 3.39035, 43.90895 ], [ 3.3701, 43.91726 ], [ 3.34389, 43.90599 ], [ 3.343, 43.89431 ], [ 3.265, 43.89528 ], [ 3.23461, 43.86158 ], [ 3.25168, 43.84377 ], [ 3.24914, 43.82966 ], [ 3.21283, 43.81342 ], [ 3.14983, 43.81352 ], [ 3.08649, 43.83589 ], [ 3.06477, 43.83552 ], [ 3.06364, 43.80905 ], [ 3.04864, 43.8014 ], [ 3.07596, 43.76847 ], [ 3.05246, 43.74585 ], [ 3.05345, 43.71629 ], [ 3.06739, 43.70937 ] ] ] ] } },
{ "type": "Feature", "properties": { "dep_code": "35", "dep_name": "Ille-et-Vilaine" }, "geometry": { "type": "MultiPolygon", "coordinates": [ [ [ [ -2.12575, 48.59511 ], [ -2.09424, 48.57056 ], [ -2.04441, 48.56421 ], [ -2.05381, 48.55409 ], [ -2.04463, 48.54185 ], [ -1.9938, 48.57812 ], [ -2.02756, 48.59734 ], [ -2.01842, 48.605 ], [ -2.03571, 48.60014 ], [ -2.02967, 48.62393 ], [ -2.0544, 48.62602 ], [ -2.04778, 48.63915 ], [ -2.09513, 48.63371 ], [ -2.10365, 48.63915 ], [ -2.10327, 48.6329 ], [ -2.11273, 48.64543 ], [ -2.12378, 48.63543 ], [ -2.14241, 48.63168 ], [ -2.15049, 48.63507 ], [ -2.15, 48.6266 ], [ -2.12354, 48.60726 ], [ -2.12575, 48.59511 ] ] ], [ [ [ -2.15506, 48.62876 ], [ -2.15314, 48.63035 ], [ -2.15465, 48.63042 ], [ -2.15506, 48.62876 ] ] ], [ [ [ -2.13945, 48.63462 ], [ -2.14002, 48.63473 ], [ -2.14017, 48.63459 ], [ -2.13945, 48.63462 ] ] ], [ [ [ -2.14038, 48.63482 ], [ -2.14006, 48.63477 ], [ -2.14011, 48.63508 ], [ -2.14038, 48.63482 ] ] ], [ [ [ -2.15931, 48.63721 ], [ -2.15659, 48.64109 ], [ -2.1588, 48.63935 ], [ -2.15931, 48.63721 ] ] ], [ [ [ -2.11225, 48.64674 ], [ -2.1125, 48.64695 ], [ -2.11245, 48.64624 ], [ -2.11225, 48.64674 ] ] ], [ [ [ -2.11252, 48.64763 ], [ -2.11296, 48.64755 ], [ -2.11285, 48.64711 ], [ -2.11252, 48.64763 ] ] ], [ [ [ -2.03433, 48.65235 ], [ -2.03269, 48.65129 ], [ -2.03223, 48.65249 ], [ -2.03433, 48.65235 ] ] ], [ [ [ -2.03878, 48.65294 ], [ -2.039, 48.65278 ], [ -2.03876, 48.65231 ], [ -2.03878, 48.65294 ] ] ], [ [ [ -2.02375, 48.65549 ], [ -2.02364, 48.65444 ], [ -2.0227, 48.65443 ], [ -2.02375, 48.65549 ] ] ], [ [ [ -2.06977, 48.6527 ], [ -2.06944, 48.65254 ], [ -2.06899, 48.65264 ], [ -2.06977, 48.6527 ] ] ], [ [ [ -2.07032, 48.65389 ], [ -2.07037, 48.65433 ], [ -2.07078, 48.65451 ], [ -2.07083, 48.65444 ], [ -2.07032, 48.65389 ] ] ], [ [ [ -2.09049, 48.65391 ], [ -2.09065, 48.65389 ], [ -2.09049, 48.65345 ], [ -2.09049, 48.65391 ] ] ], [ [ [ -2.07594, 48.67494 ], [ -2.0765, 48.67538 ], [ -2.07623, 48.67485 ], [ -2.07594, 48.67494 ] ] ], [ [ [ -2.07056, 48.67558 ], [ -2.07061, 48.67573 ], [ -2.07089, 48.67572 ], [ -2.07056, 48.67558 ] ] ], [ [ [ -2.07244, 48.67516 ], [ -2.06885, 48.67901 ], [ -2.07365, 48.6778 ], [ -2.07244, 48.67516 ] ] ], [ [ [ -2.05829, 48.68019 ], [ -2.05844, 48.68044 ], [ -2.05856, 48.68038 ], [ -2.05829, 48.68019 ] ] ], [ [ [ -2.04381, 48.68372 ], [ -2.04391, 48.68403 ], [ -2.04425, 48.68401 ], [ -2.04381, 48.68372 ] ] ], [ [ [ -2.04701, 48.68759 ], [ -2.04683, 48.68802 ], [ -2.04701, 48.68804 ], [ -2.04701, 48.68759 ] ] ], [ [ [ -1.92984, 48.3467 ], [ -1.9669, 48.34295 ], [ -1.95391, 48.31571 ], [ -1.96834, 48.30331 ], [ -1.95635, 48.29653 ], [ -1.96386, 48.29045 ], [ -1.97506, 48.30175 ], [ -1.99359, 48.29896 ], [ -2.00212, 48.28068 ], [ -2.01426, 48.27966 ], [ -2.0532, 48.29833 ], [ -2.08013, 48.29331 ], [ -2.08079, 48.27712 ], [ -2.11042, 48.27524 ], [ -2.09575, 48.26636 ], [ -2.10654, 48.25185 ], [ -2.15266, 48.2621 ], [ -2.18412, 48.24971 ], [ -2.18389, 48.21034 ], [ -2.22775, 48.21117 ], [ -2.21816, 48.20433 ], [ -2.22326, 48.17293 ], [ -2.24905, 48.15623 ], [ -2.23612, 48.14454 ], [ -2.27048, 48.15159 ], [ -2.28733, 48.13671 ], [ -2.25359, 48.10655 ], [ -2.25604, 48.06308 ], [ -2.23451, 48.06327 ], [ -2.23723, 48.07513 ], [ -2.21957, 48.08091 ], [ -2.18093, 48.08317 ], [ -2.16848, 48.07621 ], [ -2.18862, 48.05262 ], [ -2.24188, 48.05294 ], [ -2.2636, 48.04007 ], [ -2.27975, 48.02618 ], [ -2.27459, 48.01066 ], [ -2.28756, 47.9916 ], [ -2.23675, 47.99979 ], [ -2.19152, 47.99105 ], [ -2.17867, 47.97993 ], [ -2.14394, 47.98394 ], [ -2.07843, 47.91922 ], [ -2.08598, 47.90354 ], [ -2.10581, 47.90229 ], [ -2.10066, 47.89572 ], [ -2.11572, 47.89015 ], [ -2.0957, 47.8617 ], [ -2.10963, 47.84896 ], [ -2.0912, 47.84339 ], [ -2.05494, 47.86873 ], [ -2.05159, 47.84061 ], [ -2.03534, 47.83284 ], [ -2.04942, 47.81704 ], [ -2.07037, 47.81181 ], [ -2.07396, 47.789 ], [ -2.12821, 47.76879 ], [ -2.12706, 47.76105 ], [ -2.08449, 47.76279 ], [ -2.08379, 47.74998 ], [ -2.06188, 47.7514 ], [ -2.05775, 47.74265 ], [ -2.1071, 47.7375 ], [ -2.13144, 47.72226 ], [ -2.11862, 47.70828 ], [ -2.12241, 47.68273 ], [ -2.10363, 47.67592 ], [ -2.11423, 47.64964 ], [ -2.09551, 47.64655 ], [ -2.10203, 47.63388 ], [ -2.09671, 47.63167 ], [ -2.08145, 47.65015 ], [ -2.05121, 47.64986 ], [ -2.0389, 47.6697 ], [ -2.01272, 47.66619 ], [ -1.97356, 47.69445 ], [ -1.9695, 47.67363 ], [ -1.95654, 47.6712 ], [ -1.93785, 47.68615 ], [ -1.87729, 47.69564 ], [ -1.85839, 47.70828 ], [ -1.82748, 47.71077 ], [ -1.77109, 47.69826 ], [ -1.75195, 47.70756 ], [ -1.72254, 47.69834 ], [ -1.70362, 47.70047 ], [ -1.70735, 47.71439 ], [ -1.65718, 47.70958 ], [ -1.63818, 47.72231 ], [ -1.62315, 47.76354 ], [ -1.59394, 47.76722 ], [ -1.58662, 47.77971 ], [ -1.52905, 47.78478 ], [ -1.50317, 47.8017 ], [ -1.4713, 47.80299 ], [ -1.47845, 47.83583 ], [ -1.40549, 47.82443 ], [ -1.39352, 47.8293 ], [ -1.36503, 47.79874 ], [ -1.24607, 47.77673 ], [ -1.24264, 47.80792 ], [ -1.21596, 47.83167 ], [ -1.22292, 47.85242 ], [ -1.18905, 47.86721 ], [ -1.19679, 47.88912 ], [ -1.17603, 47.89753 ], [ -1.15549, 47.96537 ], [ -1.12527, 47.97159 ], [ -1.12519, 47.98676 ], [ -1.04926, 47.98458 ], [ -1.01561, 48.0034 ], [ -1.03498, 48.03354 ], [ -1.02136, 48.0684 ], [ -1.04975, 48.09013 ], [ -1.06413, 48.16076 ], [ -1.07442, 48.15932 ], [ -1.08075, 48.17558 ], [ -1.07381, 48.20083 ], [ -1.08727, 48.20925 ], [ -1.08054, 48.21953 ], [ -1.10203, 48.26286 ], [ -1.09039, 48.28945 ], [ -1.04509, 48.32781 ], [ -1.06508, 48.36731 ], [ -1.05353, 48.38276 ], [ -1.08359, 48.43367 ], [ -1.06523, 48.45142 ], [ -1.06392, 48.46731 ], [ -1.07898, 48.48183 ], [ -1.07008, 48.50882 ], [ -1.11723, 48.52172 ], [ -1.15407, 48.51914 ], [ -1.1699, 48.53121 ], [ -1.19289, 48.52881 ], [ -1.20685, 48.54232 ], [ -1.21733, 48.5368 ], [ -1.25179, 48.54378 ], [ -1.27276, 48.53389 ], [ -1.27903, 48.50929 ], [ -1.32799, 48.49804 ], [ -1.35347, 48.468 ], [ -1.38037, 48.45583 ], [ -1.4219, 48.46034 ], [ -1.44976, 48.48755 ], [ -1.48992, 48.48932 ], [ -1.5157, 48.53758 ], [ -1.53296, 48.54616 ], [ -1.51897, 48.56667 ], [ -1.53163, 48.58093 ], [ -1.54311, 48.57993 ], [ -1.53726, 48.59893 ], [ -1.57086, 48.62624 ], [ -1.76823, 48.60231 ], [ -1.82243, 48.61016 ], [ -1.85389, 48.62178 ], [ -1.87212, 48.64651 ], [ -1.86262, 48.66779 ], [ -1.83574, 48.68047 ], [ -1.84917, 48.69477 ], [ -1.84368, 48.71263 ], [ -1.90459, 48.6899 ], [ -1.93225, 48.69375 ], [ -1.93691, 48.70274 ], [ -1.93806, 48.6944 ], [ -1.96004, 48.6894 ], [ -1.93689, 48.68414 ], [ -1.98946, 48.68414 ], [ -1.98966, 48.66373 ], [ -2.02917, 48.65108 ], [ -2.0319, 48.64209 ], [ -2.0191, 48.63995 ], [ -2.03141, 48.6347 ], [ -2.01345, 48.62738 ], [ -2.01515, 48.61412 ], [ -2.00105, 48.61526 ], [ -2.01246, 48.59829 ], [ -1.99725, 48.60361 ], [ -1.99782, 48.59014 ], [ -1.99254, 48.59417 ], [ -1.96143, 48.59249 ], [ -1.95462, 48.57592 ], [ -1.9872, 48.58458 ], [ -1.97759, 48.55608 ], [ -1.96054, 48.5504 ], [ -1.96985, 48.53567 ], [ -1.93182, 48.55088 ], [ -1.91104, 48.51698 ], [ -1.92358, 48.50122 ], [ -1.90905, 48.48162 ], [ -1.92878, 48.47644 ], [ -1.92784, 48.45313 ], [ -1.95174, 48.43978 ], [ -1.93631, 48.41984 ], [ -1.94311, 48.40094 ], [ -1.93005, 48.3948 ], [ -1.94747, 48.3698 ], [ -1.92984, 48.3467 ] ] ], [ [ [ -1.99435, 48.58733 ], [ -1.99474, 48.58728 ], [ -1.99458, 48.58673 ], [ -1.99435, 48.58733 ] ] ], [ [ [ -1.99023, 48.59103 ], [ -1.98816, 48.59028 ], [ -1.98824, 48.59156 ], [ -1.99023, 48.59103 ] ] ], [ [ [ -2.00858, 48.59492 ], [ -2.00791, 48.59436 ], [ -2.0061, 48.59495 ], [ -2.00858, 48.59492 ] ] ], [ [ [ -1.83177, 48.67846 ], [ -1.83239, 48.67801 ], [ -1.8317, 48.67781 ], [ -1.83177, 48.67846 ] ] ], [ [ [ -1.83143, 48.67932 ], [ -1.83133, 48.67862 ], [ -1.83001, 48.67956 ], [ -1.83143, 48.67932 ] ] ], [ [ [ -1.82765, 48.6808 ], [ -1.8266, 48.68073 ], [ -1.82626, 48.68349 ], [ -1.82765, 48.6808 ] ] ], [ [ [ -1.96987, 48.69019 ], [ -1.96914, 48.6899 ], [ -1.96914, 48.69 ], [ -1.96987, 48.69019 ] ] ], [ [ [ -1.97042, 48.69083 ], [ -1.97058, 48.69025 ], [ -1.96979, 48.69037 ], [ -1.97042, 48.69083 ] ] ], [ [ [ -1.97091, 48.69102 ], [ -1.97167, 48.69127 ], [ -1.97089, 48.69076 ], [ -1.97091, 48.69102 ] ] ], [ [ [ -1.97018, 48.692 ], [ -1.97028, 48.69212 ], [ -1.97059, 48.69166 ], [ -1.97018, 48.692 ] ] ], [ [ [ -1.95433, 48.69495 ], [ -1.95475, 48.69496 ], [ -1.95414, 48.6941 ], [ -1.95433, 48.69495 ] ] ], [ [ [ -1.89684, 48.69731 ], [ -1.89613, 48.69617 ], [ -1.89548, 48.69663 ], [ -1.89684, 48.69731 ] ] ], [ [ [ -1.98251, 48.69436 ], [ -1.98261, 48.69409 ], [ -1.98235, 48.69411 ], [ -1.98251, 48.69436 ] ] ], [ [ [ -1.95495, 48.69922 ], [ -1.9538, 48.69775 ], [ -1.95283, 48.69907 ], [ -1.95495, 48.69922 ] ] ], [ [ [ -1.83968, 48.708 ], [ -1.83543, 48.71282 ], [ -1.83527, 48.71444 ], [ -1.83644, 48.71252 ], [ -1.83968, 48.708 ] ] ], [ [ [ -1.83493, 48.71499 ], [ -1.83474, 48.71494 ], [ -1.83464, 48.71525 ], [ -1.83493, 48.71499 ] ] ], [ [ [ -1.83028, 48.72175 ], [ -1.83096, 48.72121 ], [ -1.83041, 48.72057 ], [ -1.83028, 48.72175 ] ] ] ] } },
{ "type": "Feature", "properties": { "dep_code": "36", "dep_name": "Indre" }, "geometry": { "type": "Polygon", "coordinates": [ [ [ 1.01169, 46.75781 ], [ 0.98311, 46.76422 ], [ 0.95368, 46.73671 ], [ 0.92653, 46.7573 ], [ 0.86741, 46.74819 ], [ 0.87707, 46.73802 ], [ 0.90178, 46.73637 ], [ 0.92807, 46.69469 ], [ 0.90246, 46.67942 ], [ 0.9179, 46.65048 ], [ 0.90643, 46.64859 ], [ 0.89419, 46.62584 ], [ 0.91597, 46.59665 ], [ 0.93768, 46.59443 ], [ 0.94124, 46.58097 ], [ 0.98192, 46.57355 ], [ 0.98735, 46.56552 ], [ 1.01751, 46.56571 ], [ 1.02232, 46.53608 ], [ 1.09107, 46.53778 ], [ 1.14633, 46.5058 ], [ 1.13336, 46.49765 ], [ 1.15761, 46.46951 ], [ 1.13518, 46.47096 ], [ 1.15184, 46.44865 ], [ 1.18646, 46.44105 ], [ 1.18659, 46.42824 ], [ 1.21322, 46.43313 ], [ 1.17749, 46.38393 ], [ 1.19139, 46.37655 ], [ 1.20995, 46.38986 ], [ 1.2189, 46.36561 ], [ 1.26061, 46.37896 ], [ 1.31236, 46.37294 ], [ 1.30681, 46.37965 ], [ 1.32327, 46.38827 ], [ 1.3132, 46.39493 ], [ 1.34469, 46.40158 ], [ 1.3967, 46.37193 ], [ 1.4169, 46.34705 ], [ 1.44028, 46.35643 ], [ 1.4457, 46.37473 ], [ 1.46646, 46.37563 ], [ 1.47809, 46.39417 ], [ 1.49787, 46.39448 ], [ 1.52465, 46.42694 ], [ 1.54427, 46.41906 ], [ 1.54624, 46.3932 ], [ 1.57876, 46.41053 ], [ 1.59556, 46.40856 ], [ 1.6093, 46.42309 ], [ 1.62262, 46.41865 ], [ 1.61498, 46.3988 ], [ 1.64051, 46.38466 ], [ 1.68373, 46.41818 ], [ 1.70273, 46.39687 ], [ 1.72724, 46.39058 ], [ 1.7505, 46.40559 ], [ 1.76007, 46.42697 ], [ 1.74797, 46.45039 ], [ 1.78491, 46.45537 ], [ 1.79806, 46.45524 ], [ 1.81953, 46.43003 ], [ 1.83965, 46.42585 ], [ 1.8546, 46.43394 ], [ 1.88356, 46.43273 ], [ 1.88798, 46.44172 ], [ 1.89784, 46.43608 ], [ 1.91445, 46.44332 ], [ 1.9239, 46.43185 ], [ 1.97859, 46.44161 ], [ 1.99464, 46.43066 ], [ 2.10338, 46.40958 ], [ 2.11536, 46.42219 ], [ 2.16814, 46.42398 ], [ 2.15395, 46.43414 ], [ 2.15154, 46.45784 ], [ 2.19292, 46.47017 ], [ 2.20433, 46.48422 ], [ 2.15854, 46.55733 ], [ 2.17466, 46.56449 ], [ 2.16709, 46.58921 ], [ 2.18615, 46.60395 ], [ 2.1795, 46.62765 ], [ 2.1894, 46.64221 ], [ 2.17576, 46.651 ], [ 2.16264, 46.64641 ], [ 2.13919, 46.6643 ], [ 2.13636, 46.67696 ], [ 2.14818, 46.67722 ], [ 2.15549, 46.69222 ], [ 2.11816, 46.71032 ], [ 2.08709, 46.71241 ], [ 2.0916, 46.72706 ], [ 2.06583, 46.74248 ], [ 2.06855, 46.75262 ], [ 2.09583, 46.75551 ], [ 2.11636, 46.78008 ], [ 2.04272, 46.84014 ], [ 2.07631, 46.83469 ], [ 2.09647, 46.85525 ], [ 2.08282, 46.86857 ], [ 2.12621, 46.87987 ], [ 2.15496, 46.91167 ], [ 2.14641, 46.91764 ], [ 2.11032, 46.91317 ], [ 2.07037, 46.9344 ], [ 2.07019, 46.95435 ], [ 2.08825, 46.96044 ], [ 2.09188, 46.98826 ], [ 2.10887, 46.99716 ], [ 2.05129, 47.04213 ], [ 2.02879, 47.04564 ], [ 2.05535, 47.07183 ], [ 2.05308, 47.10368 ], [ 2.02454, 47.10445 ], [ 2.02894, 47.0951 ], [ 2.0033, 47.09425 ], [ 2.01263, 47.11133 ], [ 1.99982, 47.11427 ], [ 1.99643, 47.12724 ], [ 1.96366, 47.12464 ], [ 1.92363, 47.10193 ], [ 1.90483, 47.10889 ], [ 1.88303, 47.10055 ], [ 1.77367, 47.13099 ], [ 1.82337, 47.17382 ], [ 1.84233, 47.1777 ], [ 1.83896, 47.21966 ], [ 1.79571, 47.23793 ], [ 1.77564, 47.23153 ], [ 1.71588, 47.27698 ], [ 1.70425, 47.26502 ], [ 1.6673, 47.25717 ], [ 1.64462, 47.26444 ], [ 1.65141, 47.27333 ], [ 1.59239, 47.27652 ], [ 1.59287, 47.25782 ], [ 1.52395, 47.25533 ], [ 1.53094, 47.21849 ], [ 1.50284, 47.23513 ], [ 1.45762, 47.23979 ], [ 1.37116, 47.19965 ], [ 1.33865, 47.19569 ], [ 1.32656, 47.18639 ], [ 1.34671, 47.16876 ], [ 1.36605, 47.12291 ], [ 1.34357, 47.10059 ], [ 1.31766, 47.10418 ], [ 1.31215, 47.07188 ], [ 1.29339, 47.07243 ], [ 1.26914, 47.04951 ], [ 1.27697, 47.03949 ], [ 1.25326, 47.02177 ], [ 1.23205, 47.01418 ], [ 1.17888, 47.04151 ], [ 1.08374, 47.02108 ], [ 1.04988, 46.9806 ], [ 1.06471, 46.9556 ], [ 1.03551, 46.93997 ], [ 1.01029, 46.81446 ], [ 0.98363, 46.80377 ], [ 1.00397, 46.79332 ], [ 1.01169, 46.75781 ] ] ] } },
{ "type": "Feature", "properties": { "dep_code": "37", "dep_name": "Indre-et-Loire" }, "geometry": { "type": "Polygon", "coordinates": [ [ [ 0.23447, 47.5784 ], [ 0.21516, 47.57318 ], [ 0.19335, 47.53912 ], [ 0.20582, 47.52684 ], [ 0.22607, 47.52658 ], [ 0.22001, 47.50189 ], [ 0.18112, 47.45332 ], [ 0.1808, 47.4162 ], [ 0.15346, 47.39876 ], [ 0.18296, 47.38042 ], [ 0.14038, 47.3619 ], [ 0.14745, 47.34599 ], [ 0.11747, 47.33231 ], [ 0.0785, 47.28374 ], [ 0.08955, 47.28215 ], [ 0.06789, 47.24751 ], [ 0.0792, 47.21676 ], [ 0.05274, 47.19667 ], [ 0.06652, 47.18966 ], [ 0.05416, 47.16103 ], [ 0.06561, 47.14307 ], [ 0.07837, 47.14642 ], [ 0.07963, 47.12017 ], [ 0.10456, 47.1208 ], [ 0.11123, 47.13036 ], [ 0.12706, 47.11983 ], [ 0.14069, 47.12466 ], [ 0.13518, 47.10711 ], [ 0.16186, 47.10008 ], [ 0.18237, 47.11511 ], [ 0.20117, 47.0913 ], [ 0.17417, 47.07127 ], [ 0.17967, 47.05912 ], [ 0.1923, 47.06544 ], [ 0.21393, 47.05411 ], [ 0.24422, 47.0715 ], [ 0.26784, 47.06772 ], [ 0.25984, 47.05554 ], [ 0.26817, 47.04243 ], [ 0.30534, 47.0527 ], [ 0.31029, 47.02574 ], [ 0.2986, 47.01966 ], [ 0.31297, 46.99807 ], [ 0.29135, 46.99037 ], [ 0.3056, 46.98643 ], [ 0.30131, 46.95585 ], [ 0.32497, 46.93055 ], [ 0.36651, 46.94987 ], [ 0.43864, 46.92949 ], [ 0.44489, 46.94127 ], [ 0.50523, 46.96002 ], [ 0.59943, 46.95616 ], [ 0.60125, 46.97307 ], [ 0.57457, 46.98273 ], [ 0.56758, 47.00651 ], [ 0.61994, 47.00719 ], [ 0.6333, 46.98691 ], [ 0.69289, 46.97413 ], [ 0.70438, 46.90352 ], [ 0.75301, 46.86008 ], [ 0.77132, 46.86403 ], [ 0.76744, 46.85147 ], [ 0.79595, 46.85012 ], [ 0.7866, 46.84128 ], [ 0.80902, 46.82799 ], [ 0.81508, 46.78842 ], [ 0.82818, 46.78678 ], [ 0.82807, 46.77706 ], [ 0.86741, 46.74819 ], [ 0.92653, 46.7573 ], [ 0.95368, 46.73671 ], [ 0.98311, 46.76422 ], [ 1.01169, 46.75781 ], [ 1.00397, 46.79332 ], [ 0.98363, 46.80377 ], [ 1.01029, 46.81446 ], [ 1.03551, 46.93997 ], [ 1.06471, 46.9556 ], [ 1.04988, 46.9806 ], [ 1.05562, 46.99603 ], [ 1.07363, 47.00302 ], [ 1.08374, 47.02108 ], [ 1.16895, 47.04084 ], [ 1.22314, 47.02438 ], [ 1.23205, 47.01418 ], [ 1.25326, 47.02177 ], [ 1.27697, 47.03949 ], [ 1.26914, 47.04951 ], [ 1.29339, 47.07243 ], [ 1.31215, 47.07188 ], [ 1.31766, 47.10418 ], [ 1.34357, 47.10059 ], [ 1.36605, 47.12291 ], [ 1.34321, 47.17404 ], [ 1.27652, 47.25724 ], [ 1.26571, 47.25591 ], [ 1.2426, 47.27464 ], [ 1.24205, 47.28762 ], [ 1.22368, 47.29405 ], [ 1.19418, 47.28297 ], [ 1.17413, 47.2886 ], [ 1.16197, 47.27221 ], [ 1.12725, 47.29781 ], [ 1.10786, 47.29863 ], [ 1.09896, 47.31174 ], [ 1.09482, 47.32871 ], [ 1.12305, 47.35372 ], [ 1.10435, 47.37015 ], [ 1.12349, 47.39199 ], [ 1.0849, 47.42969 ], [ 1.11365, 47.42802 ], [ 1.13347, 47.44898 ], [ 1.11282, 47.46611 ], [ 1.08711, 47.46182 ], [ 1.0946, 47.46942 ], [ 1.06569, 47.50527 ], [ 1.06997, 47.52302 ], [ 1.04483, 47.53181 ], [ 1.07714, 47.57234 ], [ 1.06347, 47.56642 ], [ 1.03014, 47.60864 ], [ 1.01218, 47.60377 ], [ 0.99703, 47.58412 ], [ 0.98397, 47.60536 ], [ 0.99179, 47.62023 ], [ 0.96511, 47.62974 ], [ 0.95407, 47.62486 ], [ 0.91912, 47.63271 ], [ 0.89217, 47.61152 ], [ 0.89902, 47.60371 ], [ 0.86091, 47.59929 ], [ 0.85022, 47.62461 ], [ 0.86331, 47.632 ], [ 0.84366, 47.64548 ], [ 0.86707, 47.69084 ], [ 0.82792, 47.67678 ], [ 0.73883, 47.69615 ], [ 0.70337, 47.68305 ], [ 0.67475, 47.69926 ], [ 0.64819, 47.68407 ], [ 0.65382, 47.69901 ], [ 0.63961, 47.70987 ], [ 0.58671, 47.66922 ], [ 0.55834, 47.67077 ], [ 0.55151, 47.65915 ], [ 0.51658, 47.65683 ], [ 0.49841, 47.64463 ], [ 0.46401, 47.64561 ], [ 0.45008, 47.61938 ], [ 0.42422, 47.61791 ], [ 0.38263, 47.64342 ], [ 0.36469, 47.62024 ], [ 0.38349, 47.61006 ], [ 0.40245, 47.57849 ], [ 0.37848, 47.56841 ], [ 0.33952, 47.57946 ], [ 0.3221, 47.59539 ], [ 0.27773, 47.59738 ], [ 0.25302, 47.61347 ], [ 0.23067, 47.61082 ], [ 0.23447, 47.5784 ] ] ] } },
{ "type": "Feature", "properties": { "dep_code": "38", "dep_name": "Isère" }, "geometry": { "type": "Polygon", "coordinates": [ [ [ 5.30196, 45.84807 ], [ 5.27173, 45.79306 ], [ 5.2278, 45.77017 ], [ 5.19151, 45.7718 ], [ 5.17711, 45.79341 ], [ 5.12474, 45.81179 ], [ 5.1134, 45.81044 ], [ 5.11038, 45.79795 ], [ 5.10149, 45.81356 ], [ 5.08918, 45.78451 ], [ 5.05909, 45.79205 ], [ 5.06751, 45.76526 ], [ 5.09583, 45.76922 ], [ 5.09425, 45.73935 ], [ 5.12726, 45.7375 ], [ 5.15997, 45.70846 ], [ 5.15398, 45.69982 ], [ 5.13108, 45.70778 ], [ 5.1048, 45.70055 ], [ 5.10783, 45.68799 ], [ 5.06042, 45.66642 ], [ 5.05817, 45.65346 ], [ 5.03805, 45.64491 ], [ 5.03704, 45.61299 ], [ 5.00456, 45.62322 ], [ 4.9888, 45.61851 ], [ 5.00155, 45.61416 ], [ 4.99808, 45.60344 ], [ 4.97094, 45.61319 ], [ 4.90127, 45.60632 ], [ 4.85963, 45.59101 ], [ 4.85779, 45.57646 ], [ 4.82908, 45.58826 ], [ 4.7769, 45.58754 ], [ 4.81064, 45.57188 ], [ 4.83528, 45.54523 ], [ 4.87268, 45.53145 ], [ 4.84254, 45.50109 ], [ 4.78113, 45.47141 ], [ 4.77966, 45.45508 ], [ 4.75564, 45.45435 ], [ 4.75964, 45.43291 ], [ 4.74209, 45.41443 ], [ 4.75837, 45.39027 ], [ 4.75551, 45.36611 ], [ 4.77416, 45.35268 ], [ 4.76207, 45.34255 ], [ 4.76433, 45.32103 ], [ 4.80037, 45.29836 ], [ 4.85894, 45.30856 ], [ 4.85866, 45.29839 ], [ 4.87966, 45.2968 ], [ 4.92917, 45.32403 ], [ 4.99523, 45.34397 ], [ 5.0093, 45.34231 ], [ 5.02278, 45.31767 ], [ 5.05432, 45.31905 ], [ 5.07541, 45.28183 ], [ 5.13771, 45.29775 ], [ 5.12193, 45.24568 ], [ 5.14137, 45.24299 ], [ 5.16042, 45.25513 ], [ 5.15688, 45.24723 ], [ 5.17671, 45.24863 ], [ 5.20172, 45.2174 ], [ 5.17935, 45.21742 ], [ 5.1644, 45.20062 ], [ 5.19005, 45.16966 ], [ 5.19185, 45.15442 ], [ 5.18125, 45.1481 ], [ 5.19105, 45.13997 ], [ 5.15487, 45.07995 ], [ 5.13628, 45.08034 ], [ 5.13435, 45.07473 ], [ 5.14853, 45.07693 ], [ 5.15679, 45.06581 ], [ 5.18228, 45.08463 ], [ 5.20852, 45.08408 ], [ 5.26908, 45.05462 ], [ 5.29274, 45.06376 ], [ 5.31885, 45.05136 ], [ 5.3411, 45.06189 ], [ 5.34569, 45.04825 ], [ 5.38575, 45.03481 ], [ 5.39727, 45.03833 ], [ 5.38105, 45.05123 ], [ 5.38682, 45.0585 ], [ 5.39152, 45.04632 ], [ 5.41372, 45.04485 ], [ 5.43577, 45.05451 ], [ 5.4616, 45.08664 ], [ 5.48331, 45.08379 ], [ 5.49422, 45.07174 ], [ 5.47487, 45.07034 ], [ 5.46485, 45.04594 ], [ 5.49359, 44.99614 ], [ 5.47768, 44.96676 ], [ 5.48365, 44.92229 ], [ 5.4638, 44.82597 ], [ 5.4851, 44.82286 ], [ 5.45855, 44.79991 ], [ 5.48156, 44.78602 ], [ 5.55473, 44.76747 ], [ 5.54976, 44.79453 ], [ 5.58182, 44.77795 ], [ 5.5884, 44.76233 ], [ 5.62631, 44.75329 ], [ 5.6471, 44.7241 ], [ 5.69879, 44.72207 ], [ 5.70425, 44.72935 ], [ 5.75607, 44.69593 ], [ 5.78398, 44.70023 ], [ 5.81117, 44.71275 ], [ 5.82974, 44.7425 ], [ 5.8271, 44.75969 ], [ 5.88189, 44.74672 ], [ 5.90006, 44.75842 ], [ 5.91964, 44.75141 ], [ 5.93754, 44.76374 ], [ 5.95112, 44.75962 ], [ 5.95317, 44.77131 ], [ 5.98034, 44.78125 ], [ 5.97716, 44.7913 ], [ 5.9517, 44.8009 ], [ 5.96062, 44.81231 ], [ 6.00548, 44.82051 ], [ 6.03022, 44.8381 ], [ 6.0565, 44.81581 ], [ 6.1329, 44.8645 ], [ 6.16845, 44.85224 ], [ 6.19638, 44.85898 ], [ 6.24998, 44.8519 ], [ 6.26941, 44.87048 ], [ 6.295, 44.8742 ], [ 6.32341, 44.85232 ], [ 6.35395, 44.85348 ], [ 6.35884, 44.94128 ], [ 6.32292, 44.95302 ], [ 6.32955, 44.96924 ], [ 6.31481, 44.98019 ], [ 6.32352, 44.99907 ], [ 6.3064, 45.00475 ], [ 6.25343, 44.99521 ], [ 6.20392, 45.01247 ], [ 6.21886, 45.0645 ], [ 6.24444, 45.07149 ], [ 6.22876, 45.1084 ], [ 6.25714, 45.12218 ], [ 6.26537, 45.1403 ], [ 6.25, 45.15092 ], [ 6.22288, 45.14076 ], [ 6.19023, 45.16425 ], [ 6.16132, 45.15101 ], [ 6.14379, 45.15455 ], [ 6.16192, 45.18841 ], [ 6.15947, 45.20245 ], [ 6.12723, 45.23147 ], [ 6.14104, 45.26164 ], [ 6.13071, 45.28486 ], [ 6.15394, 45.31135 ], [ 6.1868, 45.31985 ], [ 6.19476, 45.35224 ], [ 6.17083, 45.3574 ], [ 6.19195, 45.36943 ], [ 6.17757, 45.39337 ], [ 6.12298, 45.43902 ], [ 6.09475, 45.43162 ], [ 6.09284, 45.44423 ], [ 6.04965, 45.43789 ], [ 6.00849, 45.45357 ], [ 6.01014, 45.47301 ], [ 5.99049, 45.4757 ], [ 5.97408, 45.49192 ], [ 5.91547, 45.47655 ], [ 5.92572, 45.46378 ], [ 5.92099, 45.44358 ], [ 5.90397, 45.43245 ], [ 5.90351, 45.40741 ], [ 5.92825, 45.41642 ], [ 5.91004, 45.39045 ], [ 5.89141, 45.39066 ], [ 5.8878, 45.40285 ], [ 5.85394, 45.41746 ], [ 5.81521, 45.42303 ], [ 5.79756, 45.43852 ], [ 5.74017, 45.43658 ], [ 5.7362, 45.47258 ], [ 5.71909, 45.48375 ], [ 5.71305, 45.5074 ], [ 5.66986, 45.53791 ], [ 5.68092, 45.54155 ], [ 5.6745, 45.55956 ], [ 5.62367, 45.60273 ], [ 5.6027, 45.65205 ], [ 5.58641, 45.66711 ], [ 5.55196, 45.67332 ], [ 5.54729, 45.69869 ], [ 5.56682, 45.68412 ], [ 5.57368, 45.69473 ], [ 5.54685, 45.71313 ], [ 5.52728, 45.71529 ], [ 5.42347, 45.8068 ], [ 5.42104, 45.82129 ], [ 5.43561, 45.82871 ], [ 5.41342, 45.85229 ], [ 5.35258, 45.88325 ], [ 5.30196, 45.84807 ] ] ] } },
{ "type": "Feature", "properties": { "dep_code": "39", "dep_name": "Jura" }, "geometry": { "type": "MultiPolygon", "coordinates": [ [ [ [ 5.38828, 46.77198 ], [ 5.36097, 46.73128 ], [ 5.39364, 46.72863 ], [ 5.39406, 46.70825 ], [ 5.4084, 46.69858 ], [ 5.39535, 46.68503 ], [ 5.42119, 46.67346 ], [ 5.4272, 46.66022 ], [ 5.4131, 46.65414 ], [ 5.44144, 46.6372 ], [ 5.41866, 46.61615 ], [ 5.39614, 46.61118 ], [ 5.41428, 46.60053 ], [ 5.40568, 46.58163 ], [ 5.36218, 46.57744 ], [ 5.35836, 46.51971 ], [ 5.41955, 46.5023 ], [ 5.41999, 46.4805 ], [ 5.37331, 46.4601 ], [ 5.32335, 46.46251 ], [ 5.31063, 46.44694 ], [ 5.32456, 46.42848 ], [ 5.29918, 46.41261 ], [ 5.36264, 46.39437 ], [ 5.37786, 46.38218 ], [ 5.36244, 46.36986 ], [ 5.37718, 46.36402 ], [ 5.38007, 46.34584 ], [ 5.40198, 46.33904 ], [ 5.40483, 46.31014 ], [ 5.42353, 46.34773 ], [ 5.43715, 46.31513 ], [ 5.46692, 46.32327 ], [ 5.4753, 46.31538 ], [ 5.45654, 46.27479 ], [ 5.47366, 46.26428 ], [ 5.54173, 46.26979 ], [ 5.56535, 46.29384 ], [ 5.59644, 46.29633 ], [ 5.6117, 46.3255 ], [ 5.64337, 46.34485 ], [ 5.64398, 46.32499 ], [ 5.7146, 46.30902 ], [ 5.72518, 46.26069 ], [ 5.76799, 46.2682 ], [ 5.85247, 46.2614 ], [ 5.86353, 46.2713 ], [ 5.87567, 46.26759 ], [ 5.89462, 46.28664 ], [ 5.90913, 46.28384 ], [ 5.92177, 46.31244 ], [ 5.9414, 46.30876 ], [ 5.98407, 46.36388 ], [ 6.01462, 46.37632 ], [ 6.06386, 46.41639 ], [ 6.08641, 46.44388 ], [ 6.07279, 46.46544 ], [ 6.0969, 46.4813 ], [ 6.12077, 46.51697 ], [ 6.15347, 46.53679 ], [ 6.15666, 46.5453 ], [ 6.04848, 46.60785 ], [ 6.0649, 46.61331 ], [ 6.05927, 46.62606 ], [ 6.10599, 46.65054 ], [ 6.06979, 46.68966 ], [ 6.17743, 46.73996 ], [ 6.18369, 46.75511 ], [ 6.20719, 46.76522 ], [ 6.17623, 46.80179 ], [ 6.16228, 46.80283 ], [ 6.15159, 46.82113 ], [ 6.10551, 46.84557 ], [ 6.0867, 46.84322 ], [ 6.06489, 46.86036 ], [ 6.047, 46.84568 ], [ 6.0227, 46.85259 ], [ 6.03073, 46.87424 ], [ 6.01896, 46.86808 ], [ 6.0058, 46.87307 ], [ 6.00871, 46.89572 ], [ 5.98145, 46.908 ], [ 5.99714, 46.93353 ], [ 5.95639, 46.94865 ], [ 5.97951, 46.96353 ], [ 5.976, 46.97607 ], [ 5.94396, 46.97986 ], [ 5.94952, 46.99012 ], [ 5.91777, 46.97943 ], [ 5.92179, 47.01447 ], [ 5.89711, 46.99573 ], [ 5.87648, 47.00588 ], [ 5.84665, 47.00335 ], [ 5.83957, 47.01545 ], [ 5.81373, 47.01743 ], [ 5.81113, 47.04686 ], [ 5.79778, 47.04312 ], [ 5.78926, 47.02111 ], [ 5.76316, 47.01144 ], [ 5.7479, 47.01831 ], [ 5.74085, 47.03114 ], [ 5.75314, 47.03976 ], [ 5.73663, 47.05529 ], [ 5.7637, 47.04465 ], [ 5.78472, 47.05491 ], [ 5.77089, 47.09449 ], [ 5.78766, 47.09586 ], [ 5.82819, 47.1412 ], [ 5.81335, 47.14996 ], [ 5.81184, 47.16883 ], [ 5.7851, 47.17063 ], [ 5.78604, 47.18794 ], [ 5.76038, 47.19408 ], [ 5.75395, 47.20635 ], [ 5.73763, 47.20148 ], [ 5.69793, 47.26938 ], [ 5.67591, 47.27574 ], [ 5.64155, 47.25594 ], [ 5.62361, 47.25281 ], [ 5.60168, 47.26196 ], [ 5.57751, 47.25261 ], [ 5.5716, 47.26876 ], [ 5.55461, 47.26934 ], [ 5.55897, 47.27811 ], [ 5.53157, 47.2841 ], [ 5.5224, 47.30592 ], [ 5.50543, 47.28313 ], [ 5.48831, 47.28924 ], [ 5.478, 47.25618 ], [ 5.48632, 47.24338 ], [ 5.47392, 47.23098 ], [ 5.48054, 47.21828 ], [ 5.44506, 47.19966 ], [ 5.45923, 47.18284 ], [ 5.43852, 47.14153 ], [ 5.40851, 47.12685 ], [ 5.4109, 47.11481 ], [ 5.38573, 47.08198 ], [ 5.33539, 47.07813 ], [ 5.28404, 47.04816 ], [ 5.27542, 47.02693 ], [ 5.31826, 47.01273 ], [ 5.27416, 46.99847 ], [ 5.25327, 46.97868 ], [ 5.26509, 46.95841 ], [ 5.25205, 46.94431 ], [ 5.26201, 46.92739 ], [ 5.28934, 46.94149 ], [ 5.30827, 46.93848 ], [ 5.32857, 46.8876 ], [ 5.35133, 46.89346 ], [ 5.36202, 46.88276 ], [ 5.39949, 46.89267 ], [ 5.40355, 46.86726 ], [ 5.44453, 46.85175 ], [ 5.44971, 46.85645 ], [ 5.4345, 46.86143 ], [ 5.46122, 46.85412 ], [ 5.46276, 46.82738 ], [ 5.41665, 46.82678 ], [ 5.40784, 46.83331 ], [ 5.36911, 46.82596 ], [ 5.35147, 46.81368 ], [ 5.33924, 46.82609 ], [ 5.34214, 46.81959 ], [ 5.32712, 46.81526 ], [ 5.33289, 46.79562 ], [ 5.37106, 46.78621 ], [ 5.37172, 46.77657 ], [ 5.38828, 46.77198 ] ] ], [ [ [ 5.4487, 46.84797 ], [ 5.44184, 46.85206 ], [ 5.43999, 46.84908 ], [ 5.4487, 46.84797 ] ] ], [ [ [ 5.45594, 46.851 ], [ 5.45803, 46.85397 ], [ 5.45225, 46.85364 ], [ 5.45594, 46.851 ] ] ] ] } },
{ "type": "Feature", "properties": { "dep_code": "40", "dep_name": "Landes" }, "geometry": { "type": "Polygon", "coordinates": [ [ [ -1.43867, 43.70759 ], [ -1.4453, 43.64675 ], [ -1.52092, 43.52883 ], [ -1.49405, 43.52849 ], [ -1.47697, 43.5395 ], [ -1.46097, 43.53313 ], [ -1.46578, 43.51632 ], [ -1.43116, 43.5145 ], [ -1.41777, 43.49701 ], [ -1.36769, 43.4951 ], [ -1.32511, 43.50514 ], [ -1.2911, 43.49815 ], [ -1.18435, 43.54724 ], [ -1.13069, 43.51901 ], [ -1.13309, 43.50973 ], [ -1.17181, 43.50525 ], [ -1.16887, 43.49224 ], [ -1.15235, 43.49671 ], [ -1.14513, 43.48741 ], [ -1.10944, 43.51412 ], [ -1.08746, 43.51092 ], [ -1.08135, 43.5231 ], [ -1.06892, 43.50828 ], [ -1.04657, 43.51431 ], [ -1.02375, 43.50167 ], [ -0.99256, 43.50439 ], [ -0.9892, 43.53128 ], [ -1.00118, 43.5383 ], [ -0.94851, 43.53211 ], [ -0.93963, 43.53862 ], [ -0.92623, 43.53195 ], [ -0.92023, 43.54478 ], [ -0.89437, 43.55077 ], [ -0.84717, 43.54192 ], [ -0.84256, 43.55382 ], [ -0.81948, 43.56141 ], [ -0.80335, 43.55618 ], [ -0.76828, 43.57949 ], [ -0.72091, 43.54123 ], [ -0.70821, 43.5413 ], [ -0.7077, 43.56007 ], [ -0.68758, 43.55724 ], [ -0.64104, 43.5748 ], [ -0.65824, 43.55591 ], [ -0.6334, 43.55428 ], [ -0.61424, 43.53759 ], [ -0.59979, 43.53812 ], [ -0.5668, 43.55827 ], [ -0.55719, 43.54283 ], [ -0.54601, 43.54552 ], [ -0.44899, 43.5962 ], [ -0.43147, 43.57847 ], [ -0.45903, 43.5622 ], [ -0.45602, 43.56927 ], [ -0.46351, 43.56671 ], [ -0.45197, 43.55024 ], [ -0.39445, 43.56927 ], [ -0.3361, 43.55065 ], [ -0.30424, 43.55976 ], [ -0.30108, 43.57123 ], [ -0.29053, 43.56815 ], [ -0.2831, 43.58619 ], [ -0.24252, 43.58483 ], [ -0.25446, 43.59708 ], [ -0.2472, 43.61584 ], [ -0.27765, 43.61596 ], [ -0.28212, 43.64294 ], [ -0.26365, 43.63596 ], [ -0.26292, 43.65307 ], [ -0.2424, 43.65513 ], [ -0.23957, 43.67114 ], [ -0.2581, 43.67373 ], [ -0.23865, 43.69307 ], [ -0.25049, 43.70796 ], [ -0.19396, 43.73676 ], [ -0.19755, 43.7477 ], [ -0.2185, 43.75042 ], [ -0.20643, 43.75925 ], [ -0.22715, 43.80861 ], [ -0.19174, 43.81036 ], [ -0.1984, 43.82924 ], [ -0.1881, 43.83246 ], [ -0.20874, 43.8576 ], [ -0.19606, 43.87192 ], [ -0.18568, 43.86692 ], [ -0.19045, 43.88072 ], [ -0.2403, 43.89795 ], [ -0.22444, 43.91423 ], [ -0.21796, 43.90702 ], [ -0.19939, 43.91507 ], [ -0.17969, 43.93889 ], [ -0.1614, 43.92733 ], [ -0.1527, 43.94001 ], [ -0.1356, 43.93597 ], [ -0.12588, 43.94454 ], [ -0.10742, 43.92856 ], [ -0.09538, 43.92921 ], [ -0.09348, 43.94844 ], [ -0.07022, 43.94497 ], [ -0.05944, 43.961 ], [ -0.04411, 43.96279 ], [ -0.03616, 43.98374 ], [ 0.00666, 43.95384 ], [ 0.00575, 43.94368 ], [ -0.02394, 43.92983 ], [ 0.03093, 43.90049 ], [ 0.05857, 43.89677 ], [ 0.0765, 43.91585 ], [ 0.05513, 43.95427 ], [ 0.07579, 43.97915 ], [ 0.06022, 44.02474 ], [ 0.07588, 44.03 ], [ 0.08302, 44.06373 ], [ 0.10538, 44.07836 ], [ 0.10141, 44.08751 ], [ 0.13648, 44.10861 ], [ 0.13605, 44.12416 ], [ 0.03459, 44.13065 ], [ -0.004, 44.14995 ], [ -0.12888, 44.1524 ], [ -0.12948, 44.20414 ], [ -0.14069, 44.22641 ], [ -0.19342, 44.27158 ], [ -0.226, 44.26478 ], [ -0.22335, 44.20593 ], [ -0.2718, 44.19389 ], [ -0.38961, 44.20948 ], [ -0.39657, 44.23661 ], [ -0.38327, 44.28639 ], [ -0.43114, 44.30074 ], [ -0.43184, 44.32257 ], [ -0.47897, 44.32496 ], [ -0.50961, 44.33616 ], [ -0.52812, 44.36454 ], [ -0.64235, 44.40013 ], [ -0.62547, 44.41243 ], [ -0.62772, 44.44289 ], [ -0.64059, 44.44941 ], [ -0.6762, 44.45732 ], [ -0.69272, 44.4406 ], [ -0.72926, 44.44822 ], [ -0.781, 44.44051 ], [ -0.78047, 44.42815 ], [ -0.81, 44.42034 ], [ -0.84299, 44.41837 ], [ -0.91907, 44.44349 ], [ -1.0292, 44.42276 ], [ -1.00735, 44.43662 ], [ -0.98062, 44.48279 ], [ -0.98755, 44.50808 ], [ -1.02649, 44.50715 ], [ -1.08507, 44.53237 ], [ -1.10742, 44.50249 ], [ -1.25358, 44.46751 ], [ -1.306, 44.1729 ], [ -1.43867, 43.70759 ] ] ] } },
{ "type": "Feature", "properties": { "dep_code": "41", "dep_name": "Loir-et-Cher" }, "geometry": { "type": "Polygon", "coordinates": [ [ [ 0.83676, 48.0088 ], [ 0.81873, 47.98641 ], [ 0.84888, 47.94143 ], [ 0.81358, 47.9319 ], [ 0.81179, 47.8885 ], [ 0.78996, 47.91211 ], [ 0.75965, 47.8996 ], [ 0.75917, 47.85923 ], [ 0.77412, 47.85127 ], [ 0.76846, 47.83126 ], [ 0.74572, 47.82763 ], [ 0.71974, 47.79269 ], [ 0.691, 47.78306 ], [ 0.70198, 47.7666 ], [ 0.67706, 47.7696 ], [ 0.62586, 47.7515 ], [ 0.60885, 47.72525 ], [ 0.58049, 47.71246 ], [ 0.60422, 47.68542 ], [ 0.63961, 47.70987 ], [ 0.65382, 47.69901 ], [ 0.64819, 47.68407 ], [ 0.67475, 47.69926 ], [ 0.70337, 47.68305 ], [ 0.73883, 47.69615 ], [ 0.82792, 47.67678 ], [ 0.86707, 47.69084 ], [ 0.84366, 47.64548 ], [ 0.86331, 47.632 ], [ 0.85022, 47.62461 ], [ 0.86238, 47.59887 ], [ 0.89902, 47.60371 ], [ 0.89217, 47.61152 ], [ 0.91929, 47.63274 ], [ 0.99179, 47.62023 ], [ 0.98397, 47.60536 ], [ 0.99703, 47.58412 ], [ 1.01218, 47.60377 ], [ 1.03285, 47.6081 ], [ 1.06347, 47.56642 ], [ 1.07714, 47.57234 ], [ 1.04483, 47.53181 ], [ 1.06997, 47.52302 ], [ 1.06569, 47.50527 ], [ 1.0946, 47.46942 ], [ 1.08542, 47.46406 ], [ 1.11282, 47.46611 ], [ 1.13347, 47.44898 ], [ 1.11365, 47.42802 ], [ 1.0849, 47.42969 ], [ 1.12349, 47.39199 ], [ 1.10435, 47.37015 ], [ 1.12305, 47.35372 ], [ 1.09482, 47.32871 ], [ 1.11214, 47.29607 ], [ 1.12725, 47.29781 ], [ 1.16197, 47.27221 ], [ 1.17413, 47.2886 ], [ 1.19418, 47.28297 ], [ 1.22368, 47.29405 ], [ 1.24112, 47.28817 ], [ 1.24327, 47.27392 ], [ 1.29459, 47.23735 ], [ 1.32656, 47.18639 ], [ 1.45762, 47.23979 ], [ 1.50284, 47.23513 ], [ 1.53094, 47.21849 ], [ 1.52395, 47.25533 ], [ 1.59287, 47.25782 ], [ 1.59239, 47.27652 ], [ 1.61206, 47.27746 ], [ 1.65187, 47.27318 ], [ 1.64462, 47.26444 ], [ 1.6673, 47.25717 ], [ 1.70425, 47.26502 ], [ 1.71588, 47.27698 ], [ 1.77564, 47.23153 ], [ 1.79571, 47.23793 ], [ 1.82711, 47.22241 ], [ 1.85218, 47.22225 ], [ 1.87223, 47.20548 ], [ 1.90334, 47.21492 ], [ 1.91641, 47.2357 ], [ 1.89355, 47.25287 ], [ 1.92439, 47.26476 ], [ 1.94296, 47.29125 ], [ 1.99824, 47.26401 ], [ 2.02459, 47.26484 ], [ 2.07795, 47.28586 ], [ 2.12911, 47.27952 ], [ 2.15761, 47.29833 ], [ 2.14927, 47.31894 ], [ 2.11945, 47.3329 ], [ 2.12747, 47.34429 ], [ 2.11381, 47.37008 ], [ 2.09686, 47.36679 ], [ 2.11497, 47.42182 ], [ 2.13738, 47.40574 ], [ 2.1889, 47.43779 ], [ 2.20506, 47.40531 ], [ 2.23036, 47.40765 ], [ 2.2437, 47.41482 ], [ 2.24789, 47.4414 ], [ 2.23502, 47.4517 ], [ 2.24774, 47.49173 ], [ 2.22789, 47.49692 ], [ 2.1962, 47.4878 ], [ 2.2155, 47.52208 ], [ 2.19654, 47.5482 ], [ 2.13088, 47.55071 ], [ 2.12346, 47.5586 ], [ 2.11956, 47.58324 ], [ 2.15129, 47.60062 ], [ 2.24056, 47.62283 ], [ 2.24117, 47.64121 ], [ 2.21988, 47.66797 ], [ 2.20528, 47.66124 ], [ 2.20395, 47.67846 ], [ 2.14898, 47.67038 ], [ 2.12698, 47.67845 ], [ 2.11062, 47.66954 ], [ 2.07455, 47.68215 ], [ 2.06643, 47.67422 ], [ 2.00878, 47.67866 ], [ 1.99616, 47.66386 ], [ 1.96375, 47.65778 ], [ 1.94002, 47.65902 ], [ 1.93665, 47.67965 ], [ 1.9029, 47.67156 ], [ 1.89044, 47.67907 ], [ 1.86604, 47.67457 ], [ 1.85856, 47.69239 ], [ 1.84347, 47.68628 ], [ 1.84516, 47.65708 ], [ 1.81012, 47.65343 ], [ 1.80325, 47.63923 ], [ 1.78923, 47.63702 ], [ 1.78169, 47.65234 ], [ 1.73965, 47.66181 ], [ 1.71359, 47.73341 ], [ 1.67535, 47.73873 ], [ 1.62653, 47.76104 ], [ 1.61351, 47.73648 ], [ 1.58264, 47.72674 ], [ 1.60055, 47.7413 ], [ 1.54772, 47.76956 ], [ 1.57078, 47.79677 ], [ 1.52577, 47.82009 ], [ 1.53538, 47.84056 ], [ 1.54843, 47.84124 ], [ 1.59061, 47.87882 ], [ 1.58168, 47.90208 ], [ 1.52237, 47.93211 ], [ 1.52655, 47.94543 ], [ 1.55498, 47.95324 ], [ 1.54758, 47.96549 ], [ 1.56675, 47.97443 ], [ 1.56474, 47.98973 ], [ 1.52784, 47.98143 ], [ 1.49897, 47.98509 ], [ 1.43925, 48.01199 ], [ 1.43743, 47.97692 ], [ 1.40855, 47.96988 ], [ 1.38694, 47.98128 ], [ 1.36967, 47.95382 ], [ 1.34591, 47.96522 ], [ 1.34381, 47.95742 ], [ 1.30863, 47.95385 ], [ 1.29962, 47.96822 ], [ 1.26526, 47.96194 ], [ 1.24664, 47.97987 ], [ 1.19647, 47.96774 ], [ 1.20268, 47.97729 ], [ 1.18711, 48.00251 ], [ 1.15911, 48.01774 ], [ 1.16605, 48.02841 ], [ 1.12282, 48.03578 ], [ 1.10636, 48.06028 ], [ 1.11224, 48.08073 ], [ 1.06947, 48.07566 ], [ 1.06267, 48.08682 ], [ 0.99534, 48.08775 ], [ 0.99097, 48.09705 ], [ 1.00384, 48.10565 ], [ 1.04604, 48.11774 ], [ 1.04051, 48.132 ], [ 1.00246, 48.13009 ], [ 0.94857, 48.09786 ], [ 0.94405, 48.11254 ], [ 0.91021, 48.1032 ], [ 0.87652, 48.10966 ], [ 0.81427, 48.09875 ], [ 0.8288, 48.08999 ], [ 0.84822, 48.09464 ], [ 0.84361, 48.07301 ], [ 0.79393, 48.06969 ], [ 0.79343, 48.04861 ], [ 0.80811, 48.03165 ], [ 0.83856, 48.03383 ], [ 0.83676, 48.0088 ] ] ] } },
{ "type": "Feature", "properties": { "dep_code": "42", "dep_name": "Loire" }, "geometry": { "type": "Polygon", "coordinates": [ [ [ 3.83172, 45.99944 ], [ 3.82347, 45.98713 ], [ 3.79878, 45.9842 ], [ 3.78766, 45.97311 ], [ 3.75618, 45.98312 ], [ 3.74724, 45.96697 ], [ 3.7013, 45.96989 ], [ 3.69402, 45.93073 ], [ 3.72453, 45.92126 ], [ 3.75437, 45.88613 ], [ 3.7351, 45.87066 ], [ 3.71546, 45.87053 ], [ 3.72852, 45.86268 ], [ 3.71876, 45.84832 ], [ 3.72837, 45.8313 ], [ 3.71162, 45.79955 ], [ 3.68842, 45.79145 ], [ 3.73182, 45.77451 ], [ 3.73882, 45.76641 ], [ 3.7271, 45.75554 ], [ 3.74594, 45.7411 ], [ 3.75778, 45.74694 ], [ 3.78092, 45.72467 ], [ 3.77674, 45.69135 ], [ 3.82343, 45.63257 ], [ 3.85823, 45.6251 ], [ 3.86091, 45.61552 ], [ 3.93509, 45.57858 ], [ 3.95448, 45.55583 ], [ 3.94596, 45.54441 ], [ 3.96193, 45.50599 ], [ 3.98466, 45.49539 ], [ 3.98359, 45.48236 ], [ 3.96638, 45.47203 ], [ 3.97511, 45.44827 ], [ 3.95993, 45.44355 ], [ 3.96114, 45.43453 ], [ 3.91409, 45.42258 ], [ 3.88939, 45.395 ], [ 3.9046, 45.33381 ], [ 3.92241, 45.34663 ], [ 3.9148, 45.35402 ], [ 3.9353, 45.359 ], [ 3.9364, 45.37222 ], [ 3.94847, 45.37645 ], [ 3.96039, 45.367 ], [ 3.96659, 45.37424 ], [ 3.98505, 45.37256 ], [ 4.01949, 45.32757 ], [ 4.02127, 45.35041 ], [ 4.04587, 45.35572 ], [ 4.07081, 45.33605 ], [ 4.08131, 45.35848 ], [ 4.10795, 45.35473 ], [ 4.11961, 45.36949 ], [ 4.15509, 45.36353 ], [ 4.15965, 45.37278 ], [ 4.14391, 45.38422 ], [ 4.17806, 45.39283 ], [ 4.20223, 45.3814 ], [ 4.22657, 45.39018 ], [ 4.25004, 45.38217 ], [ 4.25716, 45.36999 ], [ 4.27109, 45.3746 ], [ 4.27155, 45.35841 ], [ 4.28717, 45.35568 ], [ 4.298, 45.36809 ], [ 4.30642, 45.36163 ], [ 4.30806, 45.37144 ], [ 4.34881, 45.36068 ], [ 4.36807, 45.33714 ], [ 4.33169, 45.31848 ], [ 4.35139, 45.30334 ], [ 4.37167, 45.30154 ], [ 4.34937, 45.27952 ], [ 4.37065, 45.26005 ], [ 4.38751, 45.25516 ], [ 4.39901, 45.26862 ], [ 4.43071, 45.27591 ], [ 4.47153, 45.24002 ], [ 4.50817, 45.23103 ], [ 4.50974, 45.24492 ], [ 4.54071, 45.23464 ], [ 4.54039, 45.24349 ], [ 4.60163, 45.25051 ], [ 4.60623, 45.26256 ], [ 4.59088, 45.27367 ], [ 4.59805, 45.2895 ], [ 4.62391, 45.29228 ], [ 4.61472, 45.31165 ], [ 4.64122, 45.31722 ], [ 4.63859, 45.32641 ], [ 4.66224, 45.34042 ], [ 4.75551, 45.36611 ], [ 4.75837, 45.39027 ], [ 4.74204, 45.41558 ], [ 4.75964, 45.43291 ], [ 4.75713, 45.45561 ], [ 4.73856, 45.47282 ], [ 4.73935, 45.487 ], [ 4.72197, 45.49431 ], [ 4.70805, 45.48122 ], [ 4.67642, 45.48199 ], [ 4.67142, 45.47341 ], [ 4.6706, 45.48369 ], [ 4.65147, 45.49129 ], [ 4.65047, 45.53185 ], [ 4.68319, 45.551 ], [ 4.68032, 45.56788 ], [ 4.6491, 45.5651 ], [ 4.65936, 45.54339 ], [ 4.64478, 45.54056 ], [ 4.61454, 45.57543 ], [ 4.58719, 45.57065 ], [ 4.56758, 45.58371 ], [ 4.52098, 45.57274 ], [ 4.50476, 45.57658 ], [ 4.5049, 45.58729 ], [ 4.46939, 45.58503 ], [ 4.4726, 45.59743 ], [ 4.44897, 45.60614 ], [ 4.44178, 45.6231 ], [ 4.4102, 45.6318 ], [ 4.39267, 45.66259 ], [ 4.36624, 45.67124 ], [ 4.37362, 45.69059 ], [ 4.36572, 45.69855 ], [ 4.40314, 45.74467 ], [ 4.39081, 45.75509 ], [ 4.35918, 45.75122 ], [ 4.34799, 45.76957 ], [ 4.35867, 45.78362 ], [ 4.36035, 45.77758 ], [ 4.37995, 45.78413 ], [ 4.37399, 45.80514 ], [ 4.38901, 45.80656 ], [ 4.37577, 45.82487 ], [ 4.39059, 45.83746 ], [ 4.38231, 45.84461 ], [ 4.39466, 45.86512 ], [ 4.36329, 45.86414 ], [ 4.34258, 45.87696 ], [ 4.32336, 45.90346 ], [ 4.34604, 45.91559 ], [ 4.33517, 45.91667 ], [ 4.34578, 45.93028 ], [ 4.30027, 45.94704 ], [ 4.29075, 45.97216 ], [ 4.253, 45.98361 ], [ 4.24366, 45.99721 ], [ 4.26919, 46.00131 ], [ 4.27127, 45.98784 ], [ 4.28717, 45.99918 ], [ 4.2947, 45.98984 ], [ 4.30537, 45.99557 ], [ 4.30694, 46.02083 ], [ 4.27759, 46.02233 ], [ 4.25059, 46.05026 ], [ 4.28589, 46.05375 ], [ 4.30045, 46.06523 ], [ 4.3015, 46.07866 ], [ 4.31121, 46.07941 ], [ 4.30693, 46.10624 ], [ 4.32663, 46.13312 ], [ 4.3619, 46.13875 ], [ 4.37702, 46.14999 ], [ 4.41726, 46.136 ], [ 4.43893, 46.16789 ], [ 4.39542, 46.19361 ], [ 4.42158, 46.20896 ], [ 4.40701, 46.22067 ], [ 4.38734, 46.22 ], [ 4.38942, 46.21305 ], [ 4.36277, 46.19995 ], [ 4.37072, 46.18435 ], [ 4.32675, 46.185 ], [ 4.31582, 46.17068 ], [ 4.29105, 46.17178 ], [ 4.28104, 46.15607 ], [ 4.24988, 46.15822 ], [ 4.26352, 46.17536 ], [ 4.25471, 46.1881 ], [ 4.2249, 46.17775 ], [ 4.20783, 46.19494 ], [ 4.18498, 46.19001 ], [ 4.187, 46.17457 ], [ 4.13324, 46.17734 ], [ 4.10383, 46.19855 ], [ 4.05956, 46.18842 ], [ 4.02937, 46.16916 ], [ 3.98987, 46.16907 ], [ 3.97097, 46.18914 ], [ 3.97271, 46.20279 ], [ 3.91799, 46.20285 ], [ 3.89013, 46.21449 ], [ 3.91004, 46.24788 ], [ 3.90201, 46.27656 ], [ 3.87779, 46.27589 ], [ 3.86766, 46.2624 ], [ 3.80343, 46.25822 ], [ 3.80269, 46.23851 ], [ 3.78237, 46.24411 ], [ 3.76825, 46.23782 ], [ 3.79664, 46.207 ], [ 3.7888, 46.18576 ], [ 3.80867, 46.16464 ], [ 3.78978, 46.15514 ], [ 3.80214, 46.13066 ], [ 3.79309, 46.11223 ], [ 3.82154, 46.08983 ], [ 3.80509, 46.0531 ], [ 3.83172, 45.99944 ] ] ] } },
{ "type": "Feature", "properties": { "dep_code": "43", "dep_name": "Haute-Loire" }, "geometry": { "type": "Polygon", "coordinates": [ [ [ 3.45592, 45.4004 ], [ 3.3812, 45.39976 ], [ 3.35595, 45.42264 ], [ 3.34067, 45.42155 ], [ 3.32745, 45.39675 ], [ 3.32011, 45.41322 ], [ 3.29833, 45.42045 ], [ 3.29009, 45.40109 ], [ 3.25391, 45.38856 ], [ 3.23588, 45.39474 ], [ 3.21837, 45.36927 ], [ 3.18165, 45.36493 ], [ 3.18089, 45.35106 ], [ 3.10374, 45.35462 ], [ 3.11613, 45.33366 ], [ 3.09046, 45.32251 ], [ 3.11415, 45.30999 ], [ 3.10489, 45.30016 ], [ 3.08419, 45.29899 ], [ 3.08219, 45.28982 ], [ 3.11781, 45.28419 ], [ 3.16099, 45.29532 ], [ 3.16471, 45.2686 ], [ 3.19083, 45.28099 ], [ 3.22318, 45.27705 ], [ 3.22113, 45.24415 ], [ 3.23401, 45.2377 ], [ 3.23533, 45.21996 ], [ 3.27305, 45.20868 ], [ 3.26083, 45.17077 ], [ 3.26698, 45.15433 ], [ 3.28214, 45.15158 ], [ 3.27347, 45.14523 ], [ 3.28803, 45.12045 ], [ 3.29969, 45.12539 ], [ 3.36202, 45.10419 ], [ 3.32813, 45.0948 ], [ 3.30182, 45.10742 ], [ 3.28228, 45.10316 ], [ 3.28976, 45.08675 ], [ 3.31497, 45.08512 ], [ 3.29761, 45.03594 ], [ 3.31088, 45.02039 ], [ 3.32704, 45.03061 ], [ 3.33709, 45.02538 ], [ 3.32466, 45.00981 ], [ 3.34731, 45.01435 ], [ 3.3497, 45.00166 ], [ 3.37032, 45.00498 ], [ 3.36453, 44.99037 ], [ 3.34609, 44.98688 ], [ 3.34788, 44.97388 ], [ 3.37273, 44.97575 ], [ 3.37169, 44.96021 ], [ 3.39061, 44.95042 ], [ 3.40444, 44.95713 ], [ 3.41534, 44.94147 ], [ 3.41067, 44.91766 ], [ 3.44185, 44.85422 ], [ 3.48382, 44.80732 ], [ 3.50606, 44.82407 ], [ 3.56169, 44.8249 ], [ 3.57066, 44.83577 ], [ 3.58958, 44.82656 ], [ 3.59353, 44.87663 ], [ 3.63017, 44.88095 ], [ 3.65363, 44.8761 ], [ 3.67275, 44.8566 ], [ 3.66319, 44.82982 ], [ 3.70087, 44.83699 ], [ 3.72234, 44.83088 ], [ 3.74293, 44.83882 ], [ 3.76124, 44.80164 ], [ 3.7987, 44.78607 ], [ 3.80889, 44.7653 ], [ 3.83125, 44.77676 ], [ 3.84234, 44.77195 ], [ 3.83521, 44.74831 ], [ 3.86261, 44.74396 ], [ 3.87581, 44.75739 ], [ 3.89893, 44.753 ], [ 3.90023, 44.76437 ], [ 3.92501, 44.76994 ], [ 3.91045, 44.77869 ], [ 3.92295, 44.77779 ], [ 3.9367, 44.79532 ], [ 3.9448, 44.82456 ], [ 3.96309, 44.8296 ], [ 3.98882, 44.81175 ], [ 3.98024, 44.8308 ], [ 3.99067, 44.83394 ], [ 4.00038, 44.81973 ], [ 4.0054, 44.83807 ], [ 4.01405, 44.83648 ], [ 4.0135, 44.82671 ], [ 4.02772, 44.83212 ], [ 4.02364, 44.85879 ], [ 4.03948, 44.87346 ], [ 4.071, 44.86661 ], [ 4.11636, 44.87917 ], [ 4.15655, 44.8732 ], [ 4.17929, 44.88713 ], [ 4.1819, 44.90837 ], [ 4.21655, 44.93348 ], [ 4.22723, 44.96581 ], [ 4.23598, 44.97037 ], [ 4.25243, 44.95879 ], [ 4.31427, 44.97276 ], [ 4.29049, 44.99632 ], [ 4.30185, 45.02635 ], [ 4.34113, 45.02594 ], [ 4.38108, 45.03964 ], [ 4.37732, 45.05515 ], [ 4.3648, 45.05368 ], [ 4.34577, 45.06759 ], [ 4.36704, 45.08898 ], [ 4.35938, 45.09977 ], [ 4.39953, 45.10449 ], [ 4.4001, 45.11837 ], [ 4.36944, 45.12849 ], [ 4.37394, 45.14396 ], [ 4.42298, 45.1373 ], [ 4.43608, 45.10862 ], [ 4.43826, 45.12209 ], [ 4.45717, 45.11887 ], [ 4.44326, 45.14083 ], [ 4.44715, 45.16075 ], [ 4.47254, 45.17941 ], [ 4.47731, 45.2132 ], [ 4.49082, 45.22354 ], [ 4.43443, 45.27512 ], [ 4.40167, 45.2698 ], [ 4.38751, 45.25516 ], [ 4.34936, 45.2743 ], [ 4.37167, 45.30154 ], [ 4.35139, 45.30334 ], [ 4.33169, 45.31848 ], [ 4.36807, 45.33714 ], [ 4.33348, 45.36855 ], [ 4.30806, 45.37144 ], [ 4.308, 45.36235 ], [ 4.29519, 45.36767 ], [ 4.28717, 45.35568 ], [ 4.27155, 45.35841 ], [ 4.27109, 45.3746 ], [ 4.25716, 45.36999 ], [ 4.24453, 45.38517 ], [ 4.22657, 45.39018 ], [ 4.20196, 45.38143 ], [ 4.17806, 45.39283 ], [ 4.14391, 45.38422 ], [ 4.15965, 45.37278 ], [ 4.15509, 45.36353 ], [ 4.11961, 45.36949 ], [ 4.10795, 45.35473 ], [ 4.08131, 45.35848 ], [ 4.07081, 45.33605 ], [ 4.04587, 45.35572 ], [ 4.02127, 45.35041 ], [ 4.01949, 45.32757 ], [ 3.98165, 45.37467 ], [ 3.96039, 45.367 ], [ 3.94879, 45.3764 ], [ 3.9364, 45.37222 ], [ 3.9353, 45.359 ], [ 3.9148, 45.35402 ], [ 3.92241, 45.34663 ], [ 3.90603, 45.33318 ], [ 3.89817, 45.35681 ], [ 3.87078, 45.35536 ], [ 3.84629, 45.37054 ], [ 3.83741, 45.36588 ], [ 3.83624, 45.38308 ], [ 3.8223, 45.38014 ], [ 3.80494, 45.3921 ], [ 3.78522, 45.37049 ], [ 3.79005, 45.35388 ], [ 3.77732, 45.34915 ], [ 3.72969, 45.36131 ], [ 3.69989, 45.35946 ], [ 3.7075, 45.37572 ], [ 3.6889, 45.37349 ], [ 3.6907, 45.38006 ], [ 3.67024, 45.38355 ], [ 3.66382, 45.36153 ], [ 3.64486, 45.35934 ], [ 3.61857, 45.33751 ], [ 3.58972, 45.35748 ], [ 3.57058, 45.4021 ], [ 3.55651, 45.39165 ], [ 3.52883, 45.39885 ], [ 3.50758, 45.41005 ], [ 3.50126, 45.42761 ], [ 3.45592, 45.4004 ] ] ] } },
{ "type": "Feature", "properties": { "dep_code": "44", "dep_name": "Loire-Atlantique" }, "geometry": { "type": "MultiPolygon", "coordinates": [ [ [ [ -2.51029, 47.29496 ], [ -2.51054, 47.2948 ], [ -2.51019, 47.29432 ], [ -2.51029, 47.29496 ] ] ], [ [ [ -2.51288, 47.29592 ], [ -2.51172, 47.29546 ], [ -2.51163, 47.29704 ], [ -2.51288, 47.29592 ] ] ], [ [ [ -2.51441, 47.29826 ], [ -2.51306, 47.29687 ], [ -2.51238, 47.29753 ], [ -2.51441, 47.29826 ] ] ], [ [ [ -0.97159, 47.37295 ], [ -0.94666, 47.38698 ], [ -0.96128, 47.41833 ], [ -0.94675, 47.42766 ], [ -0.95268, 47.45195 ], [ -0.96826, 47.47016 ], [ -0.95892, 47.48121 ], [ -0.96707, 47.49269 ], [ -1.00636, 47.48804 ], [ -1.04446, 47.50557 ], [ -1.0387, 47.54827 ], [ -1.06049, 47.55603 ], [ -1.05556, 47.56532 ], [ -1.04187, 47.5623 ], [ -1.01914, 47.57672 ], [ -1.01042, 47.59332 ], [ -1.07128, 47.60458 ], [ -1.10075, 47.62066 ], [ -1.1377, 47.61908 ], [ -1.15748, 47.63556 ], [ -1.16029, 47.66126 ], [ -1.18209, 47.66426 ], [ -1.17492, 47.69514 ], [ -1.1895, 47.69917 ], [ -1.18159, 47.7035 ], [ -1.19499, 47.70803 ], [ -1.19536, 47.7218 ], [ -1.21525, 47.7189 ], [ -1.25544, 47.73116 ], [ -1.25556, 47.74257 ], [ -1.24173, 47.74286 ], [ -1.23384, 47.75642 ], [ -1.24991, 47.765 ], [ -1.24617, 47.77685 ], [ -1.36503, 47.79874 ], [ -1.39352, 47.8293 ], [ -1.40549, 47.82443 ], [ -1.46254, 47.83594 ], [ -1.48279, 47.83161 ], [ -1.47186, 47.80266 ], [ -1.50317, 47.8017 ], [ -1.52905, 47.78478 ], [ -1.58662, 47.77971 ], [ -1.59394, 47.76722 ], [ -1.62315, 47.76354 ], [ -1.63818, 47.72231 ], [ -1.65821, 47.70928 ], [ -1.70735, 47.71439 ], [ -1.70362, 47.70047 ], [ -1.72254, 47.69834 ], [ -1.75195, 47.70756 ], [ -1.77109, 47.69826 ], [ -1.82748, 47.71077 ], [ -1.85839, 47.70828 ], [ -1.87729, 47.69564 ], [ -1.93785, 47.68615 ], [ -1.95654, 47.6712 ], [ -1.9695, 47.67363 ], [ -1.97356, 47.69445 ], [ -2.01272, 47.66619 ], [ -2.0389, 47.6697 ], [ -2.05121, 47.64986 ], [ -2.08145, 47.65015 ], [ -2.09668, 47.63207 ], [ -2.08368, 47.61156 ], [ -2.10347, 47.5933 ], [ -2.09883, 47.53345 ], [ -2.15604, 47.52202 ], [ -2.15425, 47.49645 ], [ -2.16415, 47.48918 ], [ -2.19215, 47.49667 ], [ -2.18464, 47.5122 ], [ -2.24377, 47.49389 ], [ -2.26561, 47.50179 ], [ -2.25487, 47.51163 ], [ -2.29854, 47.51589 ], [ -2.31679, 47.46147 ], [ -2.35304, 47.45444 ], [ -2.36825, 47.46431 ], [ -2.39833, 47.45593 ], [ -2.4166, 47.4601 ], [ -2.42967, 47.47574 ], [ -2.45877, 47.44806 ], [ -2.44578, 47.43586 ], [ -2.45807, 47.42353 ], [ -2.43274, 47.41387 ], [ -2.46298, 47.41116 ], [ -2.46785, 47.42123 ], [ -2.55963, 47.3741 ], [ -2.52819, 47.36368 ], [ -2.50852, 47.34405 ], [ -2.51141, 47.30052 ], [ -2.46837, 47.29403 ], [ -2.48041, 47.29319 ], [ -2.47065, 47.28354 ], [ -2.48772, 47.289 ], [ -2.49821, 47.2835 ], [ -2.52484, 47.30197 ], [ -2.54469, 47.2984 ], [ -2.546, 47.2903 ], [ -2.44749, 47.26117 ], [ -2.41729, 47.25866 ], [ -2.42809, 47.27799 ], [ -2.42389, 47.2837 ], [ -2.42295, 47.27406 ], [ -2.38132, 47.27989 ], [ -2.29844, 47.23324 ], [ -2.26738, 47.23866 ], [ -2.2536, 47.25318 ], [ -2.22901, 47.25591 ], [ -2.20991, 47.2704 ], [ -2.20228, 47.26647 ], [ -2.20144, 47.26708 ], [ -2.19844, 47.27159 ], [ -2.19691, 47.27127 ], [ -2.19879, 47.27528 ], [ -2.187, 47.28071 ], [ -2.17045, 47.26871 ], [ -2.18151, 47.23218 ], [ -2.15896, 47.20847 ], [ -2.1669, 47.16723 ], [ -2.17946, 47.15584 ], [ -2.22306, 47.15346 ], [ -2.24475, 47.13031 ], [ -2.1168, 47.10875 ], [ -2.0988, 47.11531 ], [ -2.10611, 47.10704 ], [ -2.05357, 47.09497 ], [ -2.03804, 47.076 ], [ -2.00435, 47.06107 ], [ -1.94324, 46.99502 ], [ -1.91669, 46.99214 ], [ -1.9117, 46.9687 ], [ -1.87698, 46.95367 ], [ -1.82798, 46.95292 ], [ -1.83221, 46.93216 ], [ -1.78006, 46.92489 ], [ -1.75041, 46.93053 ], [ -1.72291, 46.88377 ], [ -1.68655, 46.89065 ], [ -1.6653, 46.87478 ], [ -1.60472, 46.87559 ], [ -1.54851, 46.86008 ], [ -1.54626, 46.8749 ], [ -1.50079, 46.88336 ], [ -1.54598, 46.92527 ], [ -1.5291, 46.92271 ], [ -1.51867, 46.93467 ], [ -1.55549, 46.97879 ], [ -1.54245, 47.00298 ], [ -1.55548, 47.01481 ], [ -1.50486, 47.03874 ], [ -1.49243, 47.04224 ], [ -1.4723, 47.03137 ], [ -1.46006, 46.99248 ], [ -1.47689, 46.98208 ], [ -1.45736, 46.95446 ], [ -1.4719, 46.93309 ], [ -1.45838, 46.92599 ], [ -1.36498, 46.95694 ], [ -1.35908, 46.98127 ], [ -1.3781, 46.99168 ], [ -1.36294, 47.00567 ], [ -1.37868, 47.03138 ], [ -1.3663, 47.04188 ], [ -1.34176, 47.03978 ], [ -1.34565, 47.0459 ], [ -1.30041, 47.03429 ], [ -1.28803, 47.07614 ], [ -1.27054, 47.0849 ], [ -1.20113, 47.04022 ], [ -1.14837, 47.02945 ], [ -1.11668, 47.04144 ], [ -1.11529, 47.06275 ], [ -1.1541, 47.07174 ], [ -1.16965, 47.09331 ], [ -1.24936, 47.09779 ], [ -1.22455, 47.11871 ], [ -1.23888, 47.1372 ], [ -1.20482, 47.14491 ], [ -1.16169, 47.17785 ], [ -1.17843, 47.19362 ], [ -1.17448, 47.21441 ], [ -1.18876, 47.22013 ], [ -1.18118, 47.24085 ], [ -1.19802, 47.253 ], [ -1.23016, 47.23947 ], [ -1.25435, 47.24797 ], [ -1.2781, 47.27073 ], [ -1.27482, 47.29052 ], [ -1.29643, 47.30634 ], [ -1.3542, 47.30415 ], [ -1.2969, 47.33861 ], [ -1.18866, 47.35229 ], [ -1.16579, 47.3665 ], [ -1.01654, 47.365 ], [ -0.97159, 47.37295 ] ] ], [ [ [ -2.62288, 47.40931 ], [ -2.61706, 47.41157 ], [ -2.62173, 47.41379 ], [ -2.62288, 47.40931 ] ] ] ] } },
{ "type": "Feature", "properties": { "dep_code": "45", "dep_name": "Loiret" }, "geometry": { "type": "Polygon", "coordinates": [ [ [ 2.82093, 48.12972 ], [ 2.80078, 48.13163 ], [ 2.79798, 48.1509 ], [ 2.81142, 48.16374 ], [ 2.79526, 48.16913 ], [ 2.75521, 48.1602 ], [ 2.73669, 48.16615 ], [ 2.75562, 48.14589 ], [ 2.72057, 48.13696 ], [ 2.70552, 48.12312 ], [ 2.66444, 48.12008 ], [ 2.6392, 48.1389 ], [ 2.57472, 48.1313 ], [ 2.55927, 48.14175 ], [ 2.53791, 48.14066 ], [ 2.52118, 48.12505 ], [ 2.44178, 48.12477 ], [ 2.48316, 48.1646 ], [ 2.50595, 48.15651 ], [ 2.51677, 48.16676 ], [ 2.50715, 48.17976 ], [ 2.52298, 48.19486 ], [ 2.51852, 48.22831 ], [ 2.50663, 48.22581 ], [ 2.50627, 48.23863 ], [ 2.48417, 48.23891 ], [ 2.4687, 48.25533 ], [ 2.45011, 48.24992 ], [ 2.42351, 48.26022 ], [ 2.42344, 48.29442 ], [ 2.40297, 48.32064 ], [ 2.39727, 48.31321 ], [ 2.35826, 48.30843 ], [ 2.32927, 48.33281 ], [ 2.31715, 48.33166 ], [ 2.2956, 48.30791 ], [ 2.26681, 48.31471 ], [ 2.24522, 48.29822 ], [ 2.24624, 48.33118 ], [ 2.23193, 48.32768 ], [ 2.20411, 48.34491 ], [ 2.18092, 48.31145 ], [ 2.15206, 48.3161 ], [ 2.16389, 48.29838 ], [ 2.11039, 48.29701 ], [ 2.10522, 48.30769 ], [ 2.08943, 48.29478 ], [ 2.05266, 48.29543 ], [ 2.04079, 48.28456 ], [ 1.99377, 48.28678 ], [ 1.98443, 48.26412 ], [ 1.96102, 48.24716 ], [ 1.9628, 48.22253 ], [ 1.97939, 48.20401 ], [ 1.97085, 48.19005 ], [ 1.95708, 48.20362 ], [ 1.95144, 48.18961 ], [ 1.97107, 48.18305 ], [ 1.971, 48.17107 ], [ 1.9511, 48.17559 ], [ 1.94095, 48.16774 ], [ 1.92506, 48.17443 ], [ 1.91425, 48.1675 ], [ 1.90338, 48.15278 ], [ 1.92045, 48.14639 ], [ 1.91274, 48.12915 ], [ 1.90202, 48.13126 ], [ 1.88438, 48.09768 ], [ 1.86517, 48.0952 ], [ 1.8659, 48.08366 ], [ 1.84476, 48.08924 ], [ 1.82996, 48.07879 ], [ 1.80198, 48.08939 ], [ 1.79808, 48.07673 ], [ 1.74517, 48.06391 ], [ 1.70863, 48.06717 ], [ 1.68918, 48.07795 ], [ 1.67008, 48.06269 ], [ 1.6555, 48.07641 ], [ 1.62401, 48.07026 ], [ 1.61962, 48.04285 ], [ 1.59716, 48.04317 ], [ 1.59412, 48.0307 ], [ 1.5455, 48.04454 ], [ 1.54718, 48.02951 ], [ 1.52258, 48.03451 ], [ 1.51238, 48.02804 ], [ 1.52663, 48.00719 ], [ 1.51959, 47.98182 ], [ 1.55235, 47.99208 ], [ 1.56672, 47.98014 ], [ 1.54758, 47.96549 ], [ 1.55498, 47.95324 ], [ 1.52655, 47.94543 ], [ 1.52237, 47.93211 ], [ 1.58168, 47.90208 ], [ 1.59061, 47.87882 ], [ 1.54843, 47.84124 ], [ 1.53538, 47.84056 ], [ 1.52577, 47.82009 ], [ 1.57078, 47.79677 ], [ 1.54772, 47.76956 ], [ 1.60055, 47.7413 ], [ 1.58264, 47.72674 ], [ 1.61351, 47.73648 ], [ 1.62653, 47.76104 ], [ 1.67535, 47.73873 ], [ 1.71359, 47.73341 ], [ 1.73965, 47.66181 ], [ 1.78169, 47.65234 ], [ 1.78923, 47.63702 ], [ 1.80325, 47.63923 ], [ 1.81012, 47.65343 ], [ 1.84516, 47.65708 ], [ 1.84347, 47.68628 ], [ 1.85856, 47.69239 ], [ 1.86604, 47.67457 ], [ 1.89044, 47.67907 ], [ 1.9029, 47.67156 ], [ 1.93665, 47.67965 ], [ 1.94002, 47.65902 ], [ 1.96375, 47.65778 ], [ 1.99616, 47.66386 ], [ 2.00878, 47.67866 ], [ 2.06643, 47.67422 ], [ 2.07455, 47.68215 ], [ 2.11062, 47.66954 ], [ 2.12698, 47.67845 ], [ 2.14898, 47.67038 ], [ 2.20344, 47.67862 ], [ 2.20528, 47.66124 ], [ 2.21988, 47.66797 ], [ 2.24117, 47.64121 ], [ 2.23863, 47.62059 ], [ 2.28945, 47.6291 ], [ 2.37287, 47.58569 ], [ 2.43808, 47.60977 ], [ 2.49136, 47.5683 ], [ 2.56321, 47.57214 ], [ 2.61645, 47.54105 ], [ 2.61532, 47.52386 ], [ 2.65391, 47.51233 ], [ 2.65741, 47.48719 ], [ 2.68483, 47.48302 ], [ 2.72466, 47.49399 ], [ 2.73164, 47.53822 ], [ 2.74575, 47.5251 ], [ 2.78529, 47.51595 ], [ 2.7931, 47.49771 ], [ 2.82458, 47.49706 ], [ 2.83885, 47.51111 ], [ 2.87463, 47.52042 ], [ 2.84864, 47.53772 ], [ 2.85655, 47.55271 ], [ 2.8731, 47.54516 ], [ 2.8739, 47.55281 ], [ 2.90479, 47.55629 ], [ 2.91433, 47.56603 ], [ 2.95879, 47.55751 ], [ 2.97654, 47.56948 ], [ 2.93613, 47.59941 ], [ 2.94518, 47.60842 ], [ 2.93232, 47.62705 ], [ 2.95394, 47.64594 ], [ 2.91817, 47.66977 ], [ 2.92617, 47.68202 ], [ 2.87916, 47.7038 ], [ 2.87886, 47.72035 ], [ 2.86082, 47.71018 ], [ 2.84844, 47.71707 ], [ 2.85185, 47.75779 ], [ 2.90949, 47.7695 ], [ 2.93038, 47.7622 ], [ 2.98823, 47.78603 ], [ 3.02496, 47.78728 ], [ 3.01222, 47.83424 ], [ 3.02906, 47.83503 ], [ 3.02924, 47.85708 ], [ 2.99462, 47.86736 ], [ 3.01238, 47.87404 ], [ 3.0093, 47.90554 ], [ 3.05049, 47.91064 ], [ 3.05087, 47.92424 ], [ 3.10527, 47.94694 ], [ 3.12868, 47.98245 ], [ 3.12408, 48.00704 ], [ 3.09947, 48.01997 ], [ 3.12423, 48.03111 ], [ 3.09449, 48.04029 ], [ 3.09542, 48.05398 ], [ 3.05022, 48.07216 ], [ 3.03501, 48.11614 ], [ 3.0159, 48.1158 ], [ 3.02931, 48.13332 ], [ 3.01177, 48.14498 ], [ 2.99814, 48.13994 ], [ 2.99068, 48.1527 ], [ 2.9637, 48.15308 ], [ 2.95322, 48.16517 ], [ 2.86778, 48.15666 ], [ 2.82093, 48.12972 ] ] ] } },
{ "type": "Feature", "properties": { "dep_code": "46", "dep_name": "Lot" }, "geometry": { "type": "Polygon", "coordinates": [ [ [ 1.3641, 44.81163 ], [ 1.32533, 44.80599 ], [ 1.29341, 44.79019 ], [ 1.30478, 44.78908 ], [ 1.29848, 44.77422 ], [ 1.3228, 44.7651 ], [ 1.31583, 44.74047 ], [ 1.30017, 44.74445 ], [ 1.28774, 44.71486 ], [ 1.27081, 44.72286 ], [ 1.22455, 44.68427 ], [ 1.18135, 44.68327 ], [ 1.14673, 44.6708 ], [ 1.15253, 44.63602 ], [ 1.09459, 44.59234 ], [ 1.10321, 44.57173 ], [ 1.07439, 44.57727 ], [ 1.07034, 44.56639 ], [ 1.04525, 44.56237 ], [ 1.01312, 44.53621 ], [ 1.00872, 44.5471 ], [ 0.98151, 44.54444 ], [ 1.01609, 44.50638 ], [ 1.00901, 44.48004 ], [ 1.02399, 44.47316 ], [ 1.02082, 44.44518 ], [ 1.03252, 44.44126 ], [ 1.02806, 44.43419 ], [ 1.05746, 44.42775 ], [ 1.06154, 44.40204 ], [ 1.05084, 44.39202 ], [ 1.06423, 44.37862 ], [ 1.1043, 44.39246 ], [ 1.13716, 44.39241 ], [ 1.13341, 44.37125 ], [ 1.10497, 44.36433 ], [ 1.08849, 44.37115 ], [ 1.09185, 44.36045 ], [ 1.08121, 44.35441 ], [ 1.11619, 44.33798 ], [ 1.11041, 44.32312 ], [ 1.16772, 44.30284 ], [ 1.18128, 44.30972 ], [ 1.17755, 44.29186 ], [ 1.20441, 44.28234 ], [ 1.21395, 44.26821 ], [ 1.22084, 44.28046 ], [ 1.24778, 44.26624 ], [ 1.2554, 44.28569 ], [ 1.27098, 44.28107 ], [ 1.30422, 44.29423 ], [ 1.29359, 44.27278 ], [ 1.30458, 44.26203 ], [ 1.28452, 44.25266 ], [ 1.28143, 44.23573 ], [ 1.33514, 44.22887 ], [ 1.35762, 44.20334 ], [ 1.38099, 44.22523 ], [ 1.4534, 44.2545 ], [ 1.47183, 44.28695 ], [ 1.48398, 44.2725 ], [ 1.50927, 44.27377 ], [ 1.52682, 44.26057 ], [ 1.51819, 44.24945 ], [ 1.54113, 44.22721 ], [ 1.57483, 44.23383 ], [ 1.5871, 44.24888 ], [ 1.56077, 44.27944 ], [ 1.57865, 44.28391 ], [ 1.57074, 44.30167 ], [ 1.61677, 44.29721 ], [ 1.61432, 44.28048 ], [ 1.63402, 44.26859 ], [ 1.65229, 44.28539 ], [ 1.63385, 44.29904 ], [ 1.65278, 44.29627 ], [ 1.66026, 44.28333 ], [ 1.69576, 44.31253 ], [ 1.73673, 44.31815 ], [ 1.73726, 44.32704 ], [ 1.7563, 44.32573 ], [ 1.77486, 44.31162 ], [ 1.79409, 44.33491 ], [ 1.82653, 44.32368 ], [ 1.83333, 44.33559 ], [ 1.8532, 44.33169 ], [ 1.88197, 44.34016 ], [ 1.89195, 44.35298 ], [ 1.9089, 44.35007 ], [ 1.90856, 44.36465 ], [ 1.86706, 44.39773 ], [ 1.87338, 44.42366 ], [ 1.84955, 44.43612 ], [ 1.85337, 44.46301 ], [ 1.84147, 44.48152 ], [ 1.88422, 44.48452 ], [ 1.88941, 44.5058 ], [ 1.91698, 44.48649 ], [ 1.9127, 44.50498 ], [ 1.96028, 44.51994 ], [ 1.98695, 44.55036 ], [ 2.03314, 44.56013 ], [ 2.03551, 44.57159 ], [ 2.05859, 44.5834 ], [ 2.0676, 44.57518 ], [ 2.06082, 44.56535 ], [ 2.08277, 44.58735 ], [ 2.10379, 44.57149 ], [ 2.12514, 44.5794 ], [ 2.13207, 44.56964 ], [ 2.14846, 44.57054 ], [ 2.16914, 44.59153 ], [ 2.19442, 44.58538 ], [ 2.20189, 44.59623 ], [ 2.19407, 44.6001 ], [ 2.21089, 44.60481 ], [ 2.19411, 44.62808 ], [ 2.16872, 44.63892 ], [ 2.17464, 44.65315 ], [ 2.16164, 44.66359 ], [ 2.17926, 44.67448 ], [ 2.15963, 44.69741 ], [ 2.12998, 44.69855 ], [ 2.15452, 44.73637 ], [ 2.14907, 44.76971 ], [ 2.16983, 44.77784 ], [ 2.16805, 44.81069 ], [ 2.1351, 44.82717 ], [ 2.12823, 44.84552 ], [ 2.09078, 44.87569 ], [ 2.08583, 44.90405 ], [ 2.10815, 44.90999 ], [ 2.10466, 44.91978 ], [ 2.07646, 44.93409 ], [ 2.08061, 44.95401 ], [ 2.04555, 44.98366 ], [ 1.9858, 44.97478 ], [ 1.94956, 44.95259 ], [ 1.94019, 44.95303 ], [ 1.93915, 44.97333 ], [ 1.90823, 44.97814 ], [ 1.88703, 44.95635 ], [ 1.84278, 44.93713 ], [ 1.83177, 44.94599 ], [ 1.82609, 44.92885 ], [ 1.80017, 44.92028 ], [ 1.7857, 44.93691 ], [ 1.7746, 44.92356 ], [ 1.74863, 44.93806 ], [ 1.7507, 44.95587 ], [ 1.71103, 44.9673 ], [ 1.70286, 44.98768 ], [ 1.64619, 45.02855 ], [ 1.60906, 45.02895 ], [ 1.57608, 45.04071 ], [ 1.54973, 45.02836 ], [ 1.54028, 45.04645 ], [ 1.50937, 45.04073 ], [ 1.4765, 45.02653 ], [ 1.47683, 45.01851 ], [ 1.44824, 45.01941 ], [ 1.40911, 45.00693 ], [ 1.41667, 44.96096 ], [ 1.4345, 44.94465 ], [ 1.44251, 44.91615 ], [ 1.42513, 44.92 ], [ 1.41075, 44.90888 ], [ 1.44229, 44.87881 ], [ 1.41138, 44.87266 ], [ 1.40251, 44.84905 ], [ 1.36576, 44.84585 ], [ 1.3641, 44.81163 ] ] ] } },
{ "type": "Feature", "properties": { "dep_code": "47", "dep_name": "Lot-et-Garonne" }, "geometry": { "type": "Polygon", "coordinates": [ [ [ 0.86999, 44.59746 ], [ 0.83371, 44.59989 ], [ 0.83934, 44.61375 ], [ 0.81785, 44.62443 ], [ 0.83857, 44.63556 ], [ 0.83492, 44.65343 ], [ 0.85244, 44.66898 ], [ 0.82713, 44.6733 ], [ 0.8318, 44.68425 ], [ 0.8178, 44.69853 ], [ 0.79528, 44.70128 ], [ 0.78033, 44.68333 ], [ 0.76307, 44.68998 ], [ 0.75968, 44.67804 ], [ 0.6602, 44.67626 ], [ 0.65463, 44.69677 ], [ 0.63029, 44.70675 ], [ 0.61982, 44.69115 ], [ 0.58471, 44.69888 ], [ 0.5533, 44.66596 ], [ 0.51176, 44.67894 ], [ 0.4169, 44.64508 ], [ 0.38609, 44.65698 ], [ 0.37492, 44.65303 ], [ 0.36622, 44.66212 ], [ 0.35198, 44.65482 ], [ 0.35967, 44.69046 ], [ 0.34048, 44.70311 ], [ 0.34664, 44.72223 ], [ 0.29786, 44.76213 ], [ 0.25163, 44.75031 ], [ 0.22642, 44.76452 ], [ 0.20989, 44.74054 ], [ 0.21606, 44.72368 ], [ 0.20119, 44.72235 ], [ 0.19073, 44.74912 ], [ 0.17506, 44.73373 ], [ 0.1506, 44.73013 ], [ 0.14035, 44.73731 ], [ 0.1332, 44.70449 ], [ 0.10769, 44.71078 ], [ 0.10282, 44.68591 ], [ 0.1343, 44.68237 ], [ 0.13461, 44.66601 ], [ 0.16273, 44.67057 ], [ 0.18298, 44.66 ], [ 0.16517, 44.63314 ], [ 0.13955, 44.64068 ], [ 0.15104, 44.60873 ], [ 0.08206, 44.58409 ], [ 0.0699, 44.54876 ], [ 0.03598, 44.55399 ], [ 0.02059, 44.54172 ], [ -0.00138, 44.55197 ], [ 0.01812, 44.52978 ], [ -0.0156, 44.50549 ], [ -0.0132, 44.46065 ], [ 0.00805, 44.44945 ], [ -0.01406, 44.41865 ], [ 0.01867, 44.38941 ], [ 0.00733, 44.38195 ], [ 0.02369, 44.37617 ], [ 0.01497, 44.36666 ], [ -0.01238, 44.37204 ], [ -0.02881, 44.3602 ], [ -0.07882, 44.3537 ], [ -0.08576, 44.33761 ], [ -0.03481, 44.29672 ], [ -0.04367, 44.29361 ], [ -0.03299, 44.27173 ], [ -0.08824, 44.23627 ], [ -0.10815, 44.23102 ], [ -0.12318, 44.24065 ], [ -0.14069, 44.22641 ], [ -0.12948, 44.20414 ], [ -0.12888, 44.1524 ], [ -0.004, 44.14995 ], [ 0.03459, 44.13065 ], [ 0.13605, 44.12416 ], [ 0.13648, 44.10861 ], [ 0.10141, 44.08751 ], [ 0.10538, 44.07836 ], [ 0.08302, 44.06373 ], [ 0.07588, 44.03 ], [ 0.06022, 44.02474 ], [ 0.07788, 43.98111 ], [ 0.11717, 43.98792 ], [ 0.12729, 44.00229 ], [ 0.14188, 43.9945 ], [ 0.13856, 43.97467 ], [ 0.15675, 43.97257 ], [ 0.1643, 43.99503 ], [ 0.21418, 44.02305 ], [ 0.23534, 44.02126 ], [ 0.23293, 44.00908 ], [ 0.30286, 43.99097 ], [ 0.31801, 43.99484 ], [ 0.31557, 44.00996 ], [ 0.35809, 44.017 ], [ 0.38137, 44.00641 ], [ 0.39704, 44.02239 ], [ 0.44255, 44.02871 ], [ 0.45964, 44.05553 ], [ 0.48406, 44.05271 ], [ 0.48556, 44.0592 ], [ 0.50462, 44.05071 ], [ 0.51157, 44.06341 ], [ 0.55538, 44.05469 ], [ 0.59189, 44.08001 ], [ 0.65434, 44.04234 ], [ 0.6614, 44.02442 ], [ 0.6768, 44.02707 ], [ 0.68544, 44.04592 ], [ 0.69562, 44.04389 ], [ 0.7077, 44.0584 ], [ 0.73916, 44.06109 ], [ 0.75599, 44.10692 ], [ 0.77499, 44.11686 ], [ 0.79865, 44.11059 ], [ 0.78828, 44.14437 ], [ 0.8195, 44.14381 ], [ 0.86729, 44.12632 ], [ 0.88094, 44.12972 ], [ 0.88279, 44.14256 ], [ 0.89422, 44.13797 ], [ 0.88958, 44.17236 ], [ 0.87123, 44.16775 ], [ 0.85291, 44.17497 ], [ 0.85314, 44.18402 ], [ 0.86202, 44.1936 ], [ 0.90624, 44.19035 ], [ 0.92924, 44.23036 ], [ 0.9188, 44.23819 ], [ 0.93403, 44.24894 ], [ 0.92783, 44.26729 ], [ 0.94022, 44.26345 ], [ 0.9509, 44.2751 ], [ 0.92581, 44.28652 ], [ 0.91635, 44.30234 ], [ 0.89488, 44.2969 ], [ 0.86927, 44.30917 ], [ 0.89447, 44.34252 ], [ 0.88663, 44.36541 ], [ 0.89642, 44.38186 ], [ 0.92007, 44.38433 ], [ 0.93453, 44.37239 ], [ 0.94109, 44.34447 ], [ 0.95149, 44.36171 ], [ 0.97737, 44.35646 ], [ 0.99666, 44.36915 ], [ 1.06221, 44.36549 ], [ 1.06019, 44.39114 ], [ 1.05084, 44.39202 ], [ 1.06154, 44.40204 ], [ 1.05746, 44.42775 ], [ 1.02806, 44.43419 ], [ 1.03252, 44.44126 ], [ 1.02082, 44.44518 ], [ 1.02399, 44.47316 ], [ 1.00901, 44.48004 ], [ 1.01609, 44.50638 ], [ 0.98151, 44.54444 ], [ 1.00872, 44.5471 ], [ 1.01312, 44.53621 ], [ 1.04525, 44.56237 ], [ 1.07034, 44.56639 ], [ 1.07303, 44.59634 ], [ 1.01365, 44.61436 ], [ 0.98019, 44.64498 ], [ 0.968, 44.6345 ], [ 0.93963, 44.63997 ], [ 0.90085, 44.61752 ], [ 0.87697, 44.61604 ], [ 0.86999, 44.59746 ] ] ] } },
{ "type": "Feature", "properties": { "dep_code": "48", "dep_name": "Lozère" }, "geometry": { "type": "Polygon", "coordinates": [ [ [ 3.04993, 44.78169 ], [ 3.02691, 44.72957 ], [ 3.0391, 44.71515 ], [ 3.0162, 44.71414 ], [ 2.9812, 44.64496 ], [ 3.03194, 44.5977 ], [ 3.07628, 44.57257 ], [ 3.08417, 44.55951 ], [ 3.06828, 44.50206 ], [ 3.1369, 44.45622 ], [ 3.14165, 44.42623 ], [ 3.12678, 44.41415 ], [ 3.1372, 44.41092 ], [ 3.14046, 44.39224 ], [ 3.11776, 44.38434 ], [ 3.11938, 44.364 ], [ 3.13201, 44.35729 ], [ 3.13374, 44.33027 ], [ 3.15413, 44.33119 ], [ 3.14494, 44.31823 ], [ 3.15434, 44.30845 ], [ 3.12242, 44.28537 ], [ 3.12017, 44.26184 ], [ 3.1383, 44.26389 ], [ 3.1477, 44.27646 ], [ 3.16176, 44.24466 ], [ 3.18849, 44.24947 ], [ 3.19203, 44.24073 ], [ 3.23056, 44.23026 ], [ 3.20382, 44.18995 ], [ 3.28864, 44.19972 ], [ 3.2938, 44.20707 ], [ 3.36281, 44.20151 ], [ 3.35741, 44.19323 ], [ 3.37341, 44.17111 ], [ 3.39562, 44.16862 ], [ 3.43086, 44.14804 ], [ 3.43941, 44.12933 ], [ 3.53534, 44.12123 ], [ 3.54365, 44.10958 ], [ 3.56408, 44.12347 ], [ 3.60428, 44.11532 ], [ 3.63283, 44.12122 ], [ 3.636, 44.14058 ], [ 3.65324, 44.14597 ], [ 3.62616, 44.15329 ], [ 3.63704, 44.17626 ], [ 3.64964, 44.18085 ], [ 3.66069, 44.17389 ], [ 3.67002, 44.18654 ], [ 3.70625, 44.16469 ], [ 3.76039, 44.15116 ], [ 3.76485, 44.14098 ], [ 3.797, 44.12739 ], [ 3.83092, 44.13748 ], [ 3.87527, 44.12623 ], [ 3.88963, 44.14494 ], [ 3.90948, 44.14715 ], [ 3.9116, 44.16012 ], [ 3.92727, 44.16129 ], [ 3.92333, 44.18233 ], [ 3.97419, 44.16288 ], [ 3.95721, 44.1938 ], [ 3.93654, 44.19499 ], [ 3.95158, 44.21826 ], [ 3.9463, 44.24231 ], [ 3.97551, 44.259 ], [ 3.93372, 44.27572 ], [ 3.93998, 44.28579 ], [ 3.92286, 44.30522 ], [ 3.95203, 44.33223 ], [ 3.93463, 44.33591 ], [ 3.90773, 44.37524 ], [ 3.88572, 44.38809 ], [ 3.91754, 44.40531 ], [ 3.95257, 44.402 ], [ 3.94845, 44.41232 ], [ 3.96115, 44.41397 ], [ 3.97553, 44.44314 ], [ 3.99837, 44.45966 ], [ 3.98563, 44.4778 ], [ 3.98878, 44.50389 ], [ 3.95518, 44.56653 ], [ 3.92345, 44.57177 ], [ 3.91825, 44.58844 ], [ 3.90507, 44.59257 ], [ 3.90671, 44.61093 ], [ 3.89364, 44.61354 ], [ 3.89787, 44.64415 ], [ 3.86934, 44.67841 ], [ 3.88432, 44.69704 ], [ 3.8695, 44.69717 ], [ 3.87214, 44.70771 ], [ 3.8611, 44.71131 ], [ 3.87681, 44.7391 ], [ 3.83521, 44.74831 ], [ 3.82976, 44.75515 ], [ 3.84306, 44.77025 ], [ 3.83321, 44.77671 ], [ 3.80889, 44.7653 ], [ 3.7987, 44.78607 ], [ 3.76124, 44.80164 ], [ 3.7438, 44.83843 ], [ 3.66631, 44.82864 ], [ 3.65764, 44.83606 ], [ 3.67386, 44.85406 ], [ 3.65996, 44.87111 ], [ 3.60337, 44.87932 ], [ 3.59353, 44.87663 ], [ 3.58958, 44.82656 ], [ 3.57066, 44.83577 ], [ 3.56169, 44.8249 ], [ 3.50606, 44.82407 ], [ 3.48254, 44.80779 ], [ 3.45616, 44.82906 ], [ 3.42072, 44.89485 ], [ 3.41534, 44.94147 ], [ 3.40444, 44.95713 ], [ 3.39061, 44.95042 ], [ 3.37169, 44.96021 ], [ 3.37273, 44.97575 ], [ 3.35464, 44.95486 ], [ 3.33712, 44.95581 ], [ 3.28626, 44.92642 ], [ 3.26177, 44.93194 ], [ 3.26744, 44.94257 ], [ 3.24168, 44.93537 ], [ 3.2499, 44.91626 ], [ 3.22668, 44.90977 ], [ 3.23819, 44.88676 ], [ 3.19941, 44.87488 ], [ 3.19173, 44.86235 ], [ 3.1637, 44.87395 ], [ 3.14402, 44.90214 ], [ 3.12815, 44.90365 ], [ 3.12398, 44.88968 ], [ 3.11579, 44.89468 ], [ 3.10265, 44.88599 ], [ 3.11017, 44.86621 ], [ 3.09317, 44.85469 ], [ 3.09922, 44.83311 ], [ 3.07234, 44.83761 ], [ 3.0773, 44.82459 ], [ 3.04649, 44.8016 ], [ 3.04993, 44.78169 ] ] ] } },
{ "type": "Feature", "properties": { "dep_code": "49", "dep_name": "Maine-et-Loire" }, "geometry": { "type": "MultiPolygon", "coordinates": [ [ [ [ -1.04057, 47.5487 ], [ -1.04446, 47.50557 ], [ -1.00636, 47.48804 ], [ -0.96707, 47.49269 ], [ -0.95892, 47.48121 ], [ -0.96826, 47.47016 ], [ -0.94697, 47.42916 ], [ -0.96115, 47.42298 ], [ -0.94824, 47.38551 ], [ -0.97486, 47.37134 ], [ -1.01535, 47.3651 ], [ -1.16579, 47.3665 ], [ -1.18866, 47.35229 ], [ -1.2969, 47.33861 ], [ -1.3542, 47.30415 ], [ -1.29643, 47.30634 ], [ -1.27482, 47.29052 ], [ -1.2781, 47.27073 ], [ -1.25435, 47.24797 ], [ -1.23016, 47.23947 ], [ -1.19802, 47.253 ], [ -1.18118, 47.24085 ], [ -1.18876, 47.22013 ], [ -1.17448, 47.21441 ], [ -1.17843, 47.19362 ], [ -1.16169, 47.17785 ], [ -1.20482, 47.14491 ], [ -1.23888, 47.1372 ], [ -1.22455, 47.11871 ], [ -1.24936, 47.09779 ], [ -1.16965, 47.09331 ], [ -1.1541, 47.07174 ], [ -1.11529, 47.06275 ], [ -1.11736, 47.03995 ], [ -1.14837, 47.02945 ], [ -1.14365, 47.0248 ], [ -1.07429, 47.00848 ], [ -1.06676, 47.01304 ], [ -1.05464, 47.00439 ], [ -1.0163, 47.00356 ], [ -1.00218, 47.02152 ], [ -0.98217, 47.01059 ], [ -0.97762, 47.01885 ], [ -0.9608, 46.99472 ], [ -0.92919, 47.00811 ], [ -0.93523, 47.00234 ], [ -0.90252, 46.99392 ], [ -0.89219, 46.97608 ], [ -0.86066, 46.96889 ], [ -0.84299, 46.99017 ], [ -0.81175, 46.99455 ], [ -0.80847, 46.98672 ], [ -0.78672, 47.00545 ], [ -0.76152, 46.99226 ], [ -0.74298, 46.99201 ], [ -0.74341, 47.00099 ], [ -0.71595, 46.98402 ], [ -0.69666, 46.99487 ], [ -0.68019, 46.98766 ], [ -0.67184, 47.00318 ], [ -0.64576, 46.99207 ], [ -0.59549, 46.99791 ], [ -0.56242, 47.03045 ], [ -0.54234, 47.03253 ], [ -0.55627, 47.0427 ], [ -0.55755, 47.06409 ], [ -0.493, 47.08337 ], [ -0.45949, 47.08195 ], [ -0.48499, 47.06597 ], [ -0.48032, 47.05334 ], [ -0.46108, 47.06881 ], [ -0.42698, 47.07299 ], [ -0.40712, 47.0665 ], [ -0.39616, 47.09164 ], [ -0.35379, 47.09539 ], [ -0.33546, 47.08802 ], [ -0.26262, 47.1057 ], [ -0.26291, 47.09901 ], [ -0.24108, 47.10556 ], [ -0.20614, 47.09317 ], [ -0.18039, 47.10825 ], [ -0.1414, 47.10413 ], [ -0.14014, 47.09782 ], [ -0.1792, 47.07016 ], [ -0.14742, 47.06999 ], [ -0.12879, 47.05442 ], [ -0.1021, 47.06517 ], [ -0.10128, 47.08578 ], [ -0.08591, 47.10101 ], [ -0.0355, 47.08674 ], [ -0.02653, 47.10609 ], [ -0.0411, 47.11369 ], [ -0.01088, 47.1577 ], [ 0.01888, 47.17599 ], [ 0.03626, 47.16005 ], [ 0.05847, 47.16896 ], [ 0.06652, 47.18966 ], [ 0.05358, 47.19932 ], [ 0.0792, 47.21676 ], [ 0.06789, 47.24751 ], [ 0.08955, 47.28215 ], [ 0.0785, 47.28374 ], [ 0.11747, 47.33231 ], [ 0.14745, 47.34599 ], [ 0.14038, 47.3619 ], [ 0.18296, 47.38042 ], [ 0.15346, 47.39876 ], [ 0.1808, 47.4162 ], [ 0.18112, 47.45332 ], [ 0.22001, 47.50189 ], [ 0.22607, 47.52658 ], [ 0.20582, 47.52684 ], [ 0.19335, 47.53912 ], [ 0.21516, 47.57318 ], [ 0.23456, 47.57809 ], [ 0.22437, 47.61248 ], [ 0.20577, 47.60364 ], [ 0.2019, 47.61558 ], [ 0.18573, 47.61655 ], [ 0.18267, 47.59657 ], [ 0.16206, 47.59417 ], [ 0.14836, 47.58128 ], [ 0.11569, 47.60573 ], [ 0.06028, 47.60442 ], [ 0.01372, 47.622 ], [ -0.0045, 47.64771 ], [ -0.02033, 47.6368 ], [ -0.02482, 47.64699 ], [ -0.05466, 47.64849 ], [ -0.07347, 47.66056 ], [ -0.08966, 47.65046 ], [ -0.10167, 47.66208 ], [ -0.11141, 47.63536 ], [ -0.13467, 47.63242 ], [ -0.15875, 47.64684 ], [ -0.19662, 47.64897 ], [ -0.1953, 47.6617 ], [ -0.2202, 47.68962 ], [ -0.17442, 47.71647 ], [ -0.2022, 47.72519 ], [ -0.23472, 47.7034 ], [ -0.28549, 47.71951 ], [ -0.36245, 47.71449 ], [ -0.35665, 47.73061 ], [ -0.37486, 47.73896 ], [ -0.37463, 47.76013 ], [ -0.41584, 47.78094 ], [ -0.40989, 47.76533 ], [ -0.42887, 47.76783 ], [ -0.45355, 47.75636 ], [ -0.48456, 47.7802 ], [ -0.5193, 47.78751 ], [ -0.51955, 47.76412 ], [ -0.53286, 47.75082 ], [ -0.58488, 47.75891 ], [ -0.61082, 47.73569 ], [ -0.65364, 47.7334 ], [ -0.7103, 47.74464 ], [ -0.73533, 47.73742 ], [ -0.74791, 47.73923 ], [ -0.75963, 47.75394 ], [ -0.78338, 47.75019 ], [ -0.81613, 47.77126 ], [ -0.84006, 47.76827 ], [ -0.83948, 47.7523 ], [ -0.89349, 47.76352 ], [ -0.89524, 47.77463 ], [ -0.95226, 47.79659 ], [ -0.9722, 47.78329 ], [ -0.95539, 47.77937 ], [ -0.95171, 47.7667 ], [ -0.98154, 47.76162 ], [ -1.01337, 47.7669 ], [ -1.02235, 47.77827 ], [ -1.03152, 47.7706 ], [ -1.12473, 47.7842 ], [ -1.1403, 47.7749 ], [ -1.1711, 47.77927 ], [ -1.2401, 47.80973 ], [ -1.24991, 47.765 ], [ -1.23384, 47.75642 ], [ -1.24173, 47.74286 ], [ -1.25556, 47.74257 ], [ -1.25544, 47.73116 ], [ -1.21525, 47.7189 ], [ -1.19536, 47.7218 ], [ -1.19499, 47.70803 ], [ -1.18159, 47.7035 ], [ -1.1895, 47.69917 ], [ -1.17492, 47.69514 ], [ -1.18209, 47.66426 ], [ -1.16029, 47.66126 ], [ -1.15748, 47.63556 ], [ -1.1377, 47.61908 ], [ -1.10075, 47.62066 ], [ -1.07128, 47.60458 ], [ -1.01042, 47.59332 ], [ -1.04187, 47.5623 ], [ -1.05556, 47.56532 ], [ -1.05849, 47.55153 ], [ -1.04057, 47.5487 ] ] ], [ [ [ -0.74278, 47.74173 ], [ -0.74062, 47.73957 ], [ -0.74014, 47.74035 ], [ -0.74278, 47.74173 ] ] ] ] } },
{ "type": "Feature", "properties": { "dep_code": "50", "dep_name": "Manche" }, "geometry": { "type": "MultiPolygon", "coordinates": [ [ [ [ -1.83674, 48.87037 ], [ -1.83707, 48.87009 ], [ -1.83649, 48.86966 ], [ -1.83674, 48.87037 ] ] ], [ [ [ -1.84035, 48.87104 ], [ -1.84042, 48.87054 ], [ -1.83936, 48.87075 ], [ -1.84035, 48.87104 ] ] ], [ [ [ -1.83908, 48.87817 ], [ -1.83241, 48.86907 ], [ -1.82151, 48.86862 ], [ -1.8227, 48.87231 ], [ -1.83908, 48.87817 ] ] ], [ [ [ -1.84016, 48.87342 ], [ -1.84021, 48.87379 ], [ -1.84079, 48.87377 ], [ -1.84016, 48.87342 ] ] ], [ [ [ -1.86383, 48.87306 ], [ -1.86385, 48.87297 ], [ -1.86368, 48.87327 ], [ -1.86383, 48.87306 ] ] ], [ [ [ -1.84284, 48.87752 ], [ -1.84187, 48.87619 ], [ -1.84104, 48.87763 ], [ -1.84284, 48.87752 ] ] ], [ [ [ -1.85539, 48.87796 ], [ -1.8557, 48.87816 ], [ -1.85592, 48.87801 ], [ -1.85539, 48.87796 ] ] ], [ [ [ -1.85433, 48.87892 ], [ -1.8531, 48.87767 ], [ -1.8528, 48.87846 ], [ -1.85433, 48.87892 ] ] ], [ [ [ -1.85491, 48.87881 ], [ -1.85532, 48.87912 ], [ -1.85522, 48.8785 ], [ -1.85491, 48.87881 ] ] ], [ [ [ -1.8519, 48.8793 ], [ -1.85188, 48.879 ], [ -1.85135, 48.87905 ], [ -1.8519, 48.8793 ] ] ], [ [ [ -1.86262, 48.88203 ], [ -1.862, 48.8811 ], [ -1.85892, 48.87979 ], [ -1.85992, 48.88122 ], [ -1.86262, 48.88203 ] ] ], [ [ [ -1.83218, 48.88243 ], [ -1.83317, 48.88248 ], [ -1.8322, 48.88182 ], [ -1.83218, 48.88243 ] ] ], [ [ [ -1.84289, 48.88209 ], [ -1.84319, 48.88181 ], [ -1.84182, 48.88152 ], [ -1.84289, 48.88209 ] ] ], [ [ [ -1.86533, 48.88195 ], [ -1.86586, 48.88226 ], [ -1.86658, 48.88181 ], [ -1.86533, 48.88195 ] ] ], [ [ [ -1.8675, 48.88355 ], [ -1.86742, 48.88387 ], [ -1.86795, 48.88389 ], [ -1.8675, 48.88355 ] ] ], [ [ [ -1.86723, 48.88432 ], [ -1.86687, 48.8841 ], [ -1.86643, 48.88489 ], [ -1.86723, 48.88432 ] ] ], [ [ [ -1.84988, 48.8857 ], [ -1.84931, 48.88603 ], [ -1.85006, 48.88611 ], [ -1.84988, 48.8857 ] ] ], [ [ [ -1.84019, 48.88695 ], [ -1.84047, 48.88691 ], [ -1.83991, 48.88673 ], [ -1.84019, 48.88695 ] ] ], [ [ [ -1.83435, 48.89033 ], [ -1.83478, 48.89031 ], [ -1.83351, 48.8895 ], [ -1.83435, 48.89033 ] ] ], [ [ [ -1.84192, 48.89368 ], [ -1.84183, 48.89324 ], [ -1.84153, 48.89333 ], [ -1.84192, 48.89368 ] ] ], [ [ [ -1.83885, 48.89477 ], [ -1.83988, 48.89521 ], [ -1.84011, 48.89505 ], [ -1.83885, 48.89477 ] ] ], [ [ [ -1.92364, 49.66447 ], [ -1.92351, 49.66507 ], [ -1.92426, 49.66514 ], [ -1.92364, 49.66447 ] ] ], [ [ [ -1.91985, 49.66646 ], [ -1.92007, 49.6668 ], [ -1.9203, 49.66672 ], [ -1.91985, 49.66646 ] ] ], [ [ [ -1.93932, 49.67144 ], [ -1.93914, 49.67142 ], [ -1.93904, 49.67176 ], [ -1.93932, 49.67144 ] ] ], [ [ [ -1.94163, 49.6719 ], [ -1.94151, 49.67181 ], [ -1.9412, 49.67198 ], [ -1.94163, 49.6719 ] ] ], [ [ [ -1.91179, 49.72444 ], [ -1.91152, 49.72411 ], [ -1.91137, 49.72438 ], [ -1.91179, 49.72444 ] ] ], [ [ [ -1.91664, 49.72635 ], [ -1.91621, 49.72619 ], [ -1.91581, 49.72632 ], [ -1.91664, 49.72635 ] ] ], [ [ [ -1.94237, 49.72593 ], [ -1.94265, 49.72584 ], [ -1.94243, 49.72569 ], [ -1.94237, 49.72593 ] ] ], [ [ [ -1.80632, 48.8704 ], [ -1.80685, 48.87029 ], [ -1.80599, 48.86969 ], [ -1.80632, 48.8704 ] ] ], [ [ [ -1.80716, 48.87143 ], [ -1.80601, 48.87041 ], [ -1.80564, 48.87052 ], [ -1.80716, 48.87143 ] ] ], [ [ [ -1.80902, 48.87321 ], [ -1.80702, 48.87154 ], [ -1.80726, 48.87256 ], [ -1.80902, 48.87321 ] ] ], [ [ [ -1.81338, 48.8735 ], [ -1.81384, 48.87392 ], [ -1.81399, 48.87367 ], [ -1.81338, 48.8735 ] ] ], [ [ [ -1.81669, 48.87434 ], [ -1.81744, 48.87414 ], [ -1.81728, 48.87397 ], [ -1.81669, 48.87434 ] ] ], [ [ [ -1.79568, 48.87694 ], [ -1.79673, 48.8772 ], [ -1.79666, 48.87666 ], [ -1.79568, 48.87694 ] ] ], [ [ [ -1.80864, 48.87656 ], [ -1.80833, 48.87642 ], [ -1.80811, 48.87681 ], [ -1.80864, 48.87656 ] ] ], [ [ [ -1.80617, 48.87719 ], [ -1.80706, 48.87731 ], [ -1.80655, 48.87665 ], [ -1.80617, 48.87719 ] ] ], [ [ [ -1.82091, 48.8771 ], [ -1.8193, 48.87624 ], [ -1.81897, 48.87653 ], [ -1.82091, 48.8771 ] ] ], [ [ [ -1.81548, 48.87749 ], [ -1.81612, 48.87756 ], [ -1.81527, 48.87683 ], [ -1.81548, 48.87749 ] ] ], [ [ [ -1.80164, 48.87827 ], [ -1.80248, 48.87806 ], [ -1.80116, 48.87754 ], [ -1.80164, 48.87827 ] ] ], [ [ [ -1.79822, 48.87801 ], [ -1.79784, 48.87717 ], [ -1.7953, 48.87832 ], [ -1.79822, 48.87801 ] ] ], [ [ [ -1.80844, 48.87748 ], [ -1.80834, 48.87764 ], [ -1.80918, 48.87796 ], [ -1.80844, 48.87748 ] ] ], [ [ [ -1.8253, 48.87771 ], [ -1.82636, 48.87802 ], [ -1.826, 48.87754 ], [ -1.8253, 48.87771 ] ] ], [ [ [ -1.81801, 48.8787 ], [ -1.81857, 48.87898 ], [ -1.81838, 48.87824 ], [ -1.81801, 48.8787 ] ] ], [ [ [ -1.79839, 48.87998 ], [ -1.79811, 48.87986 ], [ -1.79791, 48.88014 ], [ -1.79839, 48.87998 ] ] ], [ [ [ -1.82068, 48.87903 ], [ -1.82042, 48.87933 ], [ -1.82085, 48.8795 ], [ -1.82068, 48.87903 ] ] ], [ [ [ -1.82804, 48.87913 ], [ -1.82893, 48.87936 ], [ -1.829, 48.87929 ], [ -1.82804, 48.87913 ] ] ], [ [ [ -1.79827, 48.88526 ], [ -1.79856, 48.88539 ], [ -1.79868, 48.88447 ], [ -1.79827, 48.88526 ] ] ], [ [ [ -1.81935, 48.88553 ], [ -1.81929, 48.88511 ], [ -1.81718, 48.88548 ], [ -1.81935, 48.88553 ] ] ], [ [ [ -1.82495, 48.88632 ], [ -1.82387, 48.88547 ], [ -1.82308, 48.88633 ], [ -1.82495, 48.88632 ] ] ], [ [ [ -1.803, 48.8893 ], [ -1.80324, 48.88914 ], [ -1.80142, 48.88911 ], [ -1.803, 48.8893 ] ] ], [ [ [ -1.8028, 48.88983 ], [ -1.80394, 48.89034 ], [ -1.80291, 48.88967 ], [ -1.8028, 48.88983 ] ] ], [ [ [ -1.81297, 48.8939 ], [ -1.81249, 48.89386 ], [ -1.81327, 48.8941 ], [ -1.81297, 48.8939 ] ] ], [ [ [ -1.82289, 48.89513 ], [ -1.82502, 48.89564 ], [ -1.82443, 48.89472 ], [ -1.82289, 48.89513 ] ] ], [ [ [ -1.89432, 49.71804 ], [ -1.89463, 49.7178 ], [ -1.89402, 49.71794 ], [ -1.89432, 49.71804 ] ] ], [ [ [ -1.89394, 49.7186 ], [ -1.89379, 49.71848 ], [ -1.89362, 49.71866 ], [ -1.89394, 49.7186 ] ] ], [ [ [ -1.89384, 49.71955 ], [ -1.89349, 49.71944 ], [ -1.89372, 49.71981 ], [ -1.89384, 49.71955 ] ] ], [ [ [ -1.51409, 48.66066 ], [ -1.51469, 48.65992 ], [ -1.51158, 48.65978 ], [ -1.51409, 48.66066 ] ] ], [ [ [ -1.77274, 48.86965 ], [ -1.77253, 48.86962 ], [ -1.77261, 48.87001 ], [ -1.77274, 48.86965 ] ] ], [ [ [ -1.7696, 48.87113 ], [ -1.77027, 48.87147 ], [ -1.77051, 48.87119 ], [ -1.7696, 48.87113 ] ] ], [ [ [ -1.7709, 48.87316 ], [ -1.77162, 48.87286 ], [ -1.76982, 48.87246 ], [ -1.7709, 48.87316 ] ] ], [ [ [ -1.76736, 48.87298 ], [ -1.7658, 48.87226 ], [ -1.76626, 48.87488 ], [ -1.76736, 48.87298 ] ] ], [ [ [ -1.76994, 48.875 ], [ -1.77022, 48.87487 ], [ -1.76988, 48.87466 ], [ -1.76994, 48.875 ] ] ], [ [ [ -1.77847, 48.87506 ], [ -1.77821, 48.875 ], [ -1.77815, 48.87533 ], [ -1.77847, 48.87506 ] ] ], [ [ [ -1.79317, 48.88372 ], [ -1.79327, 48.88398 ], [ -1.79369, 48.8837 ], [ -1.79317, 48.88372 ] ] ], [ [ [ -1.77978, 48.89178 ], [ -1.77969, 48.8921 ], [ -1.78053, 48.89221 ], [ -1.77978, 48.89178 ] ] ], [ [ [ -1.55405, 48.93174 ], [ -1.55437, 48.93072 ], [ -1.55341, 48.93063 ], [ -1.55405, 48.93174 ] ] ], [ [ [ -1.48616, 49.67131 ], [ -1.53368, 49.65461 ], [ -1.58694, 49.65103 ], [ -1.59996, 49.66059 ], [ -1.60264, 49.64643 ], [ -1.61805, 49.64859 ], [ -1.62026, 49.63924 ], [ -1.61918, 49.64798 ], [ -1.6204, 49.64866 ], [ -1.62223, 49.64885 ], [ -1.62488, 49.64743 ], [ -1.62619, 49.64911 ], [ -1.62832, 49.64758 ], [ -1.63628, 49.65365 ], [ -1.61615, 49.65811 ], [ -1.63331, 49.66027 ], [ -1.67144, 49.65786 ], [ -1.68272, 49.66425 ], [ -1.68015, 49.66954 ], [ -1.68228, 49.66994 ], [ -1.68318, 49.67101 ], [ -1.68533, 49.67131 ], [ -1.68706, 49.67289 ], [ -1.68701, 49.67381 ], [ -1.70148, 49.67004 ], [ -1.71827, 49.67979 ], [ -1.75886, 49.67821 ], [ -1.82323, 49.69017 ], [ -1.85267, 49.71823 ], [ -1.88352, 49.7059 ], [ -1.92187, 49.7267 ], [ -1.94236, 49.72567 ], [ -1.94851, 49.71626 ], [ -1.93597, 49.69154 ], [ -1.94706, 49.67511 ], [ -1.87238, 49.6572 ], [ -1.84997, 49.63138 ], [ -1.8416, 49.57272 ], [ -1.88919, 49.53411 ], [ -1.88163, 49.51909 ], [ -1.84977, 49.50725 ], [ -1.80918, 49.37253 ], [ -1.7898, 49.36982 ], [ -1.78653, 49.37708 ], [ -1.77186, 49.38023 ], [ -1.76404, 49.3712 ], [ -1.78726, 49.37467 ], [ -1.72433, 49.32716 ], [ -1.70107, 49.33374 ], [ -1.71771, 49.33133 ], [ -1.7179, 49.34649 ], [ -1.68698, 49.33051 ], [ -1.69914, 49.32381 ], [ -1.70816, 49.32701 ], [ -1.70764, 49.31755 ], [ -1.68578, 49.28813 ], [ -1.65714, 49.28215 ], [ -1.67446, 49.2795 ], [ -1.67876, 49.28568 ], [ -1.62842, 49.21156 ], [ -1.61642, 49.24014 ], [ -1.56671, 49.22106 ], [ -1.6137, 49.21844 ], [ -1.59187, 49.13457 ], [ -1.61028, 49.09903 ], [ -1.6099, 49.0725 ], [ -1.60847, 49.08264 ], [ -1.5955, 49.06682 ], [ -1.60126, 49.05269 ], [ -1.60682, 49.06941 ], [ -1.59456, 49.02364 ], [ -1.58525, 49.00492 ], [ -1.57784, 48.99868 ], [ -1.56852, 48.99617 ], [ -1.58165, 49.00391 ], [ -1.5601, 49.03832 ], [ -1.5424, 49.04115 ], [ -1.50486, 49.02031 ], [ -1.50857, 49.01882 ], [ -1.53353, 49.03412 ], [ -1.55717, 49.02631 ], [ -1.54859, 48.98975 ], [ -1.5609, 49.00467 ], [ -1.56243, 48.9415 ], [ -1.53975, 48.93227 ], [ -1.54846, 48.89337 ], [ -1.55525, 48.89365 ], [ -1.5627, 48.91409 ], [ -1.55286, 48.93669 ], [ -1.56457, 48.9228 ], [ -1.58243, 48.85298 ], [ -1.61441, 48.83406 ], [ -1.59388, 48.83468 ], [ -1.57425, 48.82145 ], [ -1.5704, 48.74367 ], [ -1.529, 48.72991 ], [ -1.50172, 48.6863 ], [ -1.45008, 48.67044 ], [ -1.44659, 48.65415 ], [ -1.37293, 48.69289 ], [ -1.37424, 48.69126 ], [ -1.37682, 48.69075 ], [ -1.37486, 48.68761 ], [ -1.38745, 48.67238 ], [ -1.39924, 48.66323 ], [ -1.39969, 48.65554 ], [ -1.34527, 48.6329 ], [ -1.3468, 48.63168 ], [ -1.3505, 48.63141 ], [ -1.36409, 48.63453 ], [ -1.39216, 48.64478 ], [ -1.42587, 48.64366 ], [ -1.44971, 48.62299 ], [ -1.48933, 48.61625 ], [ -1.51076, 48.6192 ], [ -1.50609, 48.6275 ], [ -1.51067, 48.637 ], [ -1.51303, 48.63553 ], [ -1.50633, 48.62788 ], [ -1.51085, 48.6201 ], [ -1.51165, 48.61751 ], [ -1.52708, 48.62915 ], [ -1.57086, 48.62624 ], [ -1.53726, 48.59893 ], [ -1.54311, 48.57993 ], [ -1.53163, 48.58093 ], [ -1.51897, 48.56667 ], [ -1.53296, 48.54616 ], [ -1.5157, 48.53758 ], [ -1.48992, 48.48932 ], [ -1.44976, 48.48755 ], [ -1.42934, 48.46228 ], [ -1.38037, 48.45583 ], [ -1.34509, 48.47247 ], [ -1.34932, 48.48207 ], [ -1.33853, 48.49128 ], [ -1.32874, 48.48625 ], [ -1.3263, 48.49896 ], [ -1.27903, 48.50929 ], [ -1.27276, 48.53389 ], [ -1.25179, 48.54378 ], [ -1.23127, 48.53725 ], [ -1.2056, 48.54203 ], [ -1.19289, 48.52881 ], [ -1.1699, 48.53121 ], [ -1.14717, 48.51777 ], [ -1.11723, 48.52172 ], [ -1.07321, 48.50797 ], [ -1.06005, 48.51541 ], [ -1.00346, 48.48912 ], [ -0.97226, 48.49447 ], [ -0.95541, 48.51728 ], [ -0.92353, 48.51332 ], [ -0.90732, 48.49619 ], [ -0.86773, 48.49854 ], [ -0.81391, 48.54526 ], [ -0.77382, 48.56344 ], [ -0.75274, 48.62233 ], [ -0.73839, 48.62241 ], [ -0.7631, 48.63137 ], [ -0.77307, 48.65789 ], [ -0.73507, 48.68605 ], [ -0.79069, 48.70432 ], [ -0.81778, 48.7312 ], [ -0.85018, 48.73119 ], [ -0.85213, 48.74598 ], [ -0.82201, 48.77168 ], [ -0.88251, 48.75619 ], [ -0.89364, 48.76744 ], [ -0.93665, 48.77495 ], [ -0.95129, 48.78919 ], [ -0.96741, 48.7861 ], [ -0.97118, 48.77275 ], [ -0.99133, 48.7782 ], [ -1.01431, 48.77194 ], [ -1.04455, 48.78359 ], [ -1.05883, 48.77345 ], [ -1.10097, 48.78983 ], [ -1.09147, 48.79848 ], [ -1.10246, 48.81427 ], [ -1.15976, 48.82731 ], [ -1.15725, 48.83631 ], [ -1.12152, 48.84826 ], [ -1.09863, 48.87597 ], [ -1.07018, 48.87078 ], [ -1.01356, 48.91523 ], [ -1.02056, 48.92757 ], [ -1.066, 48.92032 ], [ -1.03253, 48.93814 ], [ -1.0044, 48.9356 ], [ -0.98912, 48.95192 ], [ -0.94279, 48.96805 ], [ -0.90515, 49.01157 ], [ -0.863, 49.02646 ], [ -0.86245, 49.03462 ], [ -0.89213, 49.04633 ], [ -0.86935, 49.06763 ], [ -0.87857, 49.11681 ], [ -0.89129, 49.11971 ], [ -0.92492, 49.10153 ], [ -0.91329, 49.11505 ], [ -0.88653, 49.12932 ], [ -0.93328, 49.14608 ], [ -0.94071, 49.15252 ], [ -0.93157, 49.15817 ], [ -0.95854, 49.16137 ], [ -0.94987, 49.16769 ], [ -0.92578, 49.16405 ], [ -0.91599, 49.18453 ], [ -0.90381, 49.18463 ], [ -0.91457, 49.19159 ], [ -0.88697, 49.20178 ], [ -0.90104, 49.20292 ], [ -0.92609, 49.23222 ], [ -0.93119, 49.21661 ], [ -0.94659, 49.21524 ], [ -0.97371, 49.19153 ], [ -1.02393, 49.20359 ], [ -1.03768, 49.22215 ], [ -1.07867, 49.23443 ], [ -1.09775, 49.25524 ], [ -1.136, 49.27049 ], [ -1.12045, 49.28013 ], [ -1.13432, 49.28605 ], [ -1.14041, 49.30999 ], [ -1.11413, 49.32692 ], [ -1.11808, 49.34501 ], [ -1.13865, 49.35839 ], [ -1.17088, 49.3572 ], [ -1.18676, 49.34074 ], [ -1.21293, 49.33106 ], [ -1.22358, 49.3122 ], [ -1.23438, 49.3024 ], [ -1.23326, 49.30679 ], [ -1.22417, 49.31261 ], [ -1.22548, 49.31716 ], [ -1.24546, 49.32579 ], [ -1.23907, 49.3265 ], [ -1.22529, 49.31963 ], [ -1.21388, 49.33159 ], [ -1.18391, 49.3459 ], [ -1.17967, 49.37786 ], [ -1.16222, 49.39155 ], [ -1.17821, 49.42009 ], [ -1.29284, 49.51642 ], [ -1.30727, 49.54106 ], [ -1.2962, 49.58337 ], [ -1.2714, 49.58476 ], [ -1.27265, 49.57083 ], [ -1.26143, 49.58514 ], [ -1.25584, 49.61269 ], [ -1.22894, 49.60578 ], [ -1.23972, 49.6546 ], [ -1.27306, 49.67907 ], [ -1.26535, 49.69697 ], [ -1.28959, 49.6926 ], [ -1.37173, 49.70683 ], [ -1.42068, 49.70488 ], [ -1.45298, 49.69152 ], [ -1.47314, 49.69711 ], [ -1.48616, 49.67131 ] ] ], [ [ [ -1.71099, 49.33944 ], [ -1.71076, 49.34018 ], [ -1.71163, 49.3403 ], [ -1.71099, 49.33944 ] ] ], [ [ [ -1.71365, 49.34125 ], [ -1.71366, 49.34167 ], [ -1.71441, 49.34132 ], [ -1.71365, 49.34125 ] ] ], [ [ [ -1.15508, 49.49237 ], [ -1.15053, 49.49376 ], [ -1.15306, 49.49429 ], [ -1.15508, 49.49237 ] ] ], [ [ [ -1.14674, 49.49699 ], [ -1.14789, 49.49753 ], [ -1.14671, 49.4967 ], [ -1.14674, 49.49699 ] ] ], [ [ [ -1.1467, 49.49708 ], [ -1.14436, 49.49808 ], [ -1.14611, 49.49889 ], [ -1.1467, 49.49708 ] ] ], [ [ [ -1.2736, 49.58186 ], [ -1.27377, 49.5815 ], [ -1.27307, 49.58172 ], [ -1.2736, 49.58186 ] ] ], [ [ [ -1.24226, 49.58405 ], [ -1.24124, 49.58399 ], [ -1.24121, 49.58449 ], [ -1.24226, 49.58405 ] ] ], [ [ [ -1.24871, 49.58791 ], [ -1.24078, 49.58635 ], [ -1.2411, 49.59078 ], [ -1.24871, 49.58791 ] ] ], [ [ [ -1.58061, 49.66917 ], [ -1.5848, 49.67027 ], [ -1.58399, 49.66916 ], [ -1.58316, 49.6697 ], [ -1.58044, 49.66867 ], [ -1.58061, 49.66917 ] ] ], [ [ [ -1.26924, 49.68151 ], [ -1.2689, 49.68163 ], [ -1.26973, 49.68159 ], [ -1.26924, 49.68151 ] ] ], [ [ [ -1.6645, 49.67006 ], [ -1.664, 49.67021 ], [ -1.66475, 49.67072 ], [ -1.6645, 49.67006 ] ] ], [ [ [ -1.64751, 49.67459 ], [ -1.648, 49.67426 ], [ -1.59814, 49.67145 ], [ -1.64751, 49.67459 ] ] ], [ [ [ -1.68671, 49.67362 ], [ -1.67824, 49.66976 ], [ -1.66331, 49.6717 ], [ -1.68671, 49.67362 ] ] ], [ [ [ -1.83614, 49.71027 ], [ -1.83633, 49.71003 ], [ -1.83605, 49.70992 ], [ -1.83614, 49.71027 ] ] ], [ [ [ -1.84052, 49.71254 ], [ -1.84058, 49.71218 ], [ -1.84013, 49.71242 ], [ -1.84052, 49.71254 ] ] ], [ [ [ -1.84305, 49.71373 ], [ -1.84315, 49.71313 ], [ -1.84241, 49.71337 ], [ -1.84305, 49.71373 ] ] ], [ [ [ -1.86427, 49.71803 ], [ -1.86419, 49.71805 ], [ -1.86399, 49.71831 ], [ -1.86427, 49.71803 ] ] ] ] } },
{ "type": "Feature", "properties": { "dep_code": "51", "dep_name": "Marne" }, "geometry": { "type": "Polygon", "coordinates": [ [ [ 3.69748, 49.20664 ], [ 3.70386, 49.18153 ], [ 3.7253, 49.17347 ], [ 3.75128, 49.17778 ], [ 3.74877, 49.15709 ], [ 3.70289, 49.14147 ], [ 3.68555, 49.15443 ], [ 3.62225, 49.15111 ], [ 3.59967, 49.12068 ], [ 3.61204, 49.11829 ], [ 3.63899, 49.0777 ], [ 3.60569, 49.07095 ], [ 3.58771, 49.05939 ], [ 3.58511, 49.04369 ], [ 3.58761, 49.03381 ], [ 3.61598, 49.03318 ], [ 3.65, 49.04301 ], [ 3.67778, 49.01392 ], [ 3.64009, 49.00429 ], [ 3.62107, 48.96608 ], [ 3.59141, 48.96045 ], [ 3.60291, 48.94403 ], [ 3.57485, 48.93951 ], [ 3.57068, 48.91498 ], [ 3.52875, 48.91225 ], [ 3.50295, 48.87141 ], [ 3.48142, 48.86632 ], [ 3.48703, 48.81512 ], [ 3.46989, 48.8211 ], [ 3.44805, 48.81102 ], [ 3.41634, 48.81797 ], [ 3.40531, 48.81029 ], [ 3.4231, 48.80069 ], [ 3.44209, 48.80373 ], [ 3.44281, 48.78586 ], [ 3.42974, 48.77946 ], [ 3.40823, 48.78416 ], [ 3.39593, 48.75929 ], [ 3.40825, 48.75238 ], [ 3.42853, 48.75843 ], [ 3.4385, 48.7391 ], [ 3.46972, 48.73788 ], [ 3.46388, 48.70724 ], [ 3.47779, 48.69788 ], [ 3.44056, 48.66365 ], [ 3.46057, 48.65304 ], [ 3.45086, 48.63468 ], [ 3.49227, 48.64746 ], [ 3.5336, 48.64652 ], [ 3.51929, 48.63308 ], [ 3.54803, 48.62669 ], [ 3.56235, 48.60209 ], [ 3.58054, 48.60464 ], [ 3.58261, 48.58499 ], [ 3.59264, 48.58764 ], [ 3.60466, 48.5727 ], [ 3.62665, 48.57746 ], [ 3.6437, 48.53639 ], [ 3.73415, 48.53922 ], [ 3.83065, 48.51652 ], [ 3.86565, 48.53787 ], [ 3.85424, 48.58032 ], [ 3.89919, 48.57493 ], [ 3.90851, 48.60171 ], [ 3.94925, 48.60321 ], [ 3.9684, 48.63157 ], [ 3.97796, 48.62579 ], [ 3.98472, 48.65338 ], [ 4.00122, 48.66395 ], [ 4.02991, 48.65957 ], [ 4.05811, 48.66624 ], [ 4.07847, 48.7015 ], [ 4.13115, 48.68634 ], [ 4.16521, 48.70775 ], [ 4.23317, 48.70225 ], [ 4.24317, 48.71672 ], [ 4.26398, 48.70597 ], [ 4.29946, 48.71475 ], [ 4.32382, 48.7016 ], [ 4.3343, 48.67506 ], [ 4.31735, 48.65197 ], [ 4.33474, 48.63246 ], [ 4.31499, 48.61643 ], [ 4.42157, 48.55454 ], [ 4.4954, 48.53876 ], [ 4.51089, 48.548 ], [ 4.52862, 48.54055 ], [ 4.52542, 48.52823 ], [ 4.54545, 48.52522 ], [ 4.56918, 48.54855 ], [ 4.63023, 48.5548 ], [ 4.64309, 48.55372 ], [ 4.63806, 48.54162 ], [ 4.67007, 48.53193 ], [ 4.71802, 48.54199 ], [ 4.79115, 48.52836 ], [ 4.79919, 48.53014 ], [ 4.78292, 48.55438 ], [ 4.7965, 48.56795 ], [ 4.77618, 48.56593 ], [ 4.76365, 48.59455 ], [ 4.80404, 48.59662 ], [ 4.82974, 48.61271 ], [ 4.85797, 48.61433 ], [ 4.84204, 48.64965 ], [ 4.77229, 48.65201 ], [ 4.78167, 48.6702 ], [ 4.81705, 48.68053 ], [ 4.86777, 48.6672 ], [ 4.911, 48.68885 ], [ 4.93867, 48.67478 ], [ 4.95058, 48.6893 ], [ 4.98843, 48.68442 ], [ 5.0064, 48.69885 ], [ 4.99726, 48.7096 ], [ 5.01566, 48.70963 ], [ 5.00419, 48.71971 ], [ 5.00922, 48.74139 ], [ 4.98204, 48.74509 ], [ 4.93303, 48.79176 ], [ 4.88839, 48.80077 ], [ 4.89707, 48.80892 ], [ 4.88922, 48.81781 ], [ 4.93694, 48.84267 ], [ 4.91171, 48.86809 ], [ 4.92456, 48.89126 ], [ 4.91243, 48.89858 ], [ 4.95066, 48.93105 ], [ 4.95927, 48.92589 ], [ 5.01349, 48.93714 ], [ 5.03949, 48.97433 ], [ 4.99369, 48.98421 ], [ 5.0393, 48.99758 ], [ 5.03652, 49.02446 ], [ 5.00931, 49.03533 ], [ 4.96532, 49.0217 ], [ 5.0061, 49.05892 ], [ 4.99597, 49.10835 ], [ 4.9397, 49.18511 ], [ 4.99352, 49.21013 ], [ 4.97085, 49.23603 ], [ 4.92144, 49.25157 ], [ 4.93461, 49.25968 ], [ 4.91621, 49.26072 ], [ 4.92392, 49.26681 ], [ 4.89244, 49.25813 ], [ 4.87623, 49.26316 ], [ 4.88334, 49.25679 ], [ 4.86243, 49.24085 ], [ 4.86634, 49.22696 ], [ 4.83095, 49.23356 ], [ 4.81524, 49.25007 ], [ 4.7894, 49.24087 ], [ 4.7447, 49.24148 ], [ 4.72744, 49.25334 ], [ 4.68961, 49.25753 ], [ 4.67035, 49.24127 ], [ 4.63415, 49.23168 ], [ 4.6174, 49.23803 ], [ 4.60863, 49.26932 ], [ 4.59177, 49.27341 ], [ 4.60098, 49.29038 ], [ 4.56811, 49.29668 ], [ 4.51589, 49.28014 ], [ 4.44724, 49.27251 ], [ 4.39637, 49.29215 ], [ 4.37562, 49.32381 ], [ 4.34351, 49.31386 ], [ 4.34388, 49.32367 ], [ 4.30816, 49.32689 ], [ 4.29405, 49.35266 ], [ 4.27695, 49.35171 ], [ 4.2584, 49.36352 ], [ 4.24846, 49.38229 ], [ 4.20111, 49.38384 ], [ 4.19142, 49.40125 ], [ 4.04823, 49.40563 ], [ 4.0358, 49.35989 ], [ 4.01272, 49.3583 ], [ 3.99513, 49.37828 ], [ 3.96148, 49.37734 ], [ 3.92467, 49.40782 ], [ 3.89568, 49.39294 ], [ 3.86998, 49.40681 ], [ 3.82258, 49.40254 ], [ 3.83959, 49.391 ], [ 3.86109, 49.386 ], [ 3.84784, 49.36456 ], [ 3.85284, 49.34497 ], [ 3.82393, 49.3574 ], [ 3.77773, 49.35598 ], [ 3.74081, 49.34761 ], [ 3.74217, 49.33682 ], [ 3.66939, 49.32511 ], [ 3.64394, 49.31271 ], [ 3.63831, 49.30101 ], [ 3.65732, 49.29102 ], [ 3.65161, 49.27836 ], [ 3.66513, 49.26943 ], [ 3.6527, 49.25438 ], [ 3.66067, 49.26016 ], [ 3.67826, 49.23523 ], [ 3.65293, 49.21553 ], [ 3.68038, 49.2059 ], [ 3.6817, 49.1974 ], [ 3.69748, 49.20664 ] ] ] } },
{ "type": "Feature", "properties": { "dep_code": "52", "dep_name": "Haute-Marne" }, "geometry": { "type": "Polygon", "coordinates": [ [ [ 4.83541, 48.16222 ], [ 4.85239, 48.14301 ], [ 4.8286, 48.12908 ], [ 4.83438, 48.10516 ], [ 4.73174, 48.11945 ], [ 4.72415, 48.10624 ], [ 4.70405, 48.10018 ], [ 4.70492, 48.08875 ], [ 4.65762, 48.07918 ], [ 4.69048, 48.07269 ], [ 4.72316, 48.04576 ], [ 4.70495, 48.02724 ], [ 4.71992, 48.00914 ], [ 4.79322, 48.00612 ], [ 4.81059, 47.98865 ], [ 4.79464, 47.98447 ], [ 4.78652, 47.9642 ], [ 4.84519, 47.96125 ], [ 4.85774, 47.95207 ], [ 4.86609, 47.94051 ], [ 4.83121, 47.91786 ], [ 4.83332, 47.90725 ], [ 4.86043, 47.89632 ], [ 4.86923, 47.91773 ], [ 4.90291, 47.92104 ], [ 4.92745, 47.87155 ], [ 4.9541, 47.86677 ], [ 4.96074, 47.83899 ], [ 4.99413, 47.81975 ], [ 4.9824, 47.79979 ], [ 4.91796, 47.77709 ], [ 4.92242, 47.75895 ], [ 4.94601, 47.76653 ], [ 4.95899, 47.76187 ], [ 4.96614, 47.74056 ], [ 4.9568, 47.73245 ], [ 4.97177, 47.73022 ], [ 4.95373, 47.70283 ], [ 4.96909, 47.68583 ], [ 4.99511, 47.68911 ], [ 5.02916, 47.70992 ], [ 5.02878, 47.69328 ], [ 5.06081, 47.69485 ], [ 5.04384, 47.67662 ], [ 5.05342, 47.66838 ], [ 5.07927, 47.66834 ], [ 5.07824, 47.65991 ], [ 5.10152, 47.65958 ], [ 5.12537, 47.64677 ], [ 5.16158, 47.68043 ], [ 5.17844, 47.68098 ], [ 5.17409, 47.65187 ], [ 5.21232, 47.64142 ], [ 5.23694, 47.61677 ], [ 5.25872, 47.62217 ], [ 5.23811, 47.5965 ], [ 5.25623, 47.57655 ], [ 5.32246, 47.61241 ], [ 5.34548, 47.60474 ], [ 5.34198, 47.59471 ], [ 5.35929, 47.59372 ], [ 5.38568, 47.63505 ], [ 5.40574, 47.64687 ], [ 5.40634, 47.6734 ], [ 5.41985, 47.67773 ], [ 5.44392, 47.67057 ], [ 5.48277, 47.68464 ], [ 5.52985, 47.67299 ], [ 5.56759, 47.70737 ], [ 5.58522, 47.70002 ], [ 5.59682, 47.67202 ], [ 5.69112, 47.68472 ], [ 5.68471, 47.7224 ], [ 5.70958, 47.7453 ], [ 5.70753, 47.76755 ], [ 5.68001, 47.77009 ], [ 5.67638, 47.77914 ], [ 5.68997, 47.8193 ], [ 5.742, 47.81943 ], [ 5.75118, 47.82897 ], [ 5.7442, 47.84885 ], [ 5.7612, 47.85934 ], [ 5.79888, 47.85571 ], [ 5.79616, 47.84673 ], [ 5.82843, 47.85193 ], [ 5.82873, 47.85722 ], [ 5.818, 47.85201 ], [ 5.82818, 47.85772 ], [ 5.82064, 47.86911 ], [ 5.84852, 47.90454 ], [ 5.88235, 47.89982 ], [ 5.89094, 47.91061 ], [ 5.88144, 47.93303 ], [ 5.85305, 47.95023 ], [ 5.84583, 47.97569 ], [ 5.83157, 47.95776 ], [ 5.80527, 47.94697 ], [ 5.78728, 47.95259 ], [ 5.77849, 47.97801 ], [ 5.79468, 47.99801 ], [ 5.77682, 48.03364 ], [ 5.7645, 48.02991 ], [ 5.74057, 48.05005 ], [ 5.72083, 48.04419 ], [ 5.69632, 48.07775 ], [ 5.65752, 48.08628 ], [ 5.65593, 48.06913 ], [ 5.62969, 48.08365 ], [ 5.64767, 48.10433 ], [ 5.67147, 48.10843 ], [ 5.65655, 48.12054 ], [ 5.6851, 48.14666 ], [ 5.67964, 48.17929 ], [ 5.70182, 48.19045 ], [ 5.73098, 48.1897 ], [ 5.72972, 48.19831 ], [ 5.68773, 48.23443 ], [ 5.67694, 48.22891 ], [ 5.64153, 48.24175 ], [ 5.65381, 48.26852 ], [ 5.61329, 48.29108 ], [ 5.58843, 48.27376 ], [ 5.53734, 48.31833 ], [ 5.52315, 48.34844 ], [ 5.48069, 48.3567 ], [ 5.42605, 48.33106 ], [ 5.41856, 48.36069 ], [ 5.44288, 48.37938 ], [ 5.39363, 48.39171 ], [ 5.4198, 48.39516 ], [ 5.46835, 48.42377 ], [ 5.45076, 48.42268 ], [ 5.40948, 48.44475 ], [ 5.39817, 48.47393 ], [ 5.35783, 48.47767 ], [ 5.32879, 48.50971 ], [ 5.30602, 48.51616 ], [ 5.29573, 48.50833 ], [ 5.22719, 48.53211 ], [ 5.21225, 48.52879 ], [ 5.16716, 48.56502 ], [ 5.14629, 48.56028 ], [ 5.11828, 48.5845 ], [ 5.11945, 48.59571 ], [ 5.07032, 48.59599 ], [ 5.05369, 48.63393 ], [ 5.03271, 48.61333 ], [ 5.00227, 48.6128 ], [ 4.99479, 48.62185 ], [ 5.00617, 48.63366 ], [ 4.99281, 48.65827 ], [ 5.01105, 48.66783 ], [ 5.00905, 48.67854 ], [ 4.97606, 48.6893 ], [ 4.95058, 48.6893 ], [ 4.93867, 48.67478 ], [ 4.911, 48.68885 ], [ 4.86777, 48.6672 ], [ 4.81705, 48.68053 ], [ 4.78167, 48.6702 ], [ 4.77229, 48.65201 ], [ 4.84204, 48.64965 ], [ 4.85797, 48.61433 ], [ 4.82974, 48.61271 ], [ 4.80404, 48.59662 ], [ 4.76365, 48.59455 ], [ 4.77618, 48.56593 ], [ 4.7965, 48.56795 ], [ 4.78292, 48.55438 ], [ 4.79919, 48.53014 ], [ 4.71802, 48.54199 ], [ 4.67493, 48.53763 ], [ 4.65327, 48.4708 ], [ 4.62661, 48.46797 ], [ 4.67845, 48.44053 ], [ 4.68986, 48.42519 ], [ 4.6803, 48.41707 ], [ 4.70835, 48.40118 ], [ 4.7053, 48.39085 ], [ 4.74732, 48.39239 ], [ 4.76019, 48.38761 ], [ 4.75458, 48.36655 ], [ 4.84004, 48.34197 ], [ 4.81421, 48.32301 ], [ 4.82627, 48.30224 ], [ 4.85084, 48.29625 ], [ 4.84277, 48.28259 ], [ 4.86162, 48.26636 ], [ 4.84469, 48.25743 ], [ 4.83893, 48.23749 ], [ 4.85386, 48.22876 ], [ 4.83523, 48.22118 ], [ 4.86334, 48.2089 ], [ 4.83541, 48.16222 ] ] ] } },
{ "type": "Feature", "properties": { "dep_code": "53", "dep_name": "Mayenne" }, "geometry": { "type": "Polygon", "coordinates": [ [ [ -1.07897, 48.18033 ], [ -1.06032, 48.15022 ], [ -1.04975, 48.09013 ], [ -1.02136, 48.0684 ], [ -1.03498, 48.03354 ], [ -1.01561, 48.0034 ], [ -1.04926, 47.98458 ], [ -1.12519, 47.98676 ], [ -1.12527, 47.97159 ], [ -1.15549, 47.96537 ], [ -1.17603, 47.89753 ], [ -1.19679, 47.88912 ], [ -1.18905, 47.86721 ], [ -1.22292, 47.85242 ], [ -1.21596, 47.83167 ], [ -1.23738, 47.80843 ], [ -1.1711, 47.77927 ], [ -1.1403, 47.7749 ], [ -1.12473, 47.7842 ], [ -1.03152, 47.7706 ], [ -1.02235, 47.77827 ], [ -1.01337, 47.7669 ], [ -0.98154, 47.76162 ], [ -0.95171, 47.7667 ], [ -0.95539, 47.77937 ], [ -0.9722, 47.78329 ], [ -0.95226, 47.79659 ], [ -0.89524, 47.77463 ], [ -0.89349, 47.76352 ], [ -0.83948, 47.7523 ], [ -0.84006, 47.76827 ], [ -0.81613, 47.77126 ], [ -0.78338, 47.75019 ], [ -0.75963, 47.75394 ], [ -0.75903, 47.74501 ], [ -0.73632, 47.73745 ], [ -0.7103, 47.74464 ], [ -0.65364, 47.7334 ], [ -0.61082, 47.73569 ], [ -0.58488, 47.75891 ], [ -0.53286, 47.75082 ], [ -0.51955, 47.76412 ], [ -0.5193, 47.78751 ], [ -0.48456, 47.7802 ], [ -0.45461, 47.75646 ], [ -0.42887, 47.76783 ], [ -0.40989, 47.76533 ], [ -0.41584, 47.78094 ], [ -0.38209, 47.76058 ], [ -0.37532, 47.76791 ], [ -0.38818, 47.80553 ], [ -0.42919, 47.80661 ], [ -0.44806, 47.83237 ], [ -0.4285, 47.85062 ], [ -0.411, 47.84675 ], [ -0.41215, 47.85772 ], [ -0.3706, 47.85907 ], [ -0.38043, 47.86579 ], [ -0.36911, 47.87024 ], [ -0.37316, 47.88459 ], [ -0.41093, 47.89513 ], [ -0.40342, 47.90279 ], [ -0.41305, 47.91605 ], [ -0.4025, 47.9208 ], [ -0.40155, 47.91386 ], [ -0.397, 47.92579 ], [ -0.3773, 47.93276 ], [ -0.32013, 47.93534 ], [ -0.27654, 47.95747 ], [ -0.3025, 47.96577 ], [ -0.30857, 48.00572 ], [ -0.34143, 48.01189 ], [ -0.33323, 48.02759 ], [ -0.34164, 48.04324 ], [ -0.27988, 48.05533 ], [ -0.27212, 48.06522 ], [ -0.23089, 48.0592 ], [ -0.22223, 48.07822 ], [ -0.23743, 48.08294 ], [ -0.23767, 48.09753 ], [ -0.21598, 48.11314 ], [ -0.24683, 48.12767 ], [ -0.23906, 48.13583 ], [ -0.25396, 48.13664 ], [ -0.23781, 48.15318 ], [ -0.25256, 48.15752 ], [ -0.14681, 48.20511 ], [ -0.14465, 48.22409 ], [ -0.16709, 48.26372 ], [ -0.15554, 48.26533 ], [ -0.13802, 48.29656 ], [ -0.15498, 48.31401 ], [ -0.15731, 48.34111 ], [ -0.12225, 48.33827 ], [ -0.13667, 48.36445 ], [ -0.11231, 48.37429 ], [ -0.07793, 48.36893 ], [ -0.05492, 48.38212 ], [ -0.05099, 48.45289 ], [ -0.07066, 48.45842 ], [ -0.07312, 48.45059 ], [ -0.10626, 48.44703 ], [ -0.14673, 48.45643 ], [ -0.15613, 48.49599 ], [ -0.17326, 48.50978 ], [ -0.14437, 48.52773 ], [ -0.20823, 48.56423 ], [ -0.21715, 48.55801 ], [ -0.24264, 48.56799 ], [ -0.26274, 48.54841 ], [ -0.24088, 48.53686 ], [ -0.27484, 48.51791 ], [ -0.27147, 48.50741 ], [ -0.28519, 48.50636 ], [ -0.2881, 48.51936 ], [ -0.3201, 48.52312 ], [ -0.33719, 48.50079 ], [ -0.35593, 48.49571 ], [ -0.35316, 48.48372 ], [ -0.39761, 48.51065 ], [ -0.42344, 48.5068 ], [ -0.44736, 48.51541 ], [ -0.48891, 48.50128 ], [ -0.51009, 48.50902 ], [ -0.55123, 48.47333 ], [ -0.59534, 48.47263 ], [ -0.65108, 48.44395 ], [ -0.66586, 48.48583 ], [ -0.69219, 48.46806 ], [ -0.70532, 48.47569 ], [ -0.71412, 48.46918 ], [ -0.73084, 48.47318 ], [ -0.73595, 48.46135 ], [ -0.71488, 48.44904 ], [ -0.75908, 48.43616 ], [ -0.77979, 48.44606 ], [ -0.77789, 48.46553 ], [ -0.79676, 48.4662 ], [ -0.81326, 48.45529 ], [ -0.81473, 48.47215 ], [ -0.84657, 48.49965 ], [ -0.90732, 48.49619 ], [ -0.92353, 48.51332 ], [ -0.95541, 48.51728 ], [ -0.97226, 48.49447 ], [ -1.00346, 48.48912 ], [ -1.06121, 48.51558 ], [ -1.07858, 48.49029 ], [ -1.06523, 48.45142 ], [ -1.08359, 48.43367 ], [ -1.05353, 48.38276 ], [ -1.06508, 48.36731 ], [ -1.04509, 48.32781 ], [ -1.09039, 48.28945 ], [ -1.10203, 48.26286 ], [ -1.08054, 48.21953 ], [ -1.08727, 48.20925 ], [ -1.07381, 48.20083 ], [ -1.07897, 48.18033 ] ], [ [ -0.7408, 47.74228 ], [ -0.74018, 47.7397 ], [ -0.74208, 47.74 ], [ -0.7408, 47.74228 ] ] ] } },
{ "type": "Feature", "properties": { "dep_code": "54", "dep_name": "Meurthe-et-Moselle" }, "geometry": { "type": "MultiPolygon", "coordinates": [ [ [ [ 5.72293, 49.24519 ], [ 5.74056, 49.23018 ], [ 5.71874, 49.21618 ], [ 5.72513, 49.19564 ], [ 5.76567, 49.19777 ], [ 5.74437, 49.15661 ], [ 5.77226, 49.14004 ], [ 5.75377, 49.13394 ], [ 5.74846, 49.12095 ], [ 5.77248, 49.10548 ], [ 5.78446, 49.11288 ], [ 5.82189, 49.10874 ], [ 5.82683, 49.08995 ], [ 5.80507, 49.06489 ], [ 5.83606, 49.06606 ], [ 5.85421, 49.04204 ], [ 5.8295, 49.03167 ], [ 5.81347, 49.00491 ], [ 5.82828, 49.00649 ], [ 5.80058, 48.98623 ], [ 5.83454, 48.97567 ], [ 5.84881, 48.9532 ], [ 5.83178, 48.94389 ], [ 5.80024, 48.94675 ], [ 5.77879, 48.92519 ], [ 5.74702, 48.91611 ], [ 5.7906, 48.88613 ], [ 5.76412, 48.87276 ], [ 5.78168, 48.82825 ], [ 5.75711, 48.80038 ], [ 5.77755, 48.79576 ], [ 5.73682, 48.77051 ], [ 5.74199, 48.75282 ], [ 5.71394, 48.74454 ], [ 5.76487, 48.70148 ], [ 5.74286, 48.6526 ], [ 5.75854, 48.62116 ], [ 5.80361, 48.6252 ], [ 5.79114, 48.60768 ], [ 5.7618, 48.60946 ], [ 5.71742, 48.59157 ], [ 5.71348, 48.56508 ], [ 5.77654, 48.54104 ], [ 5.7616, 48.51243 ], [ 5.76517, 48.49654 ], [ 5.78656, 48.48273 ], [ 5.84599, 48.50713 ], [ 5.9065, 48.49516 ], [ 5.88558, 48.46915 ], [ 5.89889, 48.44657 ], [ 5.85538, 48.40937 ], [ 5.87415, 48.40062 ], [ 5.89519, 48.40525 ], [ 5.90929, 48.42928 ], [ 5.89777, 48.43638 ], [ 5.93136, 48.43417 ], [ 5.9249, 48.42182 ], [ 5.91532, 48.42779 ], [ 5.90726, 48.41935 ], [ 5.90479, 48.4003 ], [ 5.91852, 48.40534 ], [ 5.9277, 48.39386 ], [ 5.93402, 48.40359 ], [ 5.94951, 48.39651 ], [ 5.94485, 48.37571 ], [ 5.96045, 48.36472 ], [ 5.95924, 48.35042 ], [ 5.98061, 48.349 ], [ 6.00363, 48.36319 ], [ 6.02263, 48.35646 ], [ 6.04859, 48.36615 ], [ 6.07147, 48.35981 ], [ 6.07985, 48.36908 ], [ 6.06907, 48.37529 ], [ 6.08719, 48.38383 ], [ 6.09274, 48.36106 ], [ 6.11673, 48.35404 ], [ 6.15244, 48.38143 ], [ 6.15011, 48.40949 ], [ 6.17349, 48.40555 ], [ 6.18203, 48.41201 ], [ 6.17846, 48.39761 ], [ 6.1909, 48.39542 ], [ 6.23334, 48.39711 ], [ 6.29563, 48.43475 ], [ 6.30737, 48.41165 ], [ 6.33014, 48.40514 ], [ 6.35834, 48.40454 ], [ 6.38312, 48.41543 ], [ 6.38167, 48.40627 ], [ 6.3929, 48.40875 ], [ 6.38856, 48.39086 ], [ 6.41198, 48.39203 ], [ 6.4355, 48.41279 ], [ 6.50057, 48.41423 ], [ 6.53421, 48.43168 ], [ 6.57612, 48.41442 ], [ 6.58405, 48.41729 ], [ 6.56721, 48.4409 ], [ 6.5842, 48.46043 ], [ 6.62314, 48.47312 ], [ 6.63878, 48.46394 ], [ 6.645, 48.42707 ], [ 6.68279, 48.42455 ], [ 6.6995, 48.41308 ], [ 6.71352, 48.42278 ], [ 6.7387, 48.41084 ], [ 6.76497, 48.41191 ], [ 6.76726, 48.39921 ], [ 6.789, 48.40228 ], [ 6.78298, 48.38923 ], [ 6.79387, 48.40341 ], [ 6.81508, 48.39497 ], [ 6.82795, 48.41647 ], [ 6.86437, 48.43677 ], [ 6.87028, 48.42047 ], [ 6.89169, 48.4176 ], [ 6.97979, 48.47844 ], [ 7.00911, 48.48134 ], [ 7.09399, 48.513 ], [ 7.1232, 48.51364 ], [ 7.10344, 48.51926 ], [ 7.08072, 48.51263 ], [ 7.06473, 48.52378 ], [ 7.07963, 48.53662 ], [ 7.05646, 48.53915 ], [ 7.08412, 48.54541 ], [ 7.05386, 48.55191 ], [ 7.03415, 48.58055 ], [ 6.99332, 48.59357 ], [ 7.01681, 48.60457 ], [ 7.00996, 48.61151 ], [ 6.95091, 48.61091 ], [ 6.93027, 48.63559 ], [ 6.91138, 48.62056 ], [ 6.85312, 48.62128 ], [ 6.8344, 48.64376 ], [ 6.78249, 48.64272 ], [ 6.77717, 48.65399 ], [ 6.76414, 48.65198 ], [ 6.75991, 48.66992 ], [ 6.72748, 48.66417 ], [ 6.69222, 48.67307 ], [ 6.68564, 48.68577 ], [ 6.66816, 48.66728 ], [ 6.67679, 48.689 ], [ 6.66195, 48.70604 ], [ 6.63875, 48.70113 ], [ 6.62599, 48.71319 ], [ 6.59909, 48.7157 ], [ 6.5624, 48.75648 ], [ 6.50519, 48.74737 ], [ 6.51199, 48.75456 ], [ 6.48844, 48.7664 ], [ 6.45342, 48.76608 ], [ 6.45264, 48.77993 ], [ 6.43314, 48.78913 ], [ 6.39545, 48.77465 ], [ 6.37085, 48.78478 ], [ 6.35761, 48.77908 ], [ 6.34556, 48.80423 ], [ 6.35622, 48.81156 ], [ 6.33865, 48.81113 ], [ 6.33188, 48.82332 ], [ 6.3012, 48.82373 ], [ 6.31727, 48.83069 ], [ 6.33415, 48.82577 ], [ 6.3395, 48.83371 ], [ 6.3062, 48.83329 ], [ 6.28412, 48.84647 ], [ 6.30014, 48.85241 ], [ 6.29786, 48.86693 ], [ 6.31232, 48.86506 ], [ 6.2973, 48.88258 ], [ 6.32842, 48.90022 ], [ 6.31134, 48.92109 ], [ 6.28833, 48.9163 ], [ 6.28774, 48.92778 ], [ 6.27124, 48.93331 ], [ 6.2416, 48.92358 ], [ 6.22418, 48.92713 ], [ 6.22242, 48.9389 ], [ 6.17656, 48.93466 ], [ 6.1724, 48.94428 ], [ 6.13252, 48.93449 ], [ 6.11723, 48.96775 ], [ 6.08154, 48.96307 ], [ 6.07324, 48.98139 ], [ 6.04631, 48.97641 ], [ 6.03128, 48.9843 ], [ 6.02941, 48.98997 ], [ 6.04492, 48.98305 ], [ 6.04463, 49.01387 ], [ 6.02039, 49.02342 ], [ 6.01494, 49.03729 ], [ 5.95809, 49.04733 ], [ 5.95097, 49.06483 ], [ 5.93549, 49.06995 ], [ 5.94047, 49.08647 ], [ 5.92487, 49.09221 ], [ 5.93148, 49.10924 ], [ 5.99957, 49.10828 ], [ 6.00577, 49.11316 ], [ 5.98599, 49.12806 ], [ 5.99724, 49.13472 ], [ 5.98153, 49.14447 ], [ 5.99706, 49.14878 ], [ 5.98911, 49.15499 ], [ 6.00982, 49.1528 ], [ 6.03295, 49.16534 ], [ 5.97852, 49.19461 ], [ 5.98425, 49.20757 ], [ 6.00324, 49.20907 ], [ 6.03074, 49.23277 ], [ 6.03237, 49.25104 ], [ 6.00571, 49.25666 ], [ 6.00572, 49.31008 ], [ 5.99717, 49.3142 ], [ 5.98594, 49.30527 ], [ 5.94675, 49.32568 ], [ 5.94488, 49.34197 ], [ 5.97839, 49.34468 ], [ 5.92486, 49.37311 ], [ 5.93589, 49.37922 ], [ 5.9332, 49.39589 ], [ 5.91112, 49.4073 ], [ 5.94254, 49.43021 ], [ 5.93051, 49.44657 ], [ 5.94288, 49.45187 ], [ 5.93172, 49.47154 ], [ 5.94134, 49.47567 ], [ 5.92932, 49.48546 ], [ 5.89769, 49.48073 ], [ 5.89344, 49.49681 ], [ 5.86626, 49.49991 ], [ 5.83614, 49.51987 ], [ 5.84581, 49.5299 ], [ 5.83708, 49.54258 ], [ 5.81716, 49.53702 ], [ 5.80813, 49.54256 ], [ 5.81587, 49.54852 ], [ 5.77445, 49.5632 ], [ 5.75832, 49.5614 ], [ 5.75771, 49.54297 ], [ 5.74677, 49.53937 ], [ 5.64332, 49.5506 ], [ 5.61564, 49.52721 ], [ 5.61106, 49.50598 ], [ 5.59129, 49.52294 ], [ 5.55659, 49.52925 ], [ 5.54109, 49.51521 ], [ 5.48385, 49.50742 ], [ 5.47007, 49.49687 ], [ 5.48274, 49.49459 ], [ 5.47852, 49.48688 ], [ 5.46359, 49.482 ], [ 5.47091, 49.46074 ], [ 5.46093, 49.45344 ], [ 5.4872, 49.44801 ], [ 5.47171, 49.42709 ], [ 5.50801, 49.42133 ], [ 5.49711, 49.40763 ], [ 5.44681, 49.40399 ], [ 5.47594, 49.3969 ], [ 5.48099, 49.38239 ], [ 5.49964, 49.40877 ], [ 5.52955, 49.40612 ], [ 5.57037, 49.42337 ], [ 5.60828, 49.41789 ], [ 5.63356, 49.43783 ], [ 5.67965, 49.41447 ], [ 5.69144, 49.41652 ], [ 5.68689, 49.39373 ], [ 5.70763, 49.38407 ], [ 5.71223, 49.36345 ], [ 5.73916, 49.35433 ], [ 5.72141, 49.32433 ], [ 5.7336, 49.31011 ], [ 5.76318, 49.31686 ], [ 5.76912, 49.30363 ], [ 5.76182, 49.2789 ], [ 5.7251, 49.26973 ], [ 5.72293, 49.24519 ] ] ], [ [ [ 5.47122, 49.41285 ], [ 5.47155, 49.41988 ], [ 5.45231, 49.41241 ], [ 5.47122, 49.41285 ] ] ], [ [ [ 5.43215, 49.48928 ], [ 5.4548, 49.48103 ], [ 5.47248, 49.48571 ], [ 5.44223, 49.50381 ], [ 5.43215, 49.48928 ] ] ] ] } },
{ "type": "Feature", "properties": { "dep_code": "55", "dep_name": "Meuse" }, "geometry": { "type": "Polygon", "coordinates": [ [ [ 5.0043, 49.06222 ], [ 4.96532, 49.0217 ], [ 5.00931, 49.03533 ], [ 5.03652, 49.02446 ], [ 5.0393, 48.99758 ], [ 4.99369, 48.98421 ], [ 5.03877, 48.97527 ], [ 5.03095, 48.95432 ], [ 5.01297, 48.93684 ], [ 4.95927, 48.92589 ], [ 4.95066, 48.93105 ], [ 4.91623, 48.90288 ], [ 4.92456, 48.89126 ], [ 4.91171, 48.86809 ], [ 4.93694, 48.84267 ], [ 4.88922, 48.81781 ], [ 4.89707, 48.80892 ], [ 4.88839, 48.80077 ], [ 4.93303, 48.79176 ], [ 4.98204, 48.74509 ], [ 5.00922, 48.74139 ], [ 5.00419, 48.71971 ], [ 5.01566, 48.70963 ], [ 4.99726, 48.7096 ], [ 5.0064, 48.69885 ], [ 4.98843, 48.68442 ], [ 5.00746, 48.68004 ], [ 5.01105, 48.66783 ], [ 4.99281, 48.65827 ], [ 5.00617, 48.63366 ], [ 4.99936, 48.61473 ], [ 5.03271, 48.61333 ], [ 5.05369, 48.63393 ], [ 5.07032, 48.59599 ], [ 5.11945, 48.59571 ], [ 5.11828, 48.5845 ], [ 5.14629, 48.56028 ], [ 5.16716, 48.56502 ], [ 5.21225, 48.52879 ], [ 5.22719, 48.53211 ], [ 5.29573, 48.50833 ], [ 5.30602, 48.51616 ], [ 5.32879, 48.50971 ], [ 5.35783, 48.47767 ], [ 5.39817, 48.47393 ], [ 5.40948, 48.44475 ], [ 5.45076, 48.42268 ], [ 5.46466, 48.42535 ], [ 5.50272, 48.40919 ], [ 5.5139, 48.4108 ], [ 5.51583, 48.43105 ], [ 5.56082, 48.44147 ], [ 5.57669, 48.43222 ], [ 5.58861, 48.44234 ], [ 5.60906, 48.4426 ], [ 5.62149, 48.42599 ], [ 5.61847, 48.44302 ], [ 5.65347, 48.45861 ], [ 5.64224, 48.47244 ], [ 5.71341, 48.46038 ], [ 5.74024, 48.46587 ], [ 5.76517, 48.49654 ], [ 5.76119, 48.52402 ], [ 5.77654, 48.54104 ], [ 5.71536, 48.56183 ], [ 5.71496, 48.58875 ], [ 5.7618, 48.60946 ], [ 5.79114, 48.60768 ], [ 5.80361, 48.6252 ], [ 5.75854, 48.62116 ], [ 5.74286, 48.6526 ], [ 5.76487, 48.70148 ], [ 5.71394, 48.74454 ], [ 5.74199, 48.75282 ], [ 5.73682, 48.77051 ], [ 5.77755, 48.79576 ], [ 5.75711, 48.80038 ], [ 5.78168, 48.82825 ], [ 5.76412, 48.87276 ], [ 5.7906, 48.88613 ], [ 5.74682, 48.91568 ], [ 5.77879, 48.92519 ], [ 5.80024, 48.94675 ], [ 5.83178, 48.94389 ], [ 5.84881, 48.9532 ], [ 5.83454, 48.97567 ], [ 5.80058, 48.98623 ], [ 5.82828, 49.00649 ], [ 5.81347, 49.00491 ], [ 5.8295, 49.03167 ], [ 5.85398, 49.04313 ], [ 5.83606, 49.06606 ], [ 5.80507, 49.06489 ], [ 5.82683, 49.08995 ], [ 5.82189, 49.10874 ], [ 5.78446, 49.11288 ], [ 5.77248, 49.10548 ], [ 5.74804, 49.12187 ], [ 5.77226, 49.14004 ], [ 5.74437, 49.15661 ], [ 5.76567, 49.19777 ], [ 5.72513, 49.19564 ], [ 5.71874, 49.21618 ], [ 5.74056, 49.23018 ], [ 5.72096, 49.24778 ], [ 5.72281, 49.26442 ], [ 5.76182, 49.2789 ], [ 5.76912, 49.30363 ], [ 5.76318, 49.31686 ], [ 5.7336, 49.31011 ], [ 5.72141, 49.32433 ], [ 5.73916, 49.35433 ], [ 5.71223, 49.36345 ], [ 5.70763, 49.38407 ], [ 5.68689, 49.39373 ], [ 5.69268, 49.41553 ], [ 5.63356, 49.43783 ], [ 5.60828, 49.41789 ], [ 5.57037, 49.42337 ], [ 5.52955, 49.40612 ], [ 5.49964, 49.40877 ], [ 5.48099, 49.38239 ], [ 5.47594, 49.3969 ], [ 5.44799, 49.40189 ], [ 5.47312, 49.41075 ], [ 5.47603, 49.40349 ], [ 5.49711, 49.40763 ], [ 5.50801, 49.42133 ], [ 5.47171, 49.42709 ], [ 5.4872, 49.44801 ], [ 5.46093, 49.45344 ], [ 5.47091, 49.46074 ], [ 5.46359, 49.482 ], [ 5.47385, 49.48271 ], [ 5.48274, 49.49459 ], [ 5.4475, 49.51794 ], [ 5.46705, 49.52589 ], [ 5.46534, 49.53893 ], [ 5.44139, 49.55228 ], [ 5.45703, 49.56698 ], [ 5.43765, 49.56992 ], [ 5.42843, 49.59607 ], [ 5.39507, 49.61684 ], [ 5.37677, 49.59234 ], [ 5.35198, 49.58839 ], [ 5.34087, 49.59502 ], [ 5.3125, 49.55939 ], [ 5.2851, 49.55338 ], [ 5.27516, 49.54216 ], [ 5.25875, 49.54352 ], [ 5.23591, 49.56914 ], [ 5.20844, 49.57431 ], [ 5.16262, 49.56196 ], [ 5.14423, 49.591 ], [ 5.11305, 49.59232 ], [ 5.10758, 49.58478 ], [ 5.11329, 49.56067 ], [ 5.09633, 49.55784 ], [ 5.08821, 49.54485 ], [ 5.09917, 49.53106 ], [ 5.05905, 49.50062 ], [ 5.08394, 49.48399 ], [ 5.09508, 49.45965 ], [ 5.11179, 49.45762 ], [ 5.10049, 49.44092 ], [ 5.11542, 49.41935 ], [ 5.07694, 49.40339 ], [ 5.10445, 49.39018 ], [ 5.10158, 49.37838 ], [ 5.08907, 49.36995 ], [ 5.06045, 49.37177 ], [ 5.02624, 49.3365 ], [ 5.03805, 49.31613 ], [ 5.02543, 49.31049 ], [ 5.05928, 49.29002 ], [ 5.05075, 49.27396 ], [ 4.9966, 49.26423 ], [ 4.95082, 49.23698 ], [ 4.97085, 49.23603 ], [ 4.99352, 49.21013 ], [ 4.9397, 49.18511 ], [ 4.99597, 49.10835 ], [ 5.0043, 49.06222 ] ], [ [ 5.47155, 49.41988 ], [ 5.47122, 49.41285 ], [ 5.45164, 49.40652 ], [ 5.47155, 49.41988 ] ], [ [ 5.42613, 49.4861 ], [ 5.44223, 49.50381 ], [ 5.47248, 49.48571 ], [ 5.4548, 49.48103 ], [ 5.42613, 49.4861 ] ] ] } },
{ "type": "Feature", "properties": { "dep_code": "56", "dep_name": "Morbihan" }, "geometry": { "type": "MultiPolygon", "coordinates": [ [ [ [ -3.24215, 47.30624 ], [ -3.24226, 47.30637 ], [ -3.24259, 47.30632 ], [ -3.24215, 47.30624 ] ] ], [ [ [ -3.2487, 47.31209 ], [ -3.24833, 47.31015 ], [ -3.24708, 47.30966 ], [ -3.24696, 47.31035 ], [ -3.2487, 47.31209 ] ] ], [ [ [ -3.25152, 47.3112 ], [ -3.24898, 47.31006 ], [ -3.24894, 47.31094 ], [ -3.25152, 47.3112 ] ] ], [ [ [ -3.2517, 47.3109 ], [ -3.25172, 47.31137 ], [ -3.25187, 47.31141 ], [ -3.2517, 47.3109 ] ] ], [ [ [ -3.24738, 47.31262 ], [ -3.24655, 47.31269 ], [ -3.24767, 47.31269 ], [ -3.24738, 47.31262 ] ] ], [ [ [ -3.24935, 47.31284 ], [ -3.25034, 47.31403 ], [ -3.25104, 47.31407 ], [ -3.25005, 47.31349 ], [ -3.24935, 47.31284 ] ] ], [ [ [ -3.2465, 47.31614 ], [ -3.24678, 47.31621 ], [ -3.24705, 47.31583 ], [ -3.2465, 47.31614 ] ] ], [ [ [ -3.245, 47.3173 ], [ -3.24455, 47.31697 ], [ -3.24456, 47.3173 ], [ -3.245, 47.3173 ] ] ], [ [ [ -3.24499, 47.31924 ], [ -3.24471, 47.3195 ], [ -3.24513, 47.31947 ], [ -3.24499, 47.31924 ] ] ], [ [ [ -3.24307, 47.32223 ], [ -3.2427, 47.32234 ], [ -3.24263, 47.32249 ], [ -3.24284, 47.32248 ], [ -3.24307, 47.32223 ] ] ], [ [ [ -3.24387, 47.329 ], [ -3.24342, 47.32929 ], [ -3.24436, 47.32935 ], [ -3.24387, 47.329 ] ] ], [ [ [ -3.25413, 47.33659 ], [ -3.25424, 47.33637 ], [ -3.25394, 47.3363 ], [ -3.25413, 47.33659 ] ] ], [ [ [ -3.25578, 47.33973 ], [ -3.25608, 47.33926 ], [ -3.25522, 47.33877 ], [ -3.25578, 47.33973 ] ] ], [ [ [ -3.25995, 47.35098 ], [ -3.25979, 47.35137 ], [ -3.26045, 47.35108 ], [ -3.25995, 47.35098 ] ] ], [ [ [ -3.26314, 47.35996 ], [ -3.26344, 47.36021 ], [ -3.26417, 47.36007 ], [ -3.26314, 47.35996 ] ] ], [ [ [ -3.26129, 47.36574 ], [ -3.26058, 47.36572 ], [ -3.26096, 47.36582 ], [ -3.26129, 47.36574 ] ] ], [ [ [ -3.2613, 47.36621 ], [ -3.2615, 47.36613 ], [ -3.26151, 47.36601 ], [ -3.2613, 47.36621 ] ] ], [ [ [ -3.26247, 47.36732 ], [ -3.26302, 47.36725 ], [ -3.2633, 47.36667 ], [ -3.26247, 47.36732 ] ] ], [ [ [ -3.26173, 47.36747 ], [ -3.26201, 47.36748 ], [ -3.26198, 47.36684 ], [ -3.26173, 47.36747 ] ] ], [ [ [ -3.2635, 47.36685 ], [ -3.26309, 47.36735 ], [ -3.26325, 47.36737 ], [ -3.2635, 47.36685 ] ] ], [ [ [ -3.25345, 47.37674 ], [ -3.25339, 47.37703 ], [ -3.25394, 47.377 ], [ -3.25345, 47.37674 ] ] ], [ [ [ -3.25095, 47.38031 ], [ -3.25164, 47.38063 ], [ -3.25181, 47.38005 ], [ -3.25095, 47.38031 ] ] ], [ [ [ -3.24924, 47.38204 ], [ -3.24905, 47.38232 ], [ -3.24939, 47.38225 ], [ -3.24924, 47.38204 ] ] ], [ [ [ -3.25054, 47.38418 ], [ -3.25047, 47.38387 ], [ -3.24972, 47.38449 ], [ -3.25054, 47.38418 ] ] ], [ [ [ -3.25043, 47.38603 ], [ -3.25027, 47.38577 ], [ -3.24981, 47.38603 ], [ -3.25043, 47.38603 ] ] ], [ [ [ -3.25062, 47.38698 ], [ -3.25169, 47.38649 ], [ -3.25085, 47.38619 ], [ -3.25062, 47.38698 ] ] ], [ [ [ -3.25377, 47.38797 ], [ -3.25378, 47.38758 ], [ -3.25353, 47.3877 ], [ -3.25377, 47.38797 ] ] ], [ [ [ -3.25141, 47.38683 ], [ -3.24866, 47.38885 ], [ -3.25281, 47.39011 ], [ -3.25141, 47.38683 ] ] ], [ [ [ -3.25257, 47.39031 ], [ -3.2517, 47.39005 ], [ -3.25184, 47.3905 ], [ -3.25257, 47.39031 ] ] ], [ [ [ -3.44267, 47.62292 ], [ -3.44315, 47.62335 ], [ -3.4433, 47.62243 ], [ -3.44267, 47.62292 ] ] ], [ [ [ -3.44266, 47.62388 ], [ -3.44277, 47.62411 ], [ -3.44269, 47.62313 ], [ -3.44266, 47.62388 ] ] ], [ [ [ -3.48643, 47.62906 ], [ -3.48655, 47.62899 ], [ -3.48642, 47.62868 ], [ -3.48643, 47.62906 ] ] ], [ [ [ -3.51393, 47.64828 ], [ -3.46329, 47.62032 ], [ -3.43871, 47.62861 ], [ -3.42294, 47.61988 ], [ -3.41805, 47.62556 ], [ -3.41661, 47.63436 ], [ -3.43572, 47.64461 ], [ -3.49693, 47.65405 ], [ -3.51393, 47.64828 ] ] ], [ [ [ -3.50524, 47.63811 ], [ -3.50513, 47.63812 ], [ -3.50525, 47.63833 ], [ -3.50524, 47.63811 ] ] ], [ [ [ -3.29871, 47.70082 ], [ -3.29564, 47.69973 ], [ -3.29448, 47.69988 ], [ -3.29871, 47.70082 ] ] ], [ [ [ -3.30818, 47.70258 ], [ -3.31067, 47.70358 ], [ -3.31076, 47.7025 ], [ -3.30818, 47.70258 ] ] ], [ [ [ -3.31287, 47.70514 ], [ -3.31723, 47.70506 ], [ -3.31653, 47.7033 ], [ -3.31287, 47.70514 ] ] ], [ [ [ -3.35787, 47.70268 ], [ -3.35851, 47.70266 ], [ -3.35833, 47.70228 ], [ -3.35787, 47.70268 ] ] ], [ [ [ -3.36286, 47.70948 ], [ -3.36216, 47.70941 ], [ -3.36241, 47.70988 ], [ -3.36286, 47.70948 ] ] ], [ [ [ -3.36345, 47.70921 ], [ -3.36231, 47.7103 ], [ -3.36446, 47.71133 ], [ -3.36345, 47.70921 ] ] ], [ [ [ -3.35999, 47.72497 ], [ -3.35892, 47.72423 ], [ -3.35669, 47.72657 ], [ -3.35999, 47.72497 ] ] ], [ [ [ -3.50499, 47.73427 ], [ -3.50509, 47.73437 ], [ -3.50564, 47.7337 ], [ -3.50499, 47.73427 ] ] ], [ [ [ -3.50431, 47.73532 ], [ -3.50555, 47.73542 ], [ -3.50513, 47.73454 ], [ -3.50431, 47.73532 ] ] ], [ [ [ -3.15571, 47.29313 ], [ -3.15518, 47.29308 ], [ -3.15525, 47.29318 ], [ -3.15571, 47.29313 ] ] ], [ [ [ -3.21337, 47.29138 ], [ -3.21385, 47.29185 ], [ -3.21392, 47.2918 ], [ -3.21337, 47.29138 ] ] ], [ [ [ -3.19611, 47.29336 ], [ -3.19738, 47.29291 ], [ -3.19526, 47.29179 ], [ -3.19611, 47.29336 ] ] ], [ [ [ -3.21415, 47.29189 ], [ -3.21394, 47.29214 ], [ -3.2142, 47.29228 ], [ -3.21415, 47.29189 ] ] ], [ [ [ -3.21732, 47.29318 ], [ -3.219, 47.29344 ], [ -3.21928, 47.29302 ], [ -3.21732, 47.29318 ] ] ], [ [ [ -3.18371, 47.2952 ], [ -3.18383, 47.29511 ], [ -3.18337, 47.29497 ], [ -3.18371, 47.2952 ] ] ], [ [ [ -3.21636, 47.29359 ], [ -3.21612, 47.2934 ], [ -3.21616, 47.29379 ], [ -3.21636, 47.29359 ] ] ], [ [ [ -3.21364, 47.29405 ], [ -3.21356, 47.29381 ], [ -3.21343, 47.29373 ], [ -3.21364, 47.29405 ] ] ], [ [ [ -3.21992, 47.29379 ], [ -3.22011, 47.29365 ], [ -3.21963, 47.29361 ], [ -3.21992, 47.29379 ] ] ], [ [ [ -3.16708, 47.2979 ], [ -3.16667, 47.29765 ], [ -3.16682, 47.29803 ], [ -3.16708, 47.2979 ] ] ], [ [ [ -3.22516, 47.29544 ], [ -3.22638, 47.29506 ], [ -3.22463, 47.29486 ], [ -3.22516, 47.29544 ] ] ], [ [ [ -3.22789, 47.29657 ], [ -3.22842, 47.29603 ], [ -3.22657, 47.29541 ], [ -3.22789, 47.29657 ] ] ], [ [ [ -3.17969, 47.29854 ], [ -3.17958, 47.29849 ], [ -3.17919, 47.29859 ], [ -3.17969, 47.29854 ] ] ], [ [ [ -3.22929, 47.2961 ], [ -3.22925, 47.2966 ], [ -3.23036, 47.29641 ], [ -3.22929, 47.2961 ] ] ], [ [ [ -3.17569, 47.30004 ], [ -3.17611, 47.30013 ], [ -3.17616, 47.29975 ], [ -3.17569, 47.30004 ] ] ], [ [ [ -3.22464, 47.2988 ], [ -3.22422, 47.29877 ], [ -3.2243, 47.29892 ], [ -3.22464, 47.2988 ] ] ], [ [ [ -3.23455, 47.29956 ], [ -3.23502, 47.2992 ], [ -3.23382, 47.29897 ], [ -3.23455, 47.29956 ] ] ], [ [ [ -3.22661, 47.29961 ], [ -3.22628, 47.29962 ], [ -3.22683, 47.29985 ], [ -3.22661, 47.29961 ] ] ], [ [ [ -3.22734, 47.30008 ], [ -3.22786, 47.30023 ], [ -3.22763, 47.2999 ], [ -3.22734, 47.30008 ] ] ], [ [ [ -3.22938, 47.30045 ], [ -3.22996, 47.29996 ], [ -3.2287, 47.29957 ], [ -3.22938, 47.30045 ] ] ], [ [ [ -3.22911, 47.30062 ], [ -3.22803, 47.30013 ], [ -3.22858, 47.30071 ], [ -3.22911, 47.30062 ] ] ], [ [ [ -3.23341, 47.30098 ], [ -3.2351, 47.30077 ], [ -3.23406, 47.30027 ], [ -3.23341, 47.30098 ] ] ], [ [ [ -3.23232, 47.30099 ], [ -3.23262, 47.30174 ], [ -3.23272, 47.30162 ], [ -3.23232, 47.30099 ] ] ], [ [ [ -3.23897, 47.30312 ], [ -3.23935, 47.30322 ], [ -3.2391, 47.30251 ], [ -3.23897, 47.30312 ] ] ], [ [ [ -3.23977, 47.30532 ], [ -3.23944, 47.30537 ], [ -3.23973, 47.30567 ], [ -3.23977, 47.30532 ] ] ], [ [ [ -3.24024, 47.30597 ], [ -3.24067, 47.30604 ], [ -3.24033, 47.30585 ], [ -3.24024, 47.30597 ] ] ], [ [ [ -3.23946, 47.32355 ], [ -3.23909, 47.3238 ], [ -3.23996, 47.3237 ], [ -3.23946, 47.32355 ] ] ], [ [ [ -3.24015, 47.32703 ], [ -3.23968, 47.32714 ], [ -3.24012, 47.32727 ], [ -3.24015, 47.32703 ] ] ], [ [ [ -3.21664, 47.37422 ], [ -3.21838, 47.3631 ], [ -3.22233, 47.36859 ], [ -3.2185, 47.37924 ], [ -3.23602, 47.37827 ], [ -3.24519, 47.38776 ], [ -3.24613, 47.37093 ], [ -3.26274, 47.37152 ], [ -3.25583, 47.36872 ], [ -3.26369, 47.35189 ], [ -3.25286, 47.34903 ], [ -3.24875, 47.33071 ], [ -3.24292, 47.33207 ], [ -3.23617, 47.32657 ], [ -3.23808, 47.31916 ], [ -3.2419, 47.32129 ], [ -3.24336, 47.31537 ], [ -3.2451, 47.31698 ], [ -3.24504, 47.31547 ], [ -3.24699, 47.31554 ], [ -3.24761, 47.31676 ], [ -3.24972, 47.31683 ], [ -3.23809, 47.30815 ], [ -3.2388, 47.303 ], [ -3.22594, 47.30427 ], [ -3.21422, 47.29321 ], [ -3.2132, 47.29483 ], [ -3.2121, 47.29449 ], [ -3.21233, 47.29552 ], [ -3.20602, 47.29365 ], [ -3.19967, 47.30085 ], [ -3.19497, 47.29373 ], [ -3.17557, 47.3018 ], [ -3.16665, 47.30209 ], [ -3.16049, 47.29236 ], [ -3.15393, 47.29428 ], [ -3.15031, 47.29394 ], [ -3.14181, 47.28961 ], [ -3.13876, 47.29275 ], [ -3.14068, 47.28624 ], [ -3.1301, 47.28713 ], [ -3.12377, 47.29067 ], [ -3.11919, 47.29058 ], [ -3.09465, 47.28348 ], [ -3.09322, 47.27789 ], [ -3.07577, 47.28633 ], [ -3.05587, 47.30815 ], [ -3.06157, 47.31441 ], [ -3.10069, 47.31577 ], [ -3.13826, 47.32867 ], [ -3.15122, 47.34701 ], [ -3.16371, 47.34546 ], [ -3.15883, 47.34827 ], [ -3.15229, 47.34866 ], [ -3.15735, 47.36463 ], [ -3.17272, 47.35949 ], [ -3.21664, 47.37422 ] ] ], [ [ [ -3.17504, 47.36338 ], [ -3.1753, 47.36353 ], [ -3.17582, 47.36346 ], [ -3.17504, 47.36338 ] ] ], [ [ [ -3.21745, 47.37824 ], [ -3.21775, 47.37846 ], [ -3.21788, 47.3782 ], [ -3.21745, 47.37824 ] ] ], [ [ [ -3.22786, 47.37943 ], [ -3.22789, 47.37955 ], [ -3.22849, 47.37946 ], [ -3.22786, 47.37943 ] ] ], [ [ [ -3.23315, 47.37935 ], [ -3.23297, 47.37923 ], [ -3.23255, 47.37948 ], [ -3.23315, 47.37935 ] ] ], [ [ [ -3.24264, 47.38651 ], [ -3.24237, 47.38683 ], [ -3.24282, 47.38685 ], [ -3.24264, 47.38651 ] ] ], [ [ [ -3.24357, 47.38772 ], [ -3.24369, 47.38796 ], [ -3.24375, 47.38748 ], [ -3.24357, 47.38772 ] ] ], [ [ [ -3.19946, 47.60809 ], [ -3.19821, 47.60781 ], [ -3.19955, 47.61025 ], [ -3.19946, 47.60809 ] ] ], [ [ [ -3.21263, 47.66544 ], [ -3.21242, 47.66548 ], [ -3.2125, 47.66566 ], [ -3.21263, 47.66544 ] ] ], [ [ [ -3.19744, 47.67777 ], [ -3.19795, 47.67804 ], [ -3.19846, 47.67772 ], [ -3.19744, 47.67777 ] ] ], [ [ [ -3.19942, 47.67813 ], [ -3.19905, 47.67812 ], [ -3.19904, 47.67829 ], [ -3.19942, 47.67813 ] ] ], [ [ [ -3.19859, 47.68031 ], [ -3.19838, 47.6801 ], [ -3.1983, 47.68032 ], [ -3.19859, 47.68031 ] ] ], [ [ [ -3.19845, 47.68123 ], [ -3.19765, 47.68066 ], [ -3.19732, 47.68133 ], [ -3.19845, 47.68123 ] ] ], [ [ [ -3.19569, 47.68612 ], [ -3.19654, 47.68629 ], [ -3.19588, 47.68584 ], [ -3.19569, 47.68612 ] ] ], [ [ [ -3.20217, 47.68803 ], [ -3.20199, 47.68787 ], [ -3.20179, 47.688 ], [ -3.20217, 47.68803 ] ] ], [ [ [ -3.1081, 47.28674 ], [ -3.10781, 47.28687 ], [ -3.1083, 47.28693 ], [ -3.1081, 47.28674 ] ] ], [ [ [ -3.14407, 47.28628 ], [ -3.14398, 47.28608 ], [ -3.14319, 47.28623 ], [ -3.14407, 47.28628 ] ] ], [ [ [ -3.12001, 47.28924 ], [ -3.11933, 47.28872 ], [ -3.11909, 47.2893 ], [ -3.12001, 47.28924 ] ] ], [ [ [ -3.1231, 47.29029 ], [ -3.12321, 47.29055 ], [ -3.12337, 47.29047 ], [ -3.1231, 47.29029 ] ] ], [ [ [ -3.12285, 47.32908 ], [ -3.12229, 47.32944 ], [ -3.12352, 47.32946 ], [ -3.12285, 47.32908 ] ] ], [ [ [ -2.99921, 47.39442 ], [ -2.99731, 47.39299 ], [ -2.99539, 47.3948 ], [ -2.99921, 47.39442 ] ] ], [ [ [ -2.99816, 47.39915 ], [ -2.99795, 47.39844 ], [ -2.99645, 47.39874 ], [ -2.99816, 47.39915 ] ] ], [ [ [ -2.99372, 47.40163 ], [ -2.99389, 47.4018 ], [ -2.99427, 47.40169 ], [ -2.99372, 47.40163 ] ] ], [ [ [ -2.99339, 47.40148 ], [ -2.99262, 47.40139 ], [ -2.99327, 47.40208 ], [ -2.99339, 47.40148 ] ] ], [ [ [ -2.99499, 47.40171 ], [ -2.99494, 47.40161 ], [ -2.99462, 47.40176 ], [ -2.99499, 47.40171 ] ] ], [ [ [ -3.00426, 47.40811 ], [ -3.00517, 47.40799 ], [ -3.00458, 47.40785 ], [ -3.00426, 47.40811 ] ] ], [ [ [ -3.0174, 47.41135 ], [ -3.01361, 47.41144 ], [ -3.01381, 47.41215 ], [ -3.0174, 47.41135 ] ] ], [ [ [ -3.0263, 47.4164 ], [ -3.02553, 47.41681 ], [ -3.02711, 47.41693 ], [ -3.0263, 47.4164 ] ] ], [ [ [ -3.01556, 47.4176 ], [ -3.01584, 47.41761 ], [ -3.01564, 47.41738 ], [ -3.01556, 47.4176 ] ] ], [ [ [ -3.06727, 47.46573 ], [ -3.06789, 47.46561 ], [ -3.0679, 47.46496 ], [ -3.06727, 47.46573 ] ] ], [ [ [ -3.0766, 47.46769 ], [ -3.07675, 47.46636 ], [ -3.07598, 47.46645 ], [ -3.0766, 47.46769 ] ] ], [ [ [ -3.1344, 47.47466 ], [ -3.13404, 47.4745 ], [ -3.13408, 47.47487 ], [ -3.1344, 47.47466 ] ] ], [ [ [ -3.14549, 47.48415 ], [ -3.14543, 47.48334 ], [ -3.1446, 47.48376 ], [ -3.14549, 47.48415 ] ] ], [ [ [ -3.14676, 47.4934 ], [ -3.14703, 47.49336 ], [ -3.14633, 47.49316 ], [ -3.14676, 47.4934 ] ] ], [ [ [ -3.14766, 47.49499 ], [ -3.14713, 47.49494 ], [ -3.14729, 47.4951 ], [ -3.14766, 47.49499 ] ] ], [ [ [ -3.15086, 47.50193 ], [ -3.15085, 47.50237 ], [ -3.15122, 47.50239 ], [ -3.15086, 47.50193 ] ] ], [ [ [ -3.15612, 47.51046 ], [ -3.15715, 47.51013 ], [ -3.1568, 47.50987 ], [ -3.15612, 47.51046 ] ] ], [ [ [ -3.15181, 47.51235 ], [ -3.15162, 47.51268 ], [ -3.15189, 47.5126 ], [ -3.15181, 47.51235 ] ] ], [ [ [ -3.15203, 47.51281 ], [ -3.15156, 47.51295 ], [ -3.15161, 47.51319 ], [ -3.15215, 47.51293 ], [ -3.15203, 47.51281 ] ] ], [ [ [ -3.15327, 47.51839 ], [ -3.15335, 47.51801 ], [ -3.15294, 47.51826 ], [ -3.15327, 47.51839 ] ] ], [ [ [ -3.16059, 47.52305 ], [ -3.16038, 47.52306 ], [ -3.16043, 47.52331 ], [ -3.16059, 47.52305 ] ] ], [ [ [ -3.16252, 47.52981 ], [ -3.16276, 47.52991 ], [ -3.16272, 47.5297 ], [ -3.16252, 47.52981 ] ] ], [ [ [ -3.1554, 47.53194 ], [ -3.15517, 47.5319 ], [ -3.15522, 47.5322 ], [ -3.1554, 47.53194 ] ] ], [ [ [ -3.16304, 47.53154 ], [ -3.16276, 47.53179 ], [ -3.16338, 47.53181 ], [ -3.16304, 47.53154 ] ] ], [ [ [ -3.14574, 47.534 ], [ -3.14659, 47.53369 ], [ -3.14635, 47.5333 ], [ -3.14574, 47.534 ] ] ], [ [ [ -3.17683, 47.55022 ], [ -3.17694, 47.55068 ], [ -3.17768, 47.55015 ], [ -3.17683, 47.55022 ] ] ], [ [ [ -3.16334, 47.55373 ], [ -3.16448, 47.55216 ], [ -3.16415, 47.55222 ], [ -3.16334, 47.55373 ] ] ], [ [ [ -3.00184, 47.56344 ], [ -3.0016, 47.56236 ], [ -3.00146, 47.56247 ], [ -3.00184, 47.56344 ] ] ], [ [ [ -3.16643, 47.55535 ], [ -3.16408, 47.55483 ], [ -3.16308, 47.55519 ], [ -3.16643, 47.55535 ] ] ], [ [ [ -3.17379, 47.56397 ], [ -3.17356, 47.5636 ], [ -3.17332, 47.56366 ], [ -3.17379, 47.56397 ] ] ], [ [ [ -3.04389, 47.5732 ], [ -3.04443, 47.57433 ], [ -3.04526, 47.57441 ], [ -3.04389, 47.5732 ] ] ], [ [ [ -3.18357, 47.61131 ], [ -3.18352, 47.61155 ], [ -3.18367, 47.61157 ], [ -3.18357, 47.61131 ] ] ], [ [ [ -3.17713, 47.6838 ], [ -3.17788, 47.68509 ], [ -3.17852, 47.68452 ], [ -3.17713, 47.6838 ] ] ], [ [ [ -3.17476, 47.68635 ], [ -3.17482, 47.68738 ], [ -3.17632, 47.6863 ], [ -3.17476, 47.68635 ] ] ], [ [ [ -3.18756, 47.68554 ], [ -3.18741, 47.68575 ], [ -3.18771, 47.68582 ], [ -3.18756, 47.68554 ] ] ], [ [ [ -3.16953, 47.68599 ], [ -3.1702, 47.68887 ], [ -3.1728, 47.68755 ], [ -3.16953, 47.68599 ] ] ], [ [ [ -3.18452, 47.68613 ], [ -3.18356, 47.68687 ], [ -3.1857, 47.68807 ], [ -3.18452, 47.68613 ] ] ], [ [ [ -3.176, 47.68661 ], [ -3.17853, 47.68967 ], [ -3.17944, 47.68594 ], [ -3.176, 47.68661 ] ] ], [ [ [ -2.83479, 47.3212 ], [ -2.83492, 47.32137 ], [ -2.83524, 47.32118 ], [ -2.83479, 47.3212 ] ] ], [ [ [ -2.83538, 47.32402 ], [ -2.83524, 47.324 ], [ -2.83503, 47.32443 ], [ -2.83538, 47.32402 ] ] ], [ [ [ -2.83607, 47.32641 ], [ -2.83689, 47.32596 ], [ -2.83518, 47.32524 ], [ -2.83607, 47.32641 ] ] ], [ [ [ -2.83582, 47.32702 ], [ -2.83534, 47.32701 ], [ -2.83548, 47.3272 ], [ -2.83582, 47.32702 ] ] ], [ [ [ -2.87441, 47.32969 ], [ -2.87417, 47.32986 ], [ -2.87445, 47.33002 ], [ -2.87441, 47.32969 ] ] ], [ [ [ -2.87492, 47.33044 ], [ -2.87582, 47.33038 ], [ -2.87534, 47.32997 ], [ -2.87492, 47.33044 ] ] ], [ [ [ -2.88053, 47.33024 ], [ -2.88074, 47.33006 ], [ -2.88059, 47.32994 ], [ -2.88053, 47.33024 ] ] ], [ [ [ -2.88885, 47.33221 ], [ -2.88866, 47.33206 ], [ -2.88845, 47.33216 ], [ -2.88885, 47.33221 ] ] ], [ [ [ -2.86174, 47.33587 ], [ -2.86136, 47.33593 ], [ -2.86155, 47.33637 ], [ -2.86174, 47.33587 ] ] ], [ [ [ -2.89209, 47.33789 ], [ -2.89179, 47.33774 ], [ -2.89142, 47.33818 ], [ -2.89209, 47.33789 ] ] ], [ [ [ -2.89002, 47.34658 ], [ -2.88218, 47.32948 ], [ -2.86081, 47.34116 ], [ -2.86401, 47.34909 ], [ -2.89002, 47.34658 ] ] ], [ [ [ -2.89035, 47.34686 ], [ -2.89098, 47.34718 ], [ -2.89121, 47.34693 ], [ -2.89035, 47.34686 ] ] ], [ [ [ -2.96167, 47.35254 ], [ -2.96168, 47.35217 ], [ -2.96117, 47.35233 ], [ -2.96167, 47.35254 ] ] ], [ [ [ -2.97336, 47.35662 ], [ -2.96979, 47.35535 ], [ -2.96889, 47.35759 ], [ -2.97336, 47.35662 ] ] ], [ [ [ -2.94637, 47.36958 ], [ -2.94671, 47.36858 ], [ -2.94615, 47.36851 ], [ -2.94637, 47.36958 ] ] ], [ [ [ -2.94795, 47.37161 ], [ -2.94754, 47.37135 ], [ -2.94597, 47.37341 ], [ -2.94795, 47.37161 ] ] ], [ [ [ -2.9485, 47.37367 ], [ -2.9489, 47.37392 ], [ -2.94924, 47.3736 ], [ -2.9485, 47.37367 ] ] ], [ [ [ -2.94919, 47.37419 ], [ -2.94819, 47.37355 ], [ -2.94786, 47.3737 ], [ -2.94919, 47.37419 ] ] ], [ [ [ -2.95601, 47.3766 ], [ -2.95621, 47.37695 ], [ -2.95685, 47.37636 ], [ -2.95601, 47.3766 ] ] ], [ [ [ -2.96289, 47.38313 ], [ -2.96279, 47.38286 ], [ -2.96226, 47.38361 ], [ -2.96289, 47.38313 ] ] ], [ [ [ -2.93802, 47.38944 ], [ -2.93758, 47.38845 ], [ -2.93738, 47.38897 ], [ -2.93802, 47.38944 ] ] ], [ [ [ -2.99379, 47.39458 ], [ -2.95953, 47.38415 ], [ -2.95022, 47.37514 ], [ -2.94901, 47.37925 ], [ -2.95349, 47.38536 ], [ -2.93784, 47.39289 ], [ -2.96818, 47.39272 ], [ -2.99133, 47.40256 ], [ -2.99379, 47.39458 ] ] ], [ [ [ -2.9423, 47.39678 ], [ -2.94204, 47.3967 ], [ -2.94235, 47.39723 ], [ -2.9423, 47.39678 ] ] ], [ [ [ -2.9496, 47.40285 ], [ -2.94945, 47.40363 ], [ -2.94981, 47.40352 ], [ -2.9496, 47.40285 ] ] ], [ [ [ -2.94889, 47.52794 ], [ -2.94594, 47.52812 ], [ -2.94539, 47.52966 ], [ -2.9473, 47.52873 ], [ -2.94889, 47.52794 ] ] ], [ [ [ -2.93352, 47.53692 ], [ -2.93311, 47.53668 ], [ -2.93314, 47.53706 ], [ -2.93352, 47.53692 ] ] ], [ [ [ -2.93502, 47.53777 ], [ -2.93516, 47.53809 ], [ -2.9361, 47.53771 ], [ -2.93502, 47.53777 ] ] ], [ [ [ -2.84977, 47.56297 ], [ -2.85086, 47.56203 ], [ -2.84874, 47.56045 ], [ -2.84977, 47.56297 ] ] ], [ [ [ -2.88646, 47.56412 ], [ -2.8879, 47.563 ], [ -2.88444, 47.56451 ], [ -2.88646, 47.56412 ] ] ], [ [ [ -2.97393, 47.56432 ], [ -2.97493, 47.56255 ], [ -2.97473, 47.56252 ], [ -2.97393, 47.56432 ] ] ], [ [ [ -2.8963, 47.56796 ], [ -2.89656, 47.56868 ], [ -2.89778, 47.56828 ], [ -2.8963, 47.56796 ] ] ], [ [ [ -2.88986, 47.56653 ], [ -2.88881, 47.56535 ], [ -2.88725, 47.57189 ], [ -2.88986, 47.56653 ] ] ], [ [ [ -2.91949, 47.56973 ], [ -2.92127, 47.56931 ], [ -2.92117, 47.5692 ], [ -2.91949, 47.56973 ] ] ], [ [ [ -2.91145, 47.57539 ], [ -2.90808, 47.56694 ], [ -2.90638, 47.56844 ], [ -2.91145, 47.57539 ] ] ], [ [ [ -2.90091, 47.57209 ], [ -2.89928, 47.57108 ], [ -2.89713, 47.57726 ], [ -2.90091, 47.57209 ] ] ], [ [ [ -2.9236, 47.57375 ], [ -2.9213, 47.57219 ], [ -2.92116, 47.57312 ], [ -2.9236, 47.57375 ] ] ], [ [ [ -2.86962, 47.57792 ], [ -2.86922, 47.57677 ], [ -2.86639, 47.57812 ], [ -2.86962, 47.57792 ] ] ], [ [ [ -2.8915, 47.57672 ], [ -2.88988, 47.57455 ], [ -2.88465, 47.58245 ], [ -2.8915, 47.57672 ] ] ], [ [ [ -2.91256, 47.57915 ], [ -2.9145, 47.57949 ], [ -2.91408, 47.57767 ], [ -2.91256, 47.57915 ] ] ], [ [ [ -2.92845, 47.58114 ], [ -2.93052, 47.5811 ], [ -2.92883, 47.5774 ], [ -2.92845, 47.58114 ] ] ], [ [ [ -2.93715, 47.5809 ], [ -2.93725, 47.58073 ], [ -2.93695, 47.58058 ], [ -2.93715, 47.5809 ] ] ], [ [ [ -2.93651, 47.58234 ], [ -2.93716, 47.5833 ], [ -2.93784, 47.58247 ], [ -2.93651, 47.58234 ] ] ], [ [ [ -2.93069, 47.58553 ], [ -2.93319, 47.5849 ], [ -2.9291, 47.58404 ], [ -2.93069, 47.58553 ] ] ], [ [ [ -2.49091, 47.44039 ], [ -2.49111, 47.43979 ], [ -2.49027, 47.43932 ], [ -2.49091, 47.44039 ] ] ], [ [ [ -2.49506, 47.44963 ], [ -2.49473, 47.44997 ], [ -2.49538, 47.45003 ], [ -2.49506, 47.44963 ] ] ], [ [ [ -2.68287, 47.49112 ], [ -2.68225, 47.49127 ], [ -2.68274, 47.49204 ], [ -2.68287, 47.49112 ] ] ], [ [ [ -2.54971, 47.50981 ], [ -2.54955, 47.50977 ], [ -2.54936, 47.51012 ], [ -2.54971, 47.50981 ] ] ], [ [ [ -2.50572, 47.51865 ], [ -2.50544, 47.51855 ], [ -2.50548, 47.51881 ], [ -2.50572, 47.51865 ] ] ], [ [ [ -2.74599, 47.55271 ], [ -2.74517, 47.55333 ], [ -2.74572, 47.55348 ], [ -2.74599, 47.55271 ] ] ], [ [ [ -2.73561, 47.55441 ], [ -2.73569, 47.55471 ], [ -2.73611, 47.55468 ], [ -2.73561, 47.55441 ] ] ], [ [ [ -2.73195, 47.55871 ], [ -2.73208, 47.55851 ], [ -2.7319, 47.55834 ], [ -2.73195, 47.55871 ] ] ], [ [ [ -2.77801, 47.55619 ], [ -2.77765, 47.55609 ], [ -2.77745, 47.55648 ], [ -2.77801, 47.55619 ] ] ], [ [ [ -2.786, 47.5575 ], [ -2.78661, 47.55849 ], [ -2.78681, 47.55794 ], [ -2.786, 47.5575 ] ] ], [ [ [ -2.84754, 47.55417 ], [ -2.84415, 47.55549 ], [ -2.84303, 47.56084 ], [ -2.84754, 47.55417 ] ] ], [ [ [ -2.8289, 47.55857 ], [ -2.83128, 47.56041 ], [ -2.83212, 47.55762 ], [ -2.8289, 47.55857 ] ] ], [ [ [ -2.78745, 47.5619 ], [ -2.78717, 47.56172 ], [ -2.7871, 47.56248 ], [ -2.78745, 47.5619 ] ] ], [ [ [ -2.80976, 47.56362 ], [ -2.8051, 47.56095 ], [ -2.80436, 47.56618 ], [ -2.80976, 47.56362 ] ] ], [ [ [ -2.79387, 47.5668 ], [ -2.7953, 47.56448 ], [ -2.78911, 47.56237 ], [ -2.78979, 47.56389 ], [ -2.79387, 47.5668 ] ] ], [ [ [ -2.76242, 47.56869 ], [ -2.7622, 47.56848 ], [ -2.7618, 47.56869 ], [ -2.76242, 47.56869 ] ] ], [ [ [ -2.73175, 47.57165 ], [ -2.73281, 47.57218 ], [ -2.73276, 47.57086 ], [ -2.73175, 47.57165 ] ] ], [ [ [ -2.7409, 47.57235 ], [ -2.7412, 47.57228 ], [ -2.74107, 47.57207 ], [ -2.7409, 47.57235 ] ] ], [ [ [ -2.75444, 47.57244 ], [ -2.75368, 47.57213 ], [ -2.75461, 47.57295 ], [ -2.75444, 47.57244 ] ] ], [ [ [ -2.74393, 47.57331 ], [ -2.74346, 47.57364 ], [ -2.74376, 47.57365 ], [ -2.74393, 47.57331 ] ] ], [ [ [ -2.79471, 47.57036 ], [ -2.78608, 47.56858 ], [ -2.79107, 47.5801 ], [ -2.79471, 47.57036 ] ] ], [ [ [ -2.75003, 47.57657 ], [ -2.74865, 47.57515 ], [ -2.74632, 47.57629 ], [ -2.75003, 47.57657 ] ] ], [ [ [ -2.73864, 47.58405 ], [ -2.72725, 47.57276 ], [ -2.72385, 47.57705 ], [ -2.73864, 47.58405 ] ] ], [ [ [ -2.71995, 47.58386 ], [ -2.71972, 47.58398 ], [ -2.71993, 47.58414 ], [ -2.71995, 47.58386 ] ] ], [ [ [ -2.72155, 47.58746 ], [ -2.72229, 47.58728 ], [ -2.72213, 47.58662 ], [ -2.72155, 47.58746 ] ] ], [ [ [ -2.82775, 47.58479 ], [ -2.82745, 47.58446 ], [ -2.82714, 47.58477 ], [ -2.82775, 47.58479 ] ] ], [ [ [ -2.85979, 47.56002 ], [ -2.84815, 47.56751 ], [ -2.84752, 47.58936 ], [ -2.82398, 47.58871 ], [ -2.84079, 47.59377 ], [ -2.83782, 47.6074 ], [ -2.85519, 47.60047 ], [ -2.85979, 47.56002 ] ] ], [ [ [ -2.82814, 47.58704 ], [ -2.82962, 47.5871 ], [ -2.82918, 47.58639 ], [ -2.82814, 47.58704 ] ] ], [ [ [ -2.76252, 47.59244 ], [ -2.76454, 47.59235 ], [ -2.76403, 47.59086 ], [ -2.76252, 47.59244 ] ] ], [ [ [ -2.80893, 47.57849 ], [ -2.79188, 47.59385 ], [ -2.77749, 47.58645 ], [ -2.77432, 47.59484 ], [ -2.78906, 47.59397 ], [ -2.79325, 47.60613 ], [ -2.80893, 47.57849 ] ] ], [ [ [ -2.73037, 47.59575 ], [ -2.7298, 47.59569 ], [ -2.73001, 47.59611 ], [ -2.73037, 47.59575 ] ] ], [ [ [ -2.72319, 47.60067 ], [ -2.72626, 47.59976 ], [ -2.72362, 47.59864 ], [ -2.72319, 47.60067 ] ] ], [ [ [ -2.80943, 47.597 ], [ -2.81288, 47.59893 ], [ -2.81062, 47.5948 ], [ -2.80943, 47.597 ] ] ], [ [ [ -2.81675, 47.59959 ], [ -2.81619, 47.5999 ], [ -2.81676, 47.60017 ], [ -2.81675, 47.59959 ] ] ], [ [ [ -2.82119, 47.59931 ], [ -2.82093, 47.59976 ], [ -2.82354, 47.60025 ], [ -2.82119, 47.59931 ] ] ], [ [ [ -2.76871, 47.61253 ], [ -2.76986, 47.60555 ], [ -2.75335, 47.60231 ], [ -2.75405, 47.60646 ], [ -2.76871, 47.61253 ] ] ], [ [ [ -2.83146, 47.60742 ], [ -2.83269, 47.60623 ], [ -2.83252, 47.6062 ], [ -2.83146, 47.60742 ] ] ], [ [ [ -2.80566, 47.60888 ], [ -2.80559, 47.60757 ], [ -2.80027, 47.60814 ], [ -2.80566, 47.60888 ] ] ], [ [ [ -2.81717, 47.61238 ], [ -2.81822, 47.61058 ], [ -2.81677, 47.61121 ], [ -2.81717, 47.61238 ] ] ], [ [ [ -2.85239, 47.61156 ], [ -2.84699, 47.60963 ], [ -2.84554, 47.61116 ], [ -2.85239, 47.61156 ] ] ], [ [ [ -2.78599, 47.61572 ], [ -2.77421, 47.61334 ], [ -2.77477, 47.61502 ], [ -2.78599, 47.61572 ] ] ], [ [ [ -2.81506, 47.61401 ], [ -2.81402, 47.61456 ], [ -2.81555, 47.61457 ], [ -2.81506, 47.61401 ] ] ], [ [ [ -2.97924, 47.65372 ], [ -2.97685, 47.65976 ], [ -2.96797, 47.63889 ], [ -2.95469, 47.63878 ], [ -2.95855, 47.62745 ], [ -2.9351, 47.62526 ], [ -2.94944, 47.62134 ], [ -2.95039, 47.60711 ], [ -2.93661, 47.5861 ], [ -2.93408, 47.58773 ], [ -2.93711, 47.59666 ], [ -2.92711, 47.60189 ], [ -2.91788, 47.58223 ], [ -2.91061, 47.59218 ], [ -2.90563, 47.58206 ], [ -2.89058, 47.58177 ], [ -2.88753, 47.60371 ], [ -2.86244, 47.59693 ], [ -2.8601, 47.62302 ], [ -2.82909, 47.61911 ], [ -2.83588, 47.61257 ], [ -2.81229, 47.6225 ], [ -2.78256, 47.6211 ], [ -2.76139, 47.64083 ], [ -2.74812, 47.62085 ], [ -2.74502, 47.63218 ], [ -2.73395, 47.61291 ], [ -2.77957, 47.6222 ], [ -2.71762, 47.59864 ], [ -2.73057, 47.59368 ], [ -2.72171, 47.59111 ], [ -2.71382, 47.5801 ], [ -2.72889, 47.56814 ], [ -2.73019, 47.5426 ], [ -2.76799, 47.5357 ], [ -2.78739, 47.55276 ], [ -2.79945, 47.53715 ], [ -2.80635, 47.5561 ], [ -2.824, 47.55686 ], [ -2.81776, 47.54243 ], [ -2.82931, 47.54313 ], [ -2.82649, 47.55026 ], [ -2.84834, 47.54824 ], [ -2.84443, 47.53855 ], [ -2.85398, 47.53667 ], [ -2.85824, 47.55078 ], [ -2.87352, 47.54679 ], [ -2.86716, 47.55884 ], [ -2.87753, 47.55475 ], [ -2.88067, 47.5642 ], [ -2.89477, 47.55466 ], [ -2.9077, 47.56314 ], [ -2.90825, 47.54958 ], [ -2.91931, 47.5483 ], [ -2.90935, 47.54126 ], [ -2.89108, 47.54543 ], [ -2.9036, 47.53441 ], [ -2.87458, 47.53413 ], [ -2.84689, 47.51202 ], [ -2.85044, 47.4985 ], [ -2.81585, 47.4869 ], [ -2.79395, 47.48411 ], [ -2.77966, 47.49596 ], [ -2.72498, 47.50687 ], [ -2.67514, 47.49186 ], [ -2.6813, 47.49696 ], [ -2.6634, 47.51938 ], [ -2.6397, 47.51638 ], [ -2.63235, 47.50392 ], [ -2.59655, 47.51754 ], [ -2.54989, 47.5105 ], [ -2.54345, 47.52336 ], [ -2.52087, 47.52725 ], [ -2.50455, 47.52281 ], [ -2.50206, 47.5143 ], [ -2.46665, 47.51208 ], [ -2.43926, 47.49843 ], [ -2.38674, 47.50467 ], [ -2.38592, 47.49711 ], [ -2.39421, 47.50229 ], [ -2.42658, 47.48733 ], [ -2.42633, 47.4943 ], [ -2.46626, 47.48706 ], [ -2.49855, 47.49493 ], [ -2.48808, 47.47116 ], [ -2.5006, 47.45824 ], [ -2.48023, 47.44126 ], [ -2.42311, 47.47723 ], [ -2.41734, 47.46072 ], [ -2.40393, 47.45677 ], [ -2.36825, 47.46431 ], [ -2.35304, 47.45444 ], [ -2.31745, 47.46114 ], [ -2.29854, 47.51589 ], [ -2.25487, 47.51163 ], [ -2.26561, 47.50179 ], [ -2.24377, 47.49389 ], [ -2.18464, 47.5122 ], [ -2.19215, 47.49667 ], [ -2.16415, 47.48918 ], [ -2.15425, 47.49645 ], [ -2.15604, 47.52202 ], [ -2.09883, 47.53345 ], [ -2.10347, 47.5933 ], [ -2.08368, 47.61156 ], [ -2.10477, 47.6385 ], [ -2.09551, 47.64655 ], [ -2.11398, 47.64825 ], [ -2.10363, 47.67592 ], [ -2.12241, 47.68273 ], [ -2.11862, 47.70828 ], [ -2.13144, 47.72226 ], [ -2.1071, 47.7375 ], [ -2.05764, 47.74169 ], [ -2.06188, 47.7514 ], [ -2.08379, 47.74998 ], [ -2.08449, 47.76279 ], [ -2.12706, 47.76105 ], [ -2.12821, 47.76879 ], [ -2.07396, 47.789 ], [ -2.07037, 47.81181 ], [ -2.04942, 47.81704 ], [ -2.03534, 47.83284 ], [ -2.05159, 47.84061 ], [ -2.05494, 47.86873 ], [ -2.0912, 47.84339 ], [ -2.10963, 47.84896 ], [ -2.0957, 47.8617 ], [ -2.11572, 47.89015 ], [ -2.10066, 47.89572 ], [ -2.10581, 47.90229 ], [ -2.08598, 47.90354 ], [ -2.07843, 47.91922 ], [ -2.14394, 47.98394 ], [ -2.17867, 47.97993 ], [ -2.19152, 47.99105 ], [ -2.23675, 47.99979 ], [ -2.28756, 47.9916 ], [ -2.27459, 48.01066 ], [ -2.27975, 48.02618 ], [ -2.2636, 48.04007 ], [ -2.24188, 48.05294 ], [ -2.18862, 48.05262 ], [ -2.17044, 48.06344 ], [ -2.17134, 48.07906 ], [ -2.21957, 48.08091 ], [ -2.23723, 48.07513 ], [ -2.23451, 48.06327 ], [ -2.25604, 48.06308 ], [ -2.25359, 48.10655 ], [ -2.28417, 48.13292 ], [ -2.31688, 48.13557 ], [ -2.32176, 48.12274 ], [ -2.33666, 48.1193 ], [ -2.34904, 48.12662 ], [ -2.35806, 48.11116 ], [ -2.40613, 48.16776 ], [ -2.44905, 48.17299 ], [ -2.47188, 48.15981 ], [ -2.4872, 48.16691 ], [ -2.4878, 48.15534 ], [ -2.53503, 48.15647 ], [ -2.51398, 48.13231 ], [ -2.53444, 48.10659 ], [ -2.55489, 48.0991 ], [ -2.54742, 48.0765 ], [ -2.56449, 48.06732 ], [ -2.5785, 48.07185 ], [ -2.62578, 48.03481 ], [ -2.64543, 48.03546 ], [ -2.64509, 48.04224 ], [ -2.65659, 48.03264 ], [ -2.67322, 48.06383 ], [ -2.65003, 48.09712 ], [ -2.66087, 48.13083 ], [ -2.67735, 48.13104 ], [ -2.70351, 48.11248 ], [ -2.75437, 48.11589 ], [ -2.77324, 48.08653 ], [ -2.78191, 48.12109 ], [ -2.80394, 48.14513 ], [ -2.8519, 48.14148 ], [ -2.89174, 48.16489 ], [ -2.94051, 48.17173 ], [ -2.99991, 48.16061 ], [ -2.99526, 48.17077 ], [ -3.01177, 48.17208 ], [ -3.01483, 48.19791 ], [ -3.07909, 48.21088 ], [ -3.09174, 48.20212 ], [ -3.10787, 48.20848 ], [ -3.1306, 48.20018 ], [ -3.13924, 48.16411 ], [ -3.15508, 48.15847 ], [ -3.15903, 48.16804 ], [ -3.17531, 48.15875 ], [ -3.19233, 48.16501 ], [ -3.2151, 48.15385 ], [ -3.21148, 48.14247 ], [ -3.24135, 48.15163 ], [ -3.28273, 48.1414 ], [ -3.29801, 48.15571 ], [ -3.32343, 48.14945 ], [ -3.33707, 48.17192 ], [ -3.39341, 48.15167 ], [ -3.40238, 48.15703 ], [ -3.41733, 48.14561 ], [ -3.4389, 48.16006 ], [ -3.42001, 48.17401 ], [ -3.44504, 48.18708 ], [ -3.45277, 48.17744 ], [ -3.46995, 48.1773 ], [ -3.47714, 48.18628 ], [ -3.53602, 48.17803 ], [ -3.57, 48.18544 ], [ -3.71461, 48.1431 ], [ -3.70883, 48.13554 ], [ -3.73472, 48.11263 ], [ -3.73332, 48.0964 ], [ -3.695, 48.09365 ], [ -3.70446, 48.08672 ], [ -3.69841, 48.06871 ], [ -3.7086, 48.06662 ], [ -3.67342, 48.05864 ], [ -3.64144, 47.98565 ], [ -3.61886, 47.98173 ], [ -3.59628, 47.99057 ], [ -3.58399, 47.9845 ], [ -3.55816, 47.99411 ], [ -3.53178, 47.9891 ], [ -3.5192, 47.97625 ], [ -3.49138, 47.975 ], [ -3.46742, 47.94534 ], [ -3.46048, 47.96069 ], [ -3.44534, 47.95861 ], [ -3.41515, 47.97507 ], [ -3.39186, 47.95737 ], [ -3.40172, 47.94348 ], [ -3.38686, 47.92561 ], [ -3.40887, 47.91613 ], [ -3.40542, 47.90627 ], [ -3.41932, 47.90522 ], [ -3.40526, 47.9021 ], [ -3.39817, 47.86321 ], [ -3.41927, 47.86918 ], [ -3.44822, 47.86368 ], [ -3.45773, 47.83672 ], [ -3.48792, 47.82367 ], [ -3.52199, 47.84006 ], [ -3.5191, 47.84923 ], [ -3.54018, 47.83555 ], [ -3.53578, 47.81348 ], [ -3.51924, 47.80319 ], [ -3.53012, 47.76578 ], [ -3.48456, 47.71616 ], [ -3.45232, 47.69521 ], [ -3.42621, 47.70488 ], [ -3.38737, 47.70159 ], [ -3.35011, 47.74201 ], [ -3.36486, 47.76087 ], [ -3.35372, 47.76038 ], [ -3.34671, 47.7421 ], [ -3.33326, 47.74317 ], [ -3.30016, 47.77476 ], [ -3.28739, 47.77233 ], [ -3.29551, 47.79373 ], [ -3.2773, 47.7987 ], [ -3.27593, 47.79383 ], [ -3.29292, 47.7874 ], [ -3.28216, 47.7796 ], [ -3.28492, 47.76937 ], [ -3.29634, 47.77135 ], [ -3.32162, 47.73538 ], [ -3.34817, 47.7348 ], [ -3.34308, 47.71591 ], [ -3.36309, 47.70884 ], [ -3.3524, 47.70304 ], [ -3.30988, 47.70994 ], [ -3.30241, 47.7023 ], [ -3.28989, 47.70841 ], [ -3.28388, 47.70646 ], [ -3.28126, 47.68602 ], [ -3.32672, 47.70223 ], [ -3.35274, 47.70082 ], [ -3.36058, 47.68606 ], [ -3.34193, 47.6955 ], [ -3.2933, 47.68725 ], [ -3.21395, 47.64393 ], [ -3.21736, 47.67394 ], [ -3.20618, 47.67161 ], [ -3.19832, 47.6831 ], [ -3.2116, 47.68434 ], [ -3.21607, 47.69576 ], [ -3.19924, 47.68719 ], [ -3.16694, 47.69569 ], [ -3.15124, 47.6927 ], [ -3.16218, 47.68014 ], [ -3.18548, 47.68527 ], [ -3.20853, 47.66998 ], [ -3.18707, 47.66117 ], [ -3.20653, 47.66472 ], [ -3.21044, 47.64368 ], [ -3.19744, 47.62392 ], [ -3.15986, 47.60737 ], [ -3.13995, 47.57982 ], [ -3.13464, 47.54464 ], [ -3.1467, 47.52993 ], [ -3.16238, 47.52982 ], [ -3.15313, 47.52164 ], [ -3.14219, 47.49204 ], [ -3.14419, 47.48354 ], [ -3.13039, 47.47317 ], [ -3.12111, 47.47972 ], [ -3.07943, 47.46901 ], [ -3.12674, 47.51361 ], [ -3.1341, 47.544 ], [ -3.11503, 47.57624 ], [ -3.13133, 47.57488 ], [ -3.1292, 47.59797 ], [ -3.09218, 47.57955 ], [ -3.09191, 47.57391 ], [ -3.10608, 47.57729 ], [ -3.09617, 47.56362 ], [ -3.05315, 47.56925 ], [ -3.04287, 47.58783 ], [ -3.03424, 47.58047 ], [ -3.03968, 47.57371 ], [ -3.01838, 47.56704 ], [ -3.02494, 47.59235 ], [ -3.00733, 47.56835 ], [ -2.98747, 47.56611 ], [ -2.99492, 47.59107 ], [ -2.97065, 47.57025 ], [ -2.97565, 47.55866 ], [ -2.96247, 47.55362 ], [ -2.95711, 47.56523 ], [ -2.95182, 47.55617 ], [ -2.92842, 47.55401 ], [ -2.96488, 47.58808 ], [ -2.95418, 47.59733 ], [ -2.97212, 47.60746 ], [ -2.95336, 47.61246 ], [ -2.97924, 47.65372 ] ] ] ] } },
{ "type": "Feature", "properties": { "dep_code": "57", "dep_name": "Moselle" }, "geometry": { "type": "Polygon", "coordinates": [ [ [ 6.03136, 49.1677 ], [ 6.00982, 49.1528 ], [ 5.98911, 49.15499 ], [ 5.99706, 49.14878 ], [ 5.98153, 49.14447 ], [ 5.99724, 49.13472 ], [ 5.98599, 49.12806 ], [ 6.00577, 49.11316 ], [ 5.99927, 49.10809 ], [ 5.93148, 49.10924 ], [ 5.92487, 49.09221 ], [ 5.94334, 49.07922 ], [ 5.93578, 49.06954 ], [ 5.95097, 49.06483 ], [ 5.95809, 49.04733 ], [ 6.01494, 49.03729 ], [ 6.02039, 49.02342 ], [ 6.04463, 49.01387 ], [ 6.04492, 48.98305 ], [ 6.02912, 48.98876 ], [ 6.04339, 48.97731 ], [ 6.07324, 48.98139 ], [ 6.08154, 48.96307 ], [ 6.11723, 48.96775 ], [ 6.13201, 48.93465 ], [ 6.1724, 48.94428 ], [ 6.17656, 48.93466 ], [ 6.22242, 48.9389 ], [ 6.22418, 48.92713 ], [ 6.2416, 48.92358 ], [ 6.27124, 48.93331 ], [ 6.28774, 48.92778 ], [ 6.28833, 48.9163 ], [ 6.31134, 48.92109 ], [ 6.32842, 48.90022 ], [ 6.2973, 48.88258 ], [ 6.31232, 48.86506 ], [ 6.29786, 48.86693 ], [ 6.30014, 48.85241 ], [ 6.28412, 48.84647 ], [ 6.3062, 48.83329 ], [ 6.3395, 48.83371 ], [ 6.33415, 48.82577 ], [ 6.31727, 48.83069 ], [ 6.3012, 48.82373 ], [ 6.33188, 48.82332 ], [ 6.33865, 48.81113 ], [ 6.35622, 48.81156 ], [ 6.34556, 48.80423 ], [ 6.35672, 48.77957 ], [ 6.37085, 48.78478 ], [ 6.39545, 48.77465 ], [ 6.43314, 48.78913 ], [ 6.45264, 48.77993 ], [ 6.45342, 48.76608 ], [ 6.48844, 48.7664 ], [ 6.51199, 48.75456 ], [ 6.50519, 48.74737 ], [ 6.5624, 48.75648 ], [ 6.59909, 48.7157 ], [ 6.62599, 48.71319 ], [ 6.63875, 48.70113 ], [ 6.66195, 48.70604 ], [ 6.67679, 48.689 ], [ 6.66816, 48.66728 ], [ 6.68564, 48.68577 ], [ 6.69222, 48.67307 ], [ 6.72748, 48.66417 ], [ 6.75991, 48.66992 ], [ 6.76414, 48.65198 ], [ 6.77717, 48.65399 ], [ 6.78249, 48.64272 ], [ 6.8344, 48.64376 ], [ 6.85312, 48.62128 ], [ 6.91138, 48.62056 ], [ 6.93027, 48.63559 ], [ 6.95091, 48.61091 ], [ 7.00996, 48.61151 ], [ 7.01681, 48.60457 ], [ 6.99332, 48.59357 ], [ 7.03415, 48.58055 ], [ 7.05386, 48.55191 ], [ 7.08412, 48.54541 ], [ 7.05646, 48.53915 ], [ 7.09173, 48.52908 ], [ 7.11486, 48.53768 ], [ 7.13506, 48.52813 ], [ 7.1676, 48.52751 ], [ 7.19293, 48.54943 ], [ 7.2192, 48.5536 ], [ 7.26564, 48.59209 ], [ 7.25587, 48.6006 ], [ 7.27966, 48.62818 ], [ 7.26189, 48.63179 ], [ 7.27668, 48.63339 ], [ 7.30435, 48.6601 ], [ 7.26465, 48.66282 ], [ 7.24226, 48.69216 ], [ 7.26445, 48.6986 ], [ 7.29295, 48.75298 ], [ 7.3135, 48.76738 ], [ 7.28755, 48.7979 ], [ 7.26096, 48.79735 ], [ 7.2455, 48.81027 ], [ 7.25814, 48.82218 ], [ 7.24547, 48.81683 ], [ 7.22214, 48.82953 ], [ 7.21634, 48.82009 ], [ 7.18632, 48.83383 ], [ 7.19568, 48.84042 ], [ 7.18522, 48.85033 ], [ 7.17559, 48.84171 ], [ 7.1491, 48.84459 ], [ 7.14782, 48.82204 ], [ 7.12365, 48.81159 ], [ 7.12671, 48.80125 ], [ 7.07792, 48.78557 ], [ 7.06719, 48.79948 ], [ 7.08807, 48.81074 ], [ 7.05227, 48.81482 ], [ 7.05125, 48.8448 ], [ 7.09819, 48.8512 ], [ 7.09572, 48.86214 ], [ 7.05055, 48.85893 ], [ 7.04834, 48.87371 ], [ 6.95467, 48.89389 ], [ 6.9647, 48.90469 ], [ 6.95554, 48.92232 ], [ 6.94064, 48.92368 ], [ 6.94456, 48.93484 ], [ 6.96019, 48.92518 ], [ 6.97127, 48.92836 ], [ 6.9909, 48.96067 ], [ 7.03192, 48.95604 ], [ 7.02666, 48.96943 ], [ 7.0413, 48.97712 ], [ 7.03368, 48.99448 ], [ 7.07857, 49.05035 ], [ 7.07079, 49.06954 ], [ 7.09929, 49.07783 ], [ 7.11912, 49.06829 ], [ 7.10137, 49.06169 ], [ 7.12583, 49.0059 ], [ 7.17428, 49.00636 ], [ 7.20932, 48.98009 ], [ 7.23846, 48.98799 ], [ 7.29307, 48.97355 ], [ 7.2901, 48.95641 ], [ 7.32677, 48.94344 ], [ 7.35888, 48.95761 ], [ 7.38599, 48.95152 ], [ 7.45171, 48.96798 ], [ 7.47956, 48.96134 ], [ 7.50009, 48.94472 ], [ 7.5262, 48.94456 ], [ 7.53643, 48.93237 ], [ 7.55614, 48.93583 ], [ 7.5522, 48.94245 ], [ 7.57805, 48.95726 ], [ 7.60643, 49.02002 ], [ 7.64003, 49.04912 ], [ 7.62965, 49.07365 ], [ 7.60108, 49.08325 ], [ 7.5636, 49.08023 ], [ 7.52883, 49.09706 ], [ 7.51576, 49.12106 ], [ 7.48945, 49.13649 ], [ 7.50595, 49.1505 ], [ 7.49411, 49.1696 ], [ 7.43396, 49.16497 ], [ 7.44584, 49.18429 ], [ 7.36526, 49.172 ], [ 7.36264, 49.14322 ], [ 7.32601, 49.1434 ], [ 7.29356, 49.11496 ], [ 7.24528, 49.13002 ], [ 7.2057, 49.12352 ], [ 7.19896, 49.11523 ], [ 7.18429, 49.13154 ], [ 7.15939, 49.12039 ], [ 7.12636, 49.14211 ], [ 7.10415, 49.13851 ], [ 7.11347, 49.15203 ], [ 7.10147, 49.15598 ], [ 7.08035, 49.149 ], [ 7.08999, 49.13073 ], [ 7.05255, 49.11281 ], [ 7.02773, 49.17005 ], [ 7.03498, 49.19139 ], [ 7.01094, 49.18793 ], [ 6.97516, 49.2094 ], [ 6.95965, 49.20309 ], [ 6.93821, 49.22242 ], [ 6.91879, 49.22262 ], [ 6.8929, 49.20877 ], [ 6.85939, 49.22271 ], [ 6.83802, 49.21346 ], [ 6.86187, 49.17907 ], [ 6.84427, 49.17305 ], [ 6.8474, 49.15718 ], [ 6.83417, 49.15126 ], [ 6.78262, 49.16817 ], [ 6.73863, 49.16364 ], [ 6.71131, 49.18838 ], [ 6.7316, 49.20592 ], [ 6.72332, 49.21891 ], [ 6.69581, 49.21517 ], [ 6.69004, 49.24963 ], [ 6.66143, 49.25806 ], [ 6.67027, 49.28023 ], [ 6.61531, 49.30156 ], [ 6.58904, 49.32212 ], [ 6.59138, 49.33592 ], [ 6.57846, 49.33483 ], [ 6.56616, 49.34722 ], [ 6.56361, 49.35587 ], [ 6.58798, 49.34963 ], [ 6.60232, 49.36708 ], [ 6.58293, 49.3684 ], [ 6.5867, 49.38515 ], [ 6.5407, 49.4011 ], [ 6.5386, 49.4124 ], [ 6.55721, 49.41941 ], [ 6.54118, 49.43287 ], [ 6.42814, 49.47697 ], [ 6.3934, 49.46417 ], [ 6.36773, 49.46942 ], [ 6.36885, 49.45987 ], [ 6.33403, 49.46694 ], [ 6.29622, 49.48019 ], [ 6.2988, 49.48863 ], [ 6.28884, 49.48482 ], [ 6.27966, 49.50336 ], [ 6.24065, 49.51494 ], [ 6.21378, 49.50629 ], [ 6.17514, 49.51035 ], [ 6.15389, 49.50163 ], [ 6.15943, 49.49177 ], [ 6.14077, 49.48667 ], [ 6.12804, 49.49392 ], [ 6.12345, 49.47347 ], [ 6.09981, 49.46746 ], [ 6.10077, 49.45289 ], [ 6.05811, 49.46644 ], [ 6.04177, 49.44786 ], [ 6.02725, 49.44826 ], [ 6.02807, 49.45575 ], [ 5.98031, 49.45187 ], [ 5.98807, 49.46129 ], [ 5.974, 49.46549 ], [ 5.97211, 49.49141 ], [ 5.94012, 49.50096 ], [ 5.89189, 49.49593 ], [ 5.89769, 49.48073 ], [ 5.92932, 49.48546 ], [ 5.94134, 49.47567 ], [ 5.93172, 49.47154 ], [ 5.94288, 49.45187 ], [ 5.93051, 49.44657 ], [ 5.94254, 49.43021 ], [ 5.91112, 49.4073 ], [ 5.9332, 49.39589 ], [ 5.93589, 49.37922 ], [ 5.92486, 49.37311 ], [ 5.97839, 49.34468 ], [ 5.94089, 49.33574 ], [ 5.98594, 49.30527 ], [ 6.00439, 49.31141 ], [ 6.00571, 49.25666 ], [ 6.03263, 49.25066 ], [ 6.02955, 49.23016 ], [ 6.00793, 49.22153 ], [ 6.00324, 49.20907 ], [ 5.98425, 49.20757 ], [ 5.97977, 49.18873 ], [ 6.03136, 49.1677 ] ] ] } },
{ "type": "Feature", "properties": { "dep_code": "58", "dep_name": "Nièvre" }, "geometry": { "type": "Polygon", "coordinates": [ [ [ 2.86964, 47.34086 ], [ 2.87657, 47.32187 ], [ 2.9108, 47.30981 ], [ 2.98308, 47.2608 ], [ 2.97887, 47.22957 ], [ 3.02828, 47.12843 ], [ 3.03137, 47.09248 ], [ 3.01934, 47.06817 ], [ 3.06381, 47.04608 ], [ 3.07516, 47.02932 ], [ 3.06258, 46.9792 ], [ 3.07962, 46.95564 ], [ 3.05001, 46.90888 ], [ 3.06946, 46.85239 ], [ 3.03259, 46.80021 ], [ 3.03703, 46.77393 ], [ 3.06647, 46.74579 ], [ 3.13066, 46.72674 ], [ 3.16612, 46.69138 ], [ 3.20437, 46.67886 ], [ 3.26961, 46.71673 ], [ 3.30063, 46.7165 ], [ 3.3136, 46.68904 ], [ 3.34656, 46.68455 ], [ 3.36564, 46.68972 ], [ 3.37896, 46.71248 ], [ 3.43436, 46.71241 ], [ 3.4332, 46.69343 ], [ 3.45527, 46.6825 ], [ 3.44208, 46.662 ], [ 3.4569, 46.65178 ], [ 3.48171, 46.65102 ], [ 3.51394, 46.68359 ], [ 3.5304, 46.68924 ], [ 3.54692, 46.67821 ], [ 3.56095, 46.68888 ], [ 3.5477, 46.72261 ], [ 3.56886, 46.71543 ], [ 3.57679, 46.72301 ], [ 3.57718, 46.71505 ], [ 3.59792, 46.72435 ], [ 3.57565, 46.74971 ], [ 3.5925, 46.76298 ], [ 3.6019, 46.75137 ], [ 3.62305, 46.75398 ], [ 3.63986, 46.73942 ], [ 3.6588, 46.73772 ], [ 3.7396, 46.75246 ], [ 3.78368, 46.73615 ], [ 3.77689, 46.72954 ], [ 3.79732, 46.7015 ], [ 3.82888, 46.70453 ], [ 3.84451, 46.72259 ], [ 3.87635, 46.73227 ], [ 3.88726, 46.72717 ], [ 3.91269, 46.7344 ], [ 3.91051, 46.74294 ], [ 3.92841, 46.73973 ], [ 3.92887, 46.75144 ], [ 3.94898, 46.75247 ], [ 3.9941, 46.7789 ], [ 4.01925, 46.77603 ], [ 4.0345, 46.78772 ], [ 4.05533, 46.7761 ], [ 4.05828, 46.82124 ], [ 4.04259, 46.83466 ], [ 4.10051, 46.86454 ], [ 4.07015, 46.89616 ], [ 4.04537, 46.89985 ], [ 4.03937, 46.90944 ], [ 4.03601, 46.92621 ], [ 4.04834, 46.93209 ], [ 4.03955, 46.94813 ], [ 4.0558, 46.95709 ], [ 4.03942, 46.98527 ], [ 4.00973, 46.97129 ], [ 3.99541, 46.97513 ], [ 3.99553, 46.98591 ], [ 4.03227, 46.99876 ], [ 4.06173, 47.02301 ], [ 4.05697, 47.03911 ], [ 4.07389, 47.05592 ], [ 4.03853, 47.08123 ], [ 4.05415, 47.09504 ], [ 4.05118, 47.11321 ], [ 4.06031, 47.12126 ], [ 4.09075, 47.11621 ], [ 4.09466, 47.12888 ], [ 4.1142, 47.11915 ], [ 4.115, 47.14613 ], [ 4.14455, 47.14263 ], [ 4.18547, 47.1527 ], [ 4.19697, 47.14745 ], [ 4.20969, 47.15545 ], [ 4.21047, 47.18038 ], [ 4.23191, 47.19833 ], [ 4.22156, 47.21975 ], [ 4.19225, 47.23434 ], [ 4.17911, 47.25446 ], [ 4.13515, 47.23736 ], [ 4.12538, 47.2477 ], [ 4.11452, 47.29223 ], [ 4.13409, 47.3061 ], [ 4.11384, 47.30804 ], [ 4.12897, 47.31725 ], [ 4.12477, 47.33588 ], [ 4.14099, 47.35675 ], [ 4.11297, 47.33398 ], [ 4.0444, 47.34048 ], [ 4.02756, 47.31347 ], [ 4.00265, 47.31046 ], [ 3.97361, 47.33143 ], [ 3.96184, 47.36773 ], [ 3.97301, 47.37592 ], [ 3.95017, 47.39398 ], [ 3.94437, 47.38011 ], [ 3.909, 47.38225 ], [ 3.88693, 47.36481 ], [ 3.87201, 47.36575 ], [ 3.85943, 47.3927 ], [ 3.89398, 47.41433 ], [ 3.86746, 47.43475 ], [ 3.8515, 47.43558 ], [ 3.84774, 47.41219 ], [ 3.83464, 47.40135 ], [ 3.83042, 47.40841 ], [ 3.81994, 47.40218 ], [ 3.83148, 47.39256 ], [ 3.81679, 47.37845 ], [ 3.78579, 47.39036 ], [ 3.78628, 47.40496 ], [ 3.726, 47.39822 ], [ 3.7023, 47.42672 ], [ 3.67372, 47.43404 ], [ 3.674, 47.45023 ], [ 3.61983, 47.45601 ], [ 3.61568, 47.46685 ], [ 3.58707, 47.45619 ], [ 3.58059, 47.4978 ], [ 3.55286, 47.50201 ], [ 3.51301, 47.52739 ], [ 3.49841, 47.56083 ], [ 3.48843, 47.49389 ], [ 3.45013, 47.49989 ], [ 3.44637, 47.51177 ], [ 3.39011, 47.50908 ], [ 3.37997, 47.48635 ], [ 3.36417, 47.4864 ], [ 3.34018, 47.46988 ], [ 3.3403, 47.48098 ], [ 3.2964, 47.49167 ], [ 3.28527, 47.50396 ], [ 3.27555, 47.49073 ], [ 3.23613, 47.48833 ], [ 3.20481, 47.52313 ], [ 3.16515, 47.51749 ], [ 3.13467, 47.54283 ], [ 3.1228, 47.53948 ], [ 3.12393, 47.5763 ], [ 3.1013, 47.58828 ], [ 3.02235, 47.55635 ], [ 2.99031, 47.56882 ], [ 2.95879, 47.55751 ], [ 2.91433, 47.56603 ], [ 2.90479, 47.55629 ], [ 2.8739, 47.55281 ], [ 2.8731, 47.54516 ], [ 2.86004, 47.55423 ], [ 2.84489, 47.54489 ], [ 2.88846, 47.50943 ], [ 2.93151, 47.4399 ], [ 2.86964, 47.34086 ] ] ] } },
{ "type": "Feature", "properties": { "dep_code": "59", "dep_name": "Nord" }, "geometry": { "type": "MultiPolygon", "coordinates": [ [ [ [ 3.04049, 50.15169 ], [ 3.00406, 50.1505 ], [ 2.99359, 50.13707 ], [ 3.01063, 50.11281 ], [ 3.03705, 50.13055 ], [ 3.07398, 50.13148 ], [ 3.06796, 50.14744 ], [ 3.09588, 50.16313 ], [ 3.08986, 50.17186 ], [ 3.0604, 50.17416 ], [ 3.04049, 50.15169 ] ] ], [ [ [ 2.7588, 50.65082 ], [ 2.77077, 50.66439 ], [ 2.80975, 50.66913 ], [ 2.86965, 50.6312 ], [ 2.84315, 50.62986 ], [ 2.78913, 50.58322 ], [ 2.80792, 50.57923 ], [ 2.81655, 50.56428 ], [ 2.81554, 50.55044 ], [ 2.79437, 50.54937 ], [ 2.80018, 50.52749 ], [ 2.88689, 50.53778 ], [ 2.88672, 50.5033 ], [ 2.91026, 50.49973 ], [ 2.96455, 50.51266 ], [ 3.03128, 50.48058 ], [ 3.02114, 50.48195 ], [ 3.00693, 50.45732 ], [ 3.01956, 50.45255 ], [ 3.01634, 50.4421 ], [ 3.03772, 50.44165 ], [ 3.06685, 50.45867 ], [ 3.06561, 50.44749 ], [ 3.08154, 50.44395 ], [ 3.06862, 50.42567 ], [ 3.03868, 50.42309 ], [ 3.01761, 50.40454 ], [ 2.97945, 50.40382 ], [ 3.00815, 50.35822 ], [ 3.04959, 50.34431 ], [ 3.08431, 50.31119 ], [ 3.05433, 50.30206 ], [ 3.05502, 50.28226 ], [ 3.0156, 50.28403 ], [ 3.01072, 50.269 ], [ 3.03375, 50.26601 ], [ 3.04854, 50.27794 ], [ 3.14084, 50.26505 ], [ 3.14704, 50.24632 ], [ 3.18765, 50.23295 ], [ 3.17873, 50.21905 ], [ 3.13839, 50.21714 ], [ 3.13128, 50.19958 ], [ 3.15638, 50.18156 ], [ 3.13753, 50.16668 ], [ 3.10093, 50.16202 ], [ 3.13633, 50.14299 ], [ 3.09229, 50.12097 ], [ 3.11411, 50.0926 ], [ 3.10337, 50.0787 ], [ 3.08812, 50.08317 ], [ 3.09841, 50.0682 ], [ 3.0834, 50.05693 ], [ 3.11672, 50.03752 ], [ 3.11849, 50.02609 ], [ 3.14988, 50.02732 ], [ 3.14716, 50.01848 ], [ 3.16707, 50.02107 ], [ 3.17296, 50.01131 ], [ 3.22731, 50.0325 ], [ 3.25824, 50.02437 ], [ 3.2581, 50.03201 ], [ 3.28595, 50.01362 ], [ 3.33711, 50.0171 ], [ 3.35249, 50.03581 ], [ 3.37749, 50.03666 ], [ 3.42824, 50.02207 ], [ 3.49066, 50.01889 ], [ 3.50714, 50.03578 ], [ 3.54394, 50.04627 ], [ 3.54136, 50.05521 ], [ 3.59496, 50.04414 ], [ 3.61412, 50.02505 ], [ 3.64086, 50.03902 ], [ 3.6589, 50.02933 ], [ 3.66231, 50.03911 ], [ 3.64862, 50.04282 ], [ 3.65971, 50.05138 ], [ 3.71524, 50.0695 ], [ 3.77744, 50.04593 ], [ 3.79791, 50.04849 ], [ 3.81564, 50.03893 ], [ 3.83561, 50.04836 ], [ 3.87505, 50.0365 ], [ 3.88711, 50.0302 ], [ 3.87832, 50.02789 ], [ 3.88743, 50.00955 ], [ 3.98232, 50.04443 ], [ 3.99561, 50.02804 ], [ 3.98108, 49.99366 ], [ 4.00534, 49.99613 ], [ 4.01197, 49.98552 ], [ 4.03178, 49.98241 ], [ 4.06015, 49.98472 ], [ 4.08372, 49.97887 ], [ 4.08525, 49.96908 ], [ 4.15492, 49.98511 ], [ 4.16186, 50.00055 ], [ 4.13588, 50.01488 ], [ 4.14424, 50.03074 ], [ 4.16228, 50.04935 ], [ 4.19428, 50.04942 ], [ 4.23126, 50.07137 ], [ 4.19676, 50.10642 ], [ 4.1998, 50.13392 ], [ 4.15721, 50.1353 ], [ 4.15444, 50.12786 ], [ 4.12706, 50.13557 ], [ 4.15529, 50.16297 ], [ 4.1481, 50.17426 ], [ 4.16047, 50.20232 ], [ 4.15037, 50.21361 ], [ 4.17284, 50.21711 ], [ 4.18155, 50.23228 ], [ 4.22004, 50.25164 ], [ 4.20819, 50.27299 ], [ 4.17742, 50.27504 ], [ 4.16262, 50.28895 ], [ 4.14928, 50.27552 ], [ 4.16767, 50.25949 ], [ 4.1355, 50.2574 ], [ 4.11819, 50.30315 ], [ 4.09718, 50.31351 ], [ 4.07891, 50.30966 ], [ 4.07819, 50.32078 ], [ 4.02422, 50.35918 ], [ 3.98552, 50.34206 ], [ 3.9732, 50.3479 ], [ 3.96557, 50.34149 ], [ 3.96841, 50.35006 ], [ 3.90092, 50.32699 ], [ 3.88568, 50.32698 ], [ 3.88719, 50.34096 ], [ 3.85717, 50.34224 ], [ 3.84703, 50.35297 ], [ 3.82434, 50.35345 ], [ 3.81527, 50.34489 ], [ 3.80655, 50.35535 ], [ 3.74721, 50.35099 ], [ 3.73364, 50.34265 ], [ 3.73187, 50.31152 ], [ 3.71004, 50.31956 ], [ 3.72014, 50.30502 ], [ 3.70993, 50.30317 ], [ 3.68392, 50.32028 ], [ 3.69383, 50.32183 ], [ 3.67472, 50.33289 ], [ 3.6573, 50.36857 ], [ 3.67496, 50.40236 ], [ 3.6628, 50.45602 ], [ 3.60754, 50.49723 ], [ 3.58541, 50.49053 ], [ 3.56829, 50.5009 ], [ 3.50073, 50.4867 ], [ 3.4963, 50.49887 ], [ 3.52001, 50.52362 ], [ 3.47442, 50.53367 ], [ 3.44897, 50.50659 ], [ 3.4384, 50.51069 ], [ 3.37644, 50.49111 ], [ 3.36188, 50.50399 ], [ 3.28852, 50.52581 ], [ 3.27957, 50.59592 ], [ 3.24007, 50.65863 ], [ 3.24122, 50.66884 ], [ 3.26528, 50.67708 ], [ 3.25285, 50.68976 ], [ 3.26105, 50.70134 ], [ 3.24524, 50.71304 ], [ 3.20538, 50.71188 ], [ 3.20978, 50.71746 ], [ 3.19123, 50.72561 ], [ 3.20001, 50.73456 ], [ 3.15037, 50.7901 ], [ 3.12703, 50.78635 ], [ 3.11255, 50.79452 ], [ 3.08769, 50.77295 ], [ 3.05547, 50.78053 ], [ 3.03402, 50.76988 ], [ 3.01486, 50.77373 ], [ 2.97298, 50.75049 ], [ 2.95095, 50.75185 ], [ 2.93743, 50.74354 ], [ 2.94471, 50.73211 ], [ 2.93145, 50.72794 ], [ 2.92865, 50.70891 ], [ 2.90575, 50.69239 ], [ 2.88534, 50.70648 ], [ 2.86972, 50.70326 ], [ 2.84809, 50.72302 ], [ 2.81925, 50.71551 ], [ 2.79012, 50.72576 ], [ 2.78304, 50.75152 ], [ 2.76601, 50.75462 ], [ 2.76122, 50.77195 ], [ 2.73036, 50.78815 ], [ 2.72411, 50.81058 ], [ 2.67894, 50.81343 ], [ 2.66925, 50.82265 ], [ 2.63507, 50.81291 ], [ 2.6167, 50.84796 ], [ 2.59903, 50.84893 ], [ 2.61287, 50.86756 ], [ 2.60805, 50.91009 ], [ 2.59018, 50.91874 ], [ 2.63293, 50.94618 ], [ 2.60701, 50.99119 ], [ 2.57403, 51.00324 ], [ 2.56284, 51.06492 ], [ 2.54551, 51.08899 ], [ 2.42412, 51.05595 ], [ 2.36638, 51.05168 ], [ 2.37523, 51.04198 ], [ 2.34281, 51.05741 ], [ 2.20997, 51.03197 ], [ 2.16333, 51.04411 ], [ 2.11046, 51.00576 ], [ 2.09149, 51.01567 ], [ 2.09408, 51.01301 ], [ 2.10236, 51.00637 ], [ 2.08932, 51.00255 ], [ 2.12262, 50.98108 ], [ 2.1851, 50.88187 ], [ 2.21336, 50.8106 ], [ 2.26998, 50.78277 ], [ 2.28798, 50.78703 ], [ 2.2889, 50.77699 ], [ 2.31259, 50.78725 ], [ 2.37015, 50.77141 ], [ 2.37143, 50.78467 ], [ 2.41148, 50.76667 ], [ 2.3389, 50.74011 ], [ 2.35077, 50.71986 ], [ 2.38758, 50.69963 ], [ 2.36366, 50.6848 ], [ 2.3749, 50.67174 ], [ 2.40344, 50.68167 ], [ 2.4291, 50.65702 ], [ 2.49668, 50.63071 ], [ 2.533, 50.6435 ], [ 2.54531, 50.62523 ], [ 2.56421, 50.62461 ], [ 2.5662, 50.63319 ], [ 2.59144, 50.63834 ], [ 2.59514, 50.63143 ], [ 2.61446, 50.63489 ], [ 2.63065, 50.61765 ], [ 2.67505, 50.62565 ], [ 2.67445, 50.63791 ], [ 2.69576, 50.62865 ], [ 2.71287, 50.63211 ], [ 2.7458, 50.60475 ], [ 2.7595, 50.63537 ], [ 2.78578, 50.62824 ], [ 2.79223, 50.63373 ], [ 2.7588, 50.65082 ] ] ] ] } },
{ "type": "Feature", "properties": { "dep_code": "60", "dep_name": "Oise" }, "geometry": { "type": "MultiPolygon", "coordinates": [ [ [ [ 2.99657, 49.19094 ], [ 2.9998, 49.18935 ], [ 2.99886, 49.19303 ], [ 2.99657, 49.19094 ] ] ], [ [ [ 2.99021, 49.21068 ], [ 3.00376, 49.21892 ], [ 2.99272, 49.22333 ], [ 2.99021, 49.21068 ] ] ], [ [ [ 3.04395, 49.22606 ], [ 3.0484, 49.22763 ], [ 3.04709, 49.2293 ], [ 3.04395, 49.22606 ] ] ], [ [ [ 1.7228, 49.54424 ], [ 1.74786, 49.53745 ], [ 1.7409, 49.51913 ], [ 1.71646, 49.50377 ], [ 1.73976, 49.49998 ], [ 1.7451, 49.48887 ], [ 1.74852, 49.50381 ], [ 1.77134, 49.5131 ], [ 1.79078, 49.49801 ], [ 1.77196, 49.48497 ], [ 1.7759, 49.47141 ], [ 1.72453, 49.44124 ], [ 1.71403, 49.40933 ], [ 1.71649, 49.40334 ], [ 1.74049, 49.40559 ], [ 1.72048, 49.39401 ], [ 1.76128, 49.36625 ], [ 1.77442, 49.33709 ], [ 1.77223, 49.29113 ], [ 1.79758, 49.28845 ], [ 1.79351, 49.27428 ], [ 1.80286, 49.27192 ], [ 1.7903, 49.24682 ], [ 1.76694, 49.25204 ], [ 1.75888, 49.27236 ], [ 1.70868, 49.2647 ], [ 1.70105, 49.25253 ], [ 1.69896, 49.23501 ], [ 1.71259, 49.24125 ], [ 1.71211, 49.23302 ], [ 1.74044, 49.22428 ], [ 1.71553, 49.20266 ], [ 1.75486, 49.17459 ], [ 1.80308, 49.18511 ], [ 1.81178, 49.17397 ], [ 1.83585, 49.17641 ], [ 1.83642, 49.1645 ], [ 1.87614, 49.17505 ], [ 1.88744, 49.16302 ], [ 1.93154, 49.17504 ], [ 1.94974, 49.17048 ], [ 1.97358, 49.18386 ], [ 2.00268, 49.17602 ], [ 2.08074, 49.21072 ], [ 2.09772, 49.18917 ], [ 2.12798, 49.19359 ], [ 2.13648, 49.179 ], [ 2.14728, 49.18805 ], [ 2.16454, 49.17953 ], [ 2.15803, 49.17263 ], [ 2.16879, 49.16395 ], [ 2.18225, 49.17038 ], [ 2.17609, 49.17603 ], [ 2.21865, 49.18069 ], [ 2.23539, 49.16699 ], [ 2.21684, 49.15389 ], [ 2.24132, 49.15159 ], [ 2.28648, 49.15987 ], [ 2.3108, 49.18675 ], [ 2.35934, 49.14733 ], [ 2.37291, 49.15947 ], [ 2.3912, 49.14931 ], [ 2.43968, 49.14637 ], [ 2.43548, 49.13405 ], [ 2.45887, 49.1409 ], [ 2.47154, 49.1354 ], [ 2.50301, 49.11767 ], [ 2.49007, 49.10625 ], [ 2.53126, 49.09946 ], [ 2.53296, 49.11951 ], [ 2.54713, 49.11638 ], [ 2.55332, 49.12456 ], [ 2.55793, 49.09872 ], [ 2.57858, 49.09198 ], [ 2.58356, 49.07983 ], [ 2.63391, 49.1086 ], [ 2.67753, 49.08819 ], [ 2.6958, 49.06456 ], [ 2.72418, 49.08067 ], [ 2.73461, 49.06053 ], [ 2.77787, 49.07026 ], [ 2.78728, 49.07553 ], [ 2.76871, 49.08334 ], [ 2.78913, 49.083 ], [ 2.78387, 49.0889 ], [ 2.80921, 49.09753 ], [ 2.82239, 49.08623 ], [ 2.84508, 49.08483 ], [ 2.85612, 49.07009 ], [ 2.89571, 49.07725 ], [ 2.90155, 49.08537 ], [ 2.94149, 49.07726 ], [ 2.94582, 49.08832 ], [ 2.96801, 49.09152 ], [ 2.98285, 49.07109 ], [ 3.00854, 49.09161 ], [ 3.06614, 49.08519 ], [ 3.05621, 49.10194 ], [ 3.09834, 49.13111 ], [ 3.09409, 49.14239 ], [ 3.11113, 49.13169 ], [ 3.10511, 49.14797 ], [ 3.12753, 49.14505 ], [ 3.14835, 49.16099 ], [ 3.10815, 49.16592 ], [ 3.11718, 49.18946 ], [ 3.10106, 49.19791 ], [ 3.08428, 49.17297 ], [ 3.09301, 49.15487 ], [ 3.08153, 49.16526 ], [ 3.08434, 49.19276 ], [ 3.07439, 49.19709 ], [ 3.06375, 49.19303 ], [ 3.05629, 49.20007 ], [ 3.06509, 49.20487 ], [ 3.03541, 49.20514 ], [ 3.01768, 49.21703 ], [ 2.9944, 49.20949 ], [ 2.99653, 49.1999 ], [ 3.00891, 49.18421 ], [ 3.02607, 49.19297 ], [ 3.03801, 49.16913 ], [ 3.02286, 49.1702 ], [ 3.01616, 49.18271 ], [ 3.0058, 49.18296 ], [ 2.99663, 49.18688 ], [ 2.99288, 49.19572 ], [ 2.97498, 49.18662 ], [ 2.95804, 49.22692 ], [ 3.00274, 49.23572 ], [ 3.01637, 49.23022 ], [ 3.00382, 49.22162 ], [ 3.02216, 49.21616 ], [ 3.04187, 49.23043 ], [ 3.02572, 49.25937 ], [ 3.03749, 49.28632 ], [ 3.02843, 49.28999 ], [ 3.01712, 49.27996 ], [ 3.02054, 49.29028 ], [ 2.98609, 49.28782 ], [ 2.99561, 49.29634 ], [ 2.96789, 49.3026 ], [ 2.98032, 49.31125 ], [ 2.96731, 49.32482 ], [ 3.00165, 49.34028 ], [ 3.04412, 49.32895 ], [ 3.07511, 49.34905 ], [ 3.0771, 49.37147 ], [ 3.09496, 49.37652 ], [ 3.09419, 49.43398 ], [ 3.10051, 49.4393 ], [ 3.13136, 49.4316 ], [ 3.16514, 49.44084 ], [ 3.16064, 49.45187 ], [ 3.10732, 49.46821 ], [ 3.12437, 49.48013 ], [ 3.12181, 49.49382 ], [ 3.09547, 49.51362 ], [ 3.12572, 49.52336 ], [ 3.12649, 49.5729 ], [ 3.14068, 49.5751 ], [ 3.12204, 49.604 ], [ 3.09359, 49.62249 ], [ 3.11281, 49.63131 ], [ 3.09751, 49.6568 ], [ 3.11732, 49.66683 ], [ 3.1278, 49.66185 ], [ 3.11435, 49.68374 ], [ 3.12636, 49.69667 ], [ 3.11832, 49.70597 ], [ 3.09666, 49.70582 ], [ 3.08357, 49.69046 ], [ 3.08337, 49.71273 ], [ 3.05237, 49.71394 ], [ 3.05546, 49.69359 ], [ 3.04047, 49.69696 ], [ 3.02824, 49.67993 ], [ 2.99696, 49.70771 ], [ 2.97733, 49.70571 ], [ 2.97381, 49.69727 ], [ 2.94848, 49.69421 ], [ 2.95531, 49.66516 ], [ 2.94011, 49.68045 ], [ 2.93035, 49.67672 ], [ 2.938, 49.68144 ], [ 2.92547, 49.68301 ], [ 2.91348, 49.70973 ], [ 2.89197, 49.69876 ], [ 2.88211, 49.71381 ], [ 2.86632, 49.70265 ], [ 2.88774, 49.68772 ], [ 2.88855, 49.67096 ], [ 2.86582, 49.68553 ], [ 2.84333, 49.65849 ], [ 2.79686, 49.66058 ], [ 2.78922, 49.64016 ], [ 2.79903, 49.62052 ], [ 2.78651, 49.61209 ], [ 2.73883, 49.62726 ], [ 2.68871, 49.62544 ], [ 2.66811, 49.59906 ], [ 2.67084, 49.58147 ], [ 2.64973, 49.57178 ], [ 2.6295, 49.57954 ], [ 2.62604, 49.61094 ], [ 2.59322, 49.61231 ], [ 2.57103, 49.59667 ], [ 2.55911, 49.60541 ], [ 2.56642, 49.61903 ], [ 2.54129, 49.6155 ], [ 2.54097, 49.62487 ], [ 2.50521, 49.63958 ], [ 2.47786, 49.62066 ], [ 2.4636, 49.62758 ], [ 2.47295, 49.63556 ], [ 2.45346, 49.63543 ], [ 2.44542, 49.65304 ], [ 2.41259, 49.66305 ], [ 2.3884, 49.65586 ], [ 2.3709, 49.65643 ], [ 2.36194, 49.66681 ], [ 2.35071, 49.66109 ], [ 2.31544, 49.68999 ], [ 2.30177, 49.68105 ], [ 2.24712, 49.70172 ], [ 2.18212, 49.70416 ], [ 2.15176, 49.70216 ], [ 2.12421, 49.68786 ], [ 2.08156, 49.69386 ], [ 2.05615, 49.68389 ], [ 2.04827, 49.68824 ], [ 2.06402, 49.68776 ], [ 2.05939, 49.69733 ], [ 2.04668, 49.69688 ], [ 2.03468, 49.71055 ], [ 1.97805, 49.70973 ], [ 1.97168, 49.72021 ], [ 1.94876, 49.7007 ], [ 1.93326, 49.72001 ], [ 1.8943, 49.6992 ], [ 1.84906, 49.70171 ], [ 1.83776, 49.71821 ], [ 1.82043, 49.72266 ], [ 1.83956, 49.7393 ], [ 1.82072, 49.73918 ], [ 1.80922, 49.75445 ], [ 1.79415, 49.75002 ], [ 1.79089, 49.75761 ], [ 1.74976, 49.76386 ], [ 1.73882, 49.74926 ], [ 1.74589, 49.73874 ], [ 1.71309, 49.73418 ], [ 1.71371, 49.70577 ], [ 1.68885, 49.69531 ], [ 1.7052, 49.6813 ], [ 1.73983, 49.70144 ], [ 1.75101, 49.69524 ], [ 1.75237, 49.68069 ], [ 1.72288, 49.67235 ], [ 1.72144, 49.65862 ], [ 1.69865, 49.64453 ], [ 1.72156, 49.62357 ], [ 1.69391, 49.60115 ], [ 1.70919, 49.58693 ], [ 1.72226, 49.58897 ], [ 1.72008, 49.58168 ], [ 1.69039, 49.57995 ], [ 1.70082, 49.57968 ], [ 1.69769, 49.57228 ], [ 1.71403, 49.57765 ], [ 1.7228, 49.54424 ] ] ] ] } },
{ "type": "Feature", "properties": { "dep_code": "61", "dep_name": "Orne" }, "geometry": { "type": "Polygon", "coordinates": [ [ [ -0.73669, 48.67991 ], [ -0.77307, 48.65789 ], [ -0.7631, 48.63137 ], [ -0.73839, 48.62241 ], [ -0.75274, 48.62233 ], [ -0.77382, 48.56344 ], [ -0.81391, 48.54526 ], [ -0.86054, 48.50247 ], [ -0.81473, 48.47215 ], [ -0.81296, 48.45513 ], [ -0.79676, 48.4662 ], [ -0.77789, 48.46553 ], [ -0.77979, 48.44606 ], [ -0.76456, 48.43634 ], [ -0.71488, 48.44904 ], [ -0.73595, 48.46135 ], [ -0.73084, 48.47318 ], [ -0.71412, 48.46918 ], [ -0.70532, 48.47569 ], [ -0.69219, 48.46806 ], [ -0.66586, 48.48583 ], [ -0.65108, 48.44395 ], [ -0.59534, 48.47263 ], [ -0.55123, 48.47333 ], [ -0.51009, 48.50902 ], [ -0.48891, 48.50128 ], [ -0.44736, 48.51541 ], [ -0.42344, 48.5068 ], [ -0.39761, 48.51065 ], [ -0.35316, 48.48372 ], [ -0.35593, 48.49571 ], [ -0.33719, 48.50079 ], [ -0.3201, 48.52312 ], [ -0.2881, 48.51936 ], [ -0.28519, 48.50636 ], [ -0.27147, 48.50741 ], [ -0.27484, 48.51791 ], [ -0.24088, 48.53686 ], [ -0.26274, 48.54841 ], [ -0.24278, 48.56799 ], [ -0.21715, 48.55801 ], [ -0.20823, 48.56423 ], [ -0.14437, 48.52773 ], [ -0.17326, 48.50978 ], [ -0.15613, 48.49599 ], [ -0.14673, 48.45643 ], [ -0.10626, 48.44703 ], [ -0.07312, 48.45059 ], [ -0.07066, 48.45842 ], [ -0.05099, 48.45289 ], [ -0.05027, 48.37522 ], [ -0.00249, 48.39754 ], [ 0.01647, 48.38133 ], [ 0.06118, 48.37985 ], [ 0.05382, 48.3919 ], [ 0.07055, 48.40909 ], [ 0.09987, 48.41019 ], [ 0.11743, 48.43638 ], [ 0.15732, 48.44045 ], [ 0.14589, 48.45759 ], [ 0.17097, 48.44944 ], [ 0.17343, 48.4653 ], [ 0.24891, 48.47396 ], [ 0.26545, 48.48503 ], [ 0.30058, 48.48058 ], [ 0.35679, 48.45783 ], [ 0.38262, 48.42513 ], [ 0.37386, 48.38697 ], [ 0.38254, 48.33399 ], [ 0.39571, 48.32033 ], [ 0.40599, 48.31483 ], [ 0.41636, 48.32236 ], [ 0.43133, 48.30664 ], [ 0.48054, 48.29854 ], [ 0.49024, 48.30962 ], [ 0.50749, 48.29534 ], [ 0.49349, 48.28337 ], [ 0.51299, 48.26667 ], [ 0.53262, 48.26478 ], [ 0.53647, 48.24935 ], [ 0.62432, 48.2455 ], [ 0.63394, 48.23429 ], [ 0.64022, 48.26136 ], [ 0.68308, 48.25504 ], [ 0.72357, 48.19831 ], [ 0.75769, 48.17989 ], [ 0.83068, 48.21076 ], [ 0.78745, 48.26129 ], [ 0.7935, 48.28432 ], [ 0.80767, 48.28983 ], [ 0.7785, 48.3034 ], [ 0.75569, 48.29992 ], [ 0.76912, 48.32242 ], [ 0.79146, 48.3428 ], [ 0.81844, 48.34955 ], [ 0.82799, 48.34231 ], [ 0.83993, 48.35272 ], [ 0.8835, 48.35654 ], [ 0.90063, 48.37398 ], [ 0.90914, 48.37031 ], [ 0.95043, 48.39945 ], [ 0.94442, 48.41711 ], [ 0.97641, 48.43877 ], [ 0.9416, 48.45686 ], [ 0.93569, 48.4756 ], [ 0.95637, 48.48244 ], [ 0.94147, 48.49883 ], [ 0.96742, 48.52385 ], [ 0.92252, 48.53774 ], [ 0.93933, 48.54918 ], [ 0.92572, 48.55986 ], [ 0.85064, 48.58263 ], [ 0.8471, 48.60969 ], [ 0.81717, 48.61546 ], [ 0.83176, 48.63342 ], [ 0.82168, 48.63606 ], [ 0.81482, 48.67016 ], [ 0.76872, 48.6699 ], [ 0.76651, 48.69663 ], [ 0.72866, 48.70682 ], [ 0.77503, 48.73735 ], [ 0.74947, 48.76065 ], [ 0.7594, 48.76758 ], [ 0.60756, 48.83279 ], [ 0.63623, 48.85442 ], [ 0.60917, 48.85331 ], [ 0.60234, 48.86263 ], [ 0.61546, 48.87753 ], [ 0.58963, 48.8726 ], [ 0.59503, 48.88857 ], [ 0.57803, 48.89371 ], [ 0.55128, 48.87443 ], [ 0.46316, 48.88849 ], [ 0.45278, 48.87912 ], [ 0.44311, 48.88128 ], [ 0.4482, 48.89128 ], [ 0.42058, 48.88693 ], [ 0.42125, 48.89868 ], [ 0.38605, 48.91049 ], [ 0.41215, 48.94632 ], [ 0.40017, 48.9528 ], [ 0.4063, 48.96324 ], [ 0.37746, 48.97254 ], [ 0.35851, 48.95064 ], [ 0.33289, 48.94262 ], [ 0.30846, 48.95437 ], [ 0.27743, 48.95004 ], [ 0.27638, 48.96569 ], [ 0.24637, 48.96021 ], [ 0.23244, 48.93929 ], [ 0.19522, 48.94354 ], [ 0.16977, 48.92631 ], [ 0.15392, 48.92448 ], [ 0.12754, 48.9523 ], [ 0.10068, 48.93438 ], [ 0.08105, 48.93838 ], [ 0.05624, 48.90179 ], [ -0.00703, 48.88569 ], [ -0.0061, 48.87241 ], [ -0.02682, 48.87655 ], [ -0.06687, 48.83968 ], [ -0.11515, 48.83923 ], [ -0.12594, 48.84727 ], [ -0.12333, 48.83968 ], [ -0.14638, 48.83461 ], [ -0.1277, 48.81647 ], [ -0.16998, 48.82473 ], [ -0.20502, 48.84679 ], [ -0.21334, 48.84024 ], [ -0.26171, 48.85363 ], [ -0.29894, 48.84925 ], [ -0.30604, 48.85844 ], [ -0.33017, 48.85643 ], [ -0.32654, 48.83998 ], [ -0.34559, 48.82194 ], [ -0.3733, 48.83495 ], [ -0.36033, 48.84813 ], [ -0.38568, 48.84513 ], [ -0.40632, 48.87006 ], [ -0.42639, 48.86558 ], [ -0.43252, 48.87503 ], [ -0.43397, 48.86881 ], [ -0.46351, 48.87146 ], [ -0.4763, 48.85889 ], [ -0.4964, 48.85843 ], [ -0.49932, 48.84702 ], [ -0.54881, 48.84803 ], [ -0.57116, 48.83024 ], [ -0.58059, 48.83804 ], [ -0.6455, 48.82728 ], [ -0.64362, 48.84111 ], [ -0.69385, 48.84738 ], [ -0.70564, 48.83688 ], [ -0.68209, 48.82187 ], [ -0.71253, 48.80068 ], [ -0.78066, 48.78659 ], [ -0.82111, 48.75303 ], [ -0.85225, 48.74565 ], [ -0.84983, 48.73092 ], [ -0.81778, 48.7312 ], [ -0.7912, 48.70461 ], [ -0.74303, 48.69003 ], [ -0.73669, 48.67991 ] ], [ [ -0.43301, 48.86317 ], [ -0.43339, 48.86594 ], [ -0.43138, 48.86576 ], [ -0.43301, 48.86317 ] ] ] } },
{ "type": "Feature", "properties": { "dep_code": "62", "dep_name": "Pas-de-Calais" }, "geometry": { "type": "Polygon", "coordinates": [ [ [ 1.55634, 50.39701 ], [ 1.57928, 50.3774 ], [ 1.62977, 50.36941 ], [ 1.64495, 50.33931 ], [ 1.66171, 50.33848 ], [ 1.66557, 50.32975 ], [ 1.69315, 50.33784 ], [ 1.68972, 50.34375 ], [ 1.69435, 50.3389 ], [ 1.77884, 50.36197 ], [ 1.85169, 50.34327 ], [ 1.88139, 50.31812 ], [ 1.90802, 50.31163 ], [ 1.94629, 50.33171 ], [ 1.96336, 50.31164 ], [ 1.93163, 50.29918 ], [ 1.94974, 50.28623 ], [ 1.96002, 50.29065 ], [ 2.07686, 50.25156 ], [ 2.06341, 50.23459 ], [ 2.08765, 50.20033 ], [ 2.09458, 50.20842 ], [ 2.11433, 50.20303 ], [ 2.12922, 50.2099 ], [ 2.14904, 50.19087 ], [ 2.17382, 50.20919 ], [ 2.21305, 50.21871 ], [ 2.22479, 50.20812 ], [ 2.24615, 50.21107 ], [ 2.26986, 50.22901 ], [ 2.29881, 50.21194 ], [ 2.32035, 50.22042 ], [ 2.32716, 50.21315 ], [ 2.33145, 50.22255 ], [ 2.31464, 50.23488 ], [ 2.33321, 50.23905 ], [ 2.35916, 50.20623 ], [ 2.40408, 50.23409 ], [ 2.45078, 50.23081 ], [ 2.49533, 50.19463 ], [ 2.42614, 50.17904 ], [ 2.41335, 50.16242 ], [ 2.38897, 50.15493 ], [ 2.3754, 50.10935 ], [ 2.39481, 50.11027 ], [ 2.41871, 50.08784 ], [ 2.43011, 50.08841 ], [ 2.45502, 50.13139 ], [ 2.51519, 50.14096 ], [ 2.53338, 50.11395 ], [ 2.5573, 50.14258 ], [ 2.58681, 50.13725 ], [ 2.56995, 50.12238 ], [ 2.57604, 50.11335 ], [ 2.59298, 50.10652 ], [ 2.62828, 50.10935 ], [ 2.63843, 50.09735 ], [ 2.69075, 50.09304 ], [ 2.70373, 50.0807 ], [ 2.71908, 50.0878 ], [ 2.69565, 50.10219 ], [ 2.71408, 50.10985 ], [ 2.70885, 50.12861 ], [ 2.76246, 50.1097 ], [ 2.7769, 50.11592 ], [ 2.78208, 50.09106 ], [ 2.75894, 50.06822 ], [ 2.76402, 50.0607 ], [ 2.74247, 50.04821 ], [ 2.75308, 50.03853 ], [ 2.7855, 50.05137 ], [ 2.78866, 50.0452 ], [ 2.82217, 50.06758 ], [ 2.83343, 50.06393 ], [ 2.84806, 50.07837 ], [ 2.87775, 50.04277 ], [ 2.84991, 50.03046 ], [ 2.86379, 50.0199 ], [ 2.89692, 50.03747 ], [ 2.91708, 50.0349 ], [ 2.92026, 50.04908 ], [ 2.93293, 50.0433 ], [ 2.94571, 50.05411 ], [ 2.97178, 50.04155 ], [ 3.01476, 50.05921 ], [ 3.07906, 50.04559 ], [ 3.08662, 50.06687 ], [ 3.09841, 50.0682 ], [ 3.08812, 50.08317 ], [ 3.10337, 50.0787 ], [ 3.11411, 50.0926 ], [ 3.09229, 50.12097 ], [ 3.13633, 50.14299 ], [ 3.10093, 50.16202 ], [ 3.13753, 50.16668 ], [ 3.15638, 50.18156 ], [ 3.13128, 50.19958 ], [ 3.13839, 50.21714 ], [ 3.17873, 50.21905 ], [ 3.18822, 50.22878 ], [ 3.17562, 50.24142 ], [ 3.14704, 50.24632 ], [ 3.14084, 50.26505 ], [ 3.04854, 50.27794 ], [ 3.03375, 50.26601 ], [ 3.01072, 50.269 ], [ 3.0156, 50.28403 ], [ 3.05502, 50.28226 ], [ 3.05433, 50.30206 ], [ 3.08431, 50.31119 ], [ 3.04959, 50.34431 ], [ 3.00815, 50.35822 ], [ 2.97945, 50.40382 ], [ 3.01761, 50.40454 ], [ 3.03868, 50.42309 ], [ 3.06862, 50.42567 ], [ 3.08154, 50.44395 ], [ 3.06561, 50.44749 ], [ 3.06685, 50.45867 ], [ 3.03772, 50.44165 ], [ 3.01634, 50.4421 ], [ 3.01956, 50.45255 ], [ 3.00693, 50.45732 ], [ 3.02114, 50.48195 ], [ 3.03128, 50.48058 ], [ 2.96455, 50.51266 ], [ 2.91026, 50.49973 ], [ 2.88672, 50.5033 ], [ 2.88689, 50.53778 ], [ 2.80018, 50.52749 ], [ 2.79437, 50.54937 ], [ 2.81554, 50.55044 ], [ 2.81655, 50.56428 ], [ 2.80792, 50.57923 ], [ 2.78913, 50.58322 ], [ 2.84315, 50.62986 ], [ 2.86965, 50.6312 ], [ 2.8391, 50.65758 ], [ 2.80975, 50.66913 ], [ 2.77012, 50.66408 ], [ 2.7588, 50.65082 ], [ 2.79223, 50.63373 ], [ 2.78578, 50.62824 ], [ 2.7595, 50.63537 ], [ 2.7458, 50.60475 ], [ 2.71287, 50.63211 ], [ 2.69576, 50.62865 ], [ 2.67445, 50.63791 ], [ 2.67505, 50.62565 ], [ 2.63065, 50.61765 ], [ 2.61446, 50.63489 ], [ 2.59514, 50.63143 ], [ 2.59144, 50.63834 ], [ 2.5662, 50.63319 ], [ 2.56421, 50.62461 ], [ 2.54531, 50.62523 ], [ 2.533, 50.6435 ], [ 2.49668, 50.63071 ], [ 2.4291, 50.65702 ], [ 2.40344, 50.68167 ], [ 2.3749, 50.67174 ], [ 2.36366, 50.6848 ], [ 2.38758, 50.69963 ], [ 2.35077, 50.71986 ], [ 2.3389, 50.74011 ], [ 2.41148, 50.76667 ], [ 2.37143, 50.78467 ], [ 2.37015, 50.77141 ], [ 2.31259, 50.78725 ], [ 2.2889, 50.77699 ], [ 2.28798, 50.78703 ], [ 2.26998, 50.78277 ], [ 2.21336, 50.8106 ], [ 2.20368, 50.84957 ], [ 2.13535, 50.96452 ], [ 2.09363, 51.0034 ], [ 2.0744, 51.00671 ], [ 2.09195, 51.00988 ], [ 2.04872, 51.00397 ], [ 2.04267, 50.99725 ], [ 1.91567, 50.98409 ], [ 1.88875, 50.97252 ], [ 1.87443, 50.98196 ], [ 1.85363, 50.98123 ], [ 1.83687, 50.9644 ], [ 1.72613, 50.93663 ], [ 1.64336, 50.87866 ], [ 1.5821, 50.87126 ], [ 1.60692, 50.77062 ], [ 1.59428, 50.75048 ], [ 1.60147, 50.72361 ], [ 1.5853, 50.73165 ], [ 1.5755, 50.71691 ], [ 1.57103, 50.71983 ], [ 1.5751, 50.72791 ], [ 1.57192, 50.7276 ], [ 1.5705, 50.7248 ], [ 1.56277, 50.72532 ], [ 1.56388, 50.72306 ], [ 1.5736, 50.71663 ], [ 1.56079, 50.69846 ], [ 1.57818, 50.64071 ], [ 1.57627, 50.57339 ], [ 1.64442, 50.5092 ], [ 1.59849, 50.52711 ], [ 1.58643, 50.53954 ], [ 1.55634, 50.39701 ] ], [ [ 3.00339, 50.14884 ], [ 3.04049, 50.15169 ], [ 3.05892, 50.1741 ], [ 3.09251, 50.17054 ], [ 3.09546, 50.16255 ], [ 3.06796, 50.14744 ], [ 3.07398, 50.13148 ], [ 3.03705, 50.13055 ], [ 3.01063, 50.11281 ], [ 2.99359, 50.13707 ], [ 3.00339, 50.14884 ] ] ] } },
{ "type": "Feature", "properties": { "dep_code": "63", "dep_name": "Puy-de-Dôme" }, "geometry": { "type": "Polygon", "coordinates": [ [ [ 2.45492, 45.76131 ], [ 2.4741, 45.74575 ], [ 2.48597, 45.74772 ], [ 2.52356, 45.71125 ], [ 2.52693, 45.69487 ], [ 2.52857, 45.68201 ], [ 2.5126, 45.66962 ], [ 2.52868, 45.65875 ], [ 2.52033, 45.64093 ], [ 2.48449, 45.6403 ], [ 2.48032, 45.61137 ], [ 2.46112, 45.59617 ], [ 2.49089, 45.56051 ], [ 2.51705, 45.55216 ], [ 2.5084, 45.47834 ], [ 2.54386, 45.47906 ], [ 2.53621, 45.45678 ], [ 2.56363, 45.46582 ], [ 2.58674, 45.44952 ], [ 2.60376, 45.45008 ], [ 2.61771, 45.47009 ], [ 2.62382, 45.44394 ], [ 2.64784, 45.44395 ], [ 2.66269, 45.43417 ], [ 2.68742, 45.43825 ], [ 2.68061, 45.4074 ], [ 2.70405, 45.39892 ], [ 2.71453, 45.3815 ], [ 2.74239, 45.39334 ], [ 2.78514, 45.38458 ], [ 2.81389, 45.40151 ], [ 2.82919, 45.38972 ], [ 2.85235, 45.39231 ], [ 2.86763, 45.3763 ], [ 2.88644, 45.38299 ], [ 2.90067, 45.37079 ], [ 2.92273, 45.36815 ], [ 2.94861, 45.30912 ], [ 2.99953, 45.29045 ], [ 3.0183, 45.28707 ], [ 3.02216, 45.29567 ], [ 3.05911, 45.30681 ], [ 3.06027, 45.33084 ], [ 3.08718, 45.33863 ], [ 3.09605, 45.35202 ], [ 3.18089, 45.35106 ], [ 3.18165, 45.36493 ], [ 3.21837, 45.36927 ], [ 3.23588, 45.39474 ], [ 3.25391, 45.38856 ], [ 3.29009, 45.40109 ], [ 3.29833, 45.42045 ], [ 3.32011, 45.41322 ], [ 3.32745, 45.39675 ], [ 3.34067, 45.42155 ], [ 3.35595, 45.42264 ], [ 3.37846, 45.40065 ], [ 3.42033, 45.39737 ], [ 3.46261, 45.40163 ], [ 3.47978, 45.4211 ], [ 3.50126, 45.42761 ], [ 3.50758, 45.41005 ], [ 3.52883, 45.39885 ], [ 3.55651, 45.39165 ], [ 3.57058, 45.4021 ], [ 3.58972, 45.35748 ], [ 3.61857, 45.33751 ], [ 3.64486, 45.35934 ], [ 3.66382, 45.36153 ], [ 3.67024, 45.38355 ], [ 3.6907, 45.38006 ], [ 3.6889, 45.37349 ], [ 3.7075, 45.37572 ], [ 3.69989, 45.35946 ], [ 3.72969, 45.36131 ], [ 3.77732, 45.34915 ], [ 3.79005, 45.35388 ], [ 3.78522, 45.37049 ], [ 3.80494, 45.3921 ], [ 3.8223, 45.38014 ], [ 3.83624, 45.38308 ], [ 3.83741, 45.36588 ], [ 3.84629, 45.37054 ], [ 3.85464, 45.35976 ], [ 3.89195, 45.35402 ], [ 3.89851, 45.41027 ], [ 3.91409, 45.42258 ], [ 3.96114, 45.43453 ], [ 3.95993, 45.44355 ], [ 3.97511, 45.44827 ], [ 3.96638, 45.47203 ], [ 3.98359, 45.48236 ], [ 3.98466, 45.49539 ], [ 3.9654, 45.50025 ], [ 3.95879, 45.51201 ], [ 3.94596, 45.54441 ], [ 3.95448, 45.55583 ], [ 3.90681, 45.59764 ], [ 3.88064, 45.60425 ], [ 3.85823, 45.6251 ], [ 3.82343, 45.63257 ], [ 3.77674, 45.69135 ], [ 3.78092, 45.72467 ], [ 3.75778, 45.74694 ], [ 3.74594, 45.7411 ], [ 3.7271, 45.75554 ], [ 3.73882, 45.76641 ], [ 3.73182, 45.77451 ], [ 3.68842, 45.79145 ], [ 3.72187, 45.81367 ], [ 3.72837, 45.8313 ], [ 3.71902, 45.85115 ], [ 3.72852, 45.86268 ], [ 3.71546, 45.87053 ], [ 3.73888, 45.87232 ], [ 3.75437, 45.88613 ], [ 3.74812, 45.89839 ], [ 3.72343, 45.92192 ], [ 3.69402, 45.93073 ], [ 3.67685, 45.95805 ], [ 3.64147, 45.96683 ], [ 3.632, 45.96101 ], [ 3.6254, 45.98586 ], [ 3.59232, 46.02425 ], [ 3.54362, 46.01319 ], [ 3.52355, 46.02191 ], [ 3.52524, 46.01074 ], [ 3.50661, 46.01713 ], [ 3.46389, 46.00819 ], [ 3.46181, 46.03985 ], [ 3.472, 46.03963 ], [ 3.45948, 46.06107 ], [ 3.43455, 46.0606 ], [ 3.4196, 46.07442 ], [ 3.33161, 46.04395 ], [ 3.33524, 46.05502 ], [ 3.30246, 46.06594 ], [ 3.24486, 46.06217 ], [ 3.21454, 46.07495 ], [ 3.18406, 46.075 ], [ 3.17458, 46.06583 ], [ 3.1314, 46.06933 ], [ 3.09821, 46.08349 ], [ 3.09111, 46.11425 ], [ 3.06612, 46.10257 ], [ 3.01591, 46.10247 ], [ 3.00168, 46.1201 ], [ 2.97144, 46.12152 ], [ 2.96245, 46.13035 ], [ 2.9529, 46.17113 ], [ 2.91037, 46.17851 ], [ 2.92119, 46.18238 ], [ 2.91455, 46.21379 ], [ 2.94116, 46.22453 ], [ 2.93152, 46.23267 ], [ 2.94593, 46.2417 ], [ 2.92182, 46.25027 ], [ 2.86493, 46.24954 ], [ 2.85989, 46.25659 ], [ 2.83817, 46.25139 ], [ 2.81891, 46.24149 ], [ 2.82345, 46.22049 ], [ 2.80862, 46.19474 ], [ 2.73262, 46.22349 ], [ 2.72085, 46.212 ], [ 2.73215, 46.19452 ], [ 2.72317, 46.18145 ], [ 2.67496, 46.17225 ], [ 2.6685, 46.14405 ], [ 2.64068, 46.11836 ], [ 2.61041, 46.12988 ], [ 2.59072, 46.12701 ], [ 2.56298, 46.14278 ], [ 2.5473, 46.11283 ], [ 2.55049, 46.08565 ], [ 2.57034, 46.04741 ], [ 2.60269, 46.0332 ], [ 2.59322, 45.99031 ], [ 2.61128, 45.97199 ], [ 2.5632, 45.95615 ], [ 2.56972, 45.94738 ], [ 2.55123, 45.94123 ], [ 2.54137, 45.92059 ], [ 2.55762, 45.91255 ], [ 2.51417, 45.88558 ], [ 2.50215, 45.88856 ], [ 2.49216, 45.86416 ], [ 2.47034, 45.87254 ], [ 2.44316, 45.86626 ], [ 2.44762, 45.84563 ], [ 2.43594, 45.84701 ], [ 2.4306, 45.83418 ], [ 2.40315, 45.83869 ], [ 2.38806, 45.8274 ], [ 2.42699, 45.7945 ], [ 2.43561, 45.76677 ], [ 2.44739, 45.75719 ], [ 2.45492, 45.76131 ] ] ] } },
{ "type": "Feature", "properties": { "dep_code": "64", "dep_name": "Pyrénées-Atlantiques" }, "geometry": { "type": "MultiPolygon", "coordinates": [ [ [ [ -1.74547, 43.3833 ], [ -1.7446, 43.3824 ], [ -1.74427, 43.38248 ], [ -1.74547, 43.3833 ] ] ], [ [ [ -1.74562, 43.38337 ], [ -1.74604, 43.38339 ], [ -1.7457, 43.38323 ], [ -1.74562, 43.38337 ] ] ], [ [ [ -1.75582, 43.3838 ], [ -1.75603, 43.3839 ], [ -1.75635, 43.38372 ], [ -1.75582, 43.3838 ] ] ], [ [ [ -1.75455, 43.38419 ], [ -1.75485, 43.38397 ], [ -1.7546, 43.38374 ], [ -1.75455, 43.38419 ] ] ], [ [ [ -1.57047, 43.48425 ], [ -1.57097, 43.4843 ], [ -1.57075, 43.48424 ], [ -1.57047, 43.48425 ] ] ], [ [ [ -1.57272, 43.48426 ], [ -1.57239, 43.48439 ], [ -1.57329, 43.4843 ], [ -1.57272, 43.48426 ] ] ], [ [ [ -0.99376, 43.50897 ], [ -1.02375, 43.50167 ], [ -1.04657, 43.51431 ], [ -1.06892, 43.50828 ], [ -1.08135, 43.5231 ], [ -1.08746, 43.51092 ], [ -1.10944, 43.51412 ], [ -1.11817, 43.50115 ], [ -1.13756, 43.50006 ], [ -1.14236, 43.48801 ], [ -1.15387, 43.49697 ], [ -1.16594, 43.49087 ], [ -1.17152, 43.50566 ], [ -1.13309, 43.50973 ], [ -1.13069, 43.51901 ], [ -1.16822, 43.54487 ], [ -1.18787, 43.54725 ], [ -1.2911, 43.49815 ], [ -1.32511, 43.50514 ], [ -1.36769, 43.4951 ], [ -1.41777, 43.49701 ], [ -1.43116, 43.5145 ], [ -1.46578, 43.51632 ], [ -1.46097, 43.53313 ], [ -1.47821, 43.53976 ], [ -1.49405, 43.52849 ], [ -1.52445, 43.52898 ], [ -1.54737, 43.49396 ], [ -1.56105, 43.4836 ], [ -1.56669, 43.48321 ], [ -1.567, 43.48496 ], [ -1.56959, 43.48419 ], [ -1.59713, 43.43182 ], [ -1.66103, 43.40327 ], [ -1.66655, 43.38823 ], [ -1.68289, 43.38981 ], [ -1.6827, 43.39658 ], [ -1.73293, 43.38014 ], [ -1.74261, 43.37938 ], [ -1.75204, 43.38482 ], [ -1.77648, 43.37296 ], [ -1.78875, 43.37838 ], [ -1.78923, 43.35462 ], [ -1.73747, 43.3303 ], [ -1.73016, 43.29577 ], [ -1.69543, 43.31226 ], [ -1.62405, 43.30602 ], [ -1.63068, 43.28502 ], [ -1.60878, 43.2519 ], [ -1.57515, 43.24992 ], [ -1.55708, 43.27949 ], [ -1.56502, 43.28801 ], [ -1.53532, 43.29467 ], [ -1.50596, 43.29352 ], [ -1.49241, 43.28047 ], [ -1.43846, 43.26658 ], [ -1.41321, 43.27348 ], [ -1.38844, 43.25847 ], [ -1.37772, 43.22978 ], [ -1.38243, 43.18783 ], [ -1.40194, 43.17843 ], [ -1.41477, 43.12753 ], [ -1.47321, 43.08673 ], [ -1.44125, 43.04627 ], [ -1.35389, 43.0283 ], [ -1.34296, 43.05437 ], [ -1.34594, 43.09146 ], [ -1.33237, 43.10784 ], [ -1.26998, 43.11827 ], [ -1.29976, 43.09226 ], [ -1.30983, 43.06918 ], [ -1.27112, 43.05518 ], [ -1.2636, 43.04402 ], [ -1.2476, 43.04264 ], [ -1.22975, 43.05551 ], [ -1.18097, 43.03262 ], [ -1.16397, 43.03497 ], [ -1.14538, 43.0257 ], [ -1.14191, 43.00759 ], [ -1.11496, 43.02396 ], [ -1.07234, 42.99798 ], [ -1.0167, 42.99497 ], [ -0.99706, 42.97544 ], [ -0.94519, 42.95344 ], [ -0.90835, 42.9645 ], [ -0.86386, 42.95079 ], [ -0.81051, 42.9513 ], [ -0.79002, 42.96399 ], [ -0.75194, 42.96757 ], [ -0.73072, 42.94684 ], [ -0.73197, 42.89611 ], [ -0.69919, 42.8788 ], [ -0.6787, 42.88455 ], [ -0.65577, 42.85847 ], [ -0.6033, 42.83247 ], [ -0.5991, 42.80464 ], [ -0.56614, 42.80371 ], [ -0.56753, 42.78074 ], [ -0.5518, 42.77786 ], [ -0.54359, 42.79322 ], [ -0.52966, 42.79166 ], [ -0.52505, 42.8121 ], [ -0.50489, 42.82748 ], [ -0.44181, 42.79536 ], [ -0.4119, 42.80868 ], [ -0.38352, 42.80102 ], [ -0.34687, 42.83781 ], [ -0.32442, 42.83464 ], [ -0.31012, 42.8545 ], [ -0.32718, 42.9165 ], [ -0.2812, 42.93429 ], [ -0.29094, 42.96083 ], [ -0.28758, 43.00551 ], [ -0.25945, 43.01375 ], [ -0.26066, 43.03862 ], [ -0.22392, 43.03371 ], [ -0.18196, 43.05253 ], [ -0.19891, 43.06444 ], [ -0.1862, 43.08419 ], [ -0.19773, 43.09839 ], [ -0.19404, 43.11511 ], [ -0.17534, 43.11017 ], [ -0.14609, 43.12808 ], [ -0.11772, 43.18027 ], [ -0.10599, 43.16656 ], [ -0.0949, 43.17729 ], [ -0.06813, 43.17728 ], [ -0.07367, 43.22345 ], [ -0.04977, 43.21733 ], [ -0.01686, 43.27166 ], [ -0.04447, 43.28574 ], [ -0.04487, 43.30414 ], [ -0.02556, 43.32979 ], [ 0.01003, 43.32525 ], [ 0.02979, 43.34611 ], [ -0.0059, 43.37319 ], [ 0.00965, 43.4222 ], [ -0.0047, 43.43154 ], [ -0.00088, 43.44511 ], [ -0.01645, 43.44392 ], [ -0.02484, 43.43001 ], [ -0.03229, 43.43372 ], [ -0.0438, 43.40962 ], [ -0.06714, 43.4104 ], [ -0.05051, 43.41925 ], [ -0.07076, 43.43538 ], [ -0.065, 43.46359 ], [ -0.01916, 43.46515 ], [ -0.01738, 43.47214 ], [ -0.03473, 43.47476 ], [ -0.03406, 43.48836 ], [ -0.04974, 43.4919 ], [ -0.04465, 43.5253 ], [ -0.0658, 43.54844 ], [ -0.09385, 43.54353 ], [ -0.09705, 43.5822 ], [ -0.16091, 43.58055 ], [ -0.17656, 43.59684 ], [ -0.20474, 43.5836 ], [ -0.21081, 43.59317 ], [ -0.23746, 43.58273 ], [ -0.2831, 43.58619 ], [ -0.29053, 43.56815 ], [ -0.30108, 43.57123 ], [ -0.30424, 43.55976 ], [ -0.3361, 43.55065 ], [ -0.39445, 43.56927 ], [ -0.44937, 43.54999 ], [ -0.46351, 43.56671 ], [ -0.4479, 43.56657 ], [ -0.43137, 43.58441 ], [ -0.44899, 43.5962 ], [ -0.55501, 43.54275 ], [ -0.5668, 43.55827 ], [ -0.59662, 43.53844 ], [ -0.61424, 43.53759 ], [ -0.6334, 43.55428 ], [ -0.65824, 43.55591 ], [ -0.64618, 43.57484 ], [ -0.68758, 43.55724 ], [ -0.7077, 43.56007 ], [ -0.70821, 43.5413 ], [ -0.7181, 43.54064 ], [ -0.76828, 43.57949 ], [ -0.80335, 43.55618 ], [ -0.81948, 43.56141 ], [ -0.84256, 43.55382 ], [ -0.84717, 43.54192 ], [ -0.89437, 43.55077 ], [ -0.92023, 43.54478 ], [ -0.92623, 43.53195 ], [ -0.93963, 43.53862 ], [ -0.94851, 43.53211 ], [ -1.00118, 43.5383 ], [ -0.9892, 43.53128 ], [ -0.99376, 43.50897 ] ], [ [ -0.10403, 43.24454 ], [ -0.12166, 43.24107 ], [ -0.14071, 43.27189 ], [ -0.11195, 43.31068 ], [ -0.08914, 43.30118 ], [ -0.09605, 43.28552 ], [ -0.07944, 43.27169 ], [ -0.10403, 43.24454 ] ], [ [ -0.09206, 43.35847 ], [ -0.10436, 43.35918 ], [ -0.10668, 43.37161 ], [ -0.0817, 43.37118 ], [ -0.06333, 43.35139 ], [ -0.0752, 43.30716 ], [ -0.11063, 43.3124 ], [ -0.11494, 43.32139 ], [ -0.10994, 43.33793 ], [ -0.08666, 43.33522 ], [ -0.09206, 43.35847 ] ] ], [ [ [ -1.56299, 43.48414 ], [ -1.56344, 43.4842 ], [ -1.56312, 43.4838 ], [ -1.56299, 43.48414 ] ] ], [ [ [ -1.56513, 43.48425 ], [ -1.56528, 43.48414 ], [ -1.56513, 43.48399 ], [ -1.56513, 43.48425 ] ] ], [ [ [ -1.56784, 43.48483 ], [ -1.56796, 43.48501 ], [ -1.56836, 43.48492 ], [ -1.56784, 43.48483 ] ] ], [ [ [ -1.55727, 43.48962 ], [ -1.55734, 43.48914 ], [ -1.55711, 43.4892 ], [ -1.55727, 43.48962 ] ] ] ] } },
{ "type": "Feature", "properties": { "dep_code": "65", "dep_name": "Hautes-Pyrénées" }, "geometry": { "type": "MultiPolygon", "coordinates": [ [ [ [ -0.14609, 43.12808 ], [ -0.17534, 43.11017 ], [ -0.19404, 43.11511 ], [ -0.19773, 43.09839 ], [ -0.1862, 43.08419 ], [ -0.19891, 43.06444 ], [ -0.18196, 43.05253 ], [ -0.22392, 43.03371 ], [ -0.26066, 43.03862 ], [ -0.25945, 43.01375 ], [ -0.28758, 43.00551 ], [ -0.29094, 42.96083 ], [ -0.2812, 42.93429 ], [ -0.32718, 42.9165 ], [ -0.30707, 42.86997 ], [ -0.30826, 42.84251 ], [ -0.27689, 42.8356 ], [ -0.25483, 42.81926 ], [ -0.24339, 42.82337 ], [ -0.2389, 42.80867 ], [ -0.18868, 42.78686 ], [ -0.16082, 42.79834 ], [ -0.14975, 42.76917 ], [ -0.12282, 42.75156 ], [ -0.10655, 42.72102 ], [ -0.06863, 42.71809 ], [ -0.06165, 42.69452 ], [ -0.01625, 42.68507 ], [ 0.00485, 42.68707 ], [ 0.01468, 42.70184 ], [ 0.05866, 42.69744 ], [ 0.08432, 42.71619 ], [ 0.1066, 42.71005 ], [ 0.13157, 42.71464 ], [ 0.13673, 42.72245 ], [ 0.16234, 42.72318 ], [ 0.17579, 42.73707 ], [ 0.22564, 42.71766 ], [ 0.26, 42.71631 ], [ 0.26382, 42.69316 ], [ 0.2952, 42.67323 ], [ 0.32127, 42.68284 ], [ 0.32532, 42.7052 ], [ 0.36021, 42.72418 ], [ 0.39279, 42.71325 ], [ 0.39519, 42.69943 ], [ 0.42217, 42.69049 ], [ 0.48249, 42.70273 ], [ 0.48458, 42.71027 ], [ 0.44905, 42.73385 ], [ 0.46311, 42.74341 ], [ 0.45456, 42.77156 ], [ 0.4675, 42.84675 ], [ 0.46021, 42.85201 ], [ 0.47727, 42.87826 ], [ 0.56234, 42.86076 ], [ 0.57594, 42.87083 ], [ 0.59952, 42.92724 ], [ 0.64611, 42.95997 ], [ 0.61812, 42.97376 ], [ 0.61144, 42.98828 ], [ 0.62775, 42.99823 ], [ 0.60786, 43.03428 ], [ 0.59322, 43.03547 ], [ 0.59153, 43.02244 ], [ 0.56657, 43.02087 ], [ 0.54203, 43.00101 ], [ 0.52824, 43.00471 ], [ 0.53793, 43.04164 ], [ 0.56724, 43.03745 ], [ 0.55291, 43.06572 ], [ 0.56422, 43.07429 ], [ 0.53161, 43.08294 ], [ 0.53261, 43.0938 ], [ 0.50083, 43.09616 ], [ 0.50309, 43.10586 ], [ 0.48925, 43.11535 ], [ 0.45299, 43.11126 ], [ 0.4644, 43.11806 ], [ 0.44168, 43.13096 ], [ 0.52219, 43.19192 ], [ 0.52656, 43.19884 ], [ 0.50585, 43.19823 ], [ 0.51764, 43.21261 ], [ 0.55207, 43.20932 ], [ 0.57371, 43.22004 ], [ 0.57284, 43.2333 ], [ 0.55039, 43.23601 ], [ 0.63566, 43.30123 ], [ 0.55146, 43.3297 ], [ 0.5079, 43.33413 ], [ 0.49417, 43.32513 ], [ 0.445, 43.34071 ], [ 0.44311, 43.3279 ], [ 0.41066, 43.32958 ], [ 0.3963, 43.33339 ], [ 0.39926, 43.35019 ], [ 0.38875, 43.35618 ], [ 0.33193, 43.34324 ], [ 0.32719, 43.37296 ], [ 0.30818, 43.36743 ], [ 0.2983, 43.3885 ], [ 0.23239, 43.36789 ], [ 0.20631, 43.36799 ], [ 0.19954, 43.37556 ], [ 0.18177, 43.37124 ], [ 0.1738, 43.40277 ], [ 0.15311, 43.3994 ], [ 0.13216, 43.42402 ], [ 0.16616, 43.4446 ], [ 0.14962, 43.46555 ], [ 0.13471, 43.4665 ], [ 0.1166, 43.51498 ], [ 0.08967, 43.51039 ], [ 0.0808, 43.52435 ], [ 0.05274, 43.51727 ], [ 0.04282, 43.5349 ], [ 0.02932, 43.54511 ], [ 0.01578, 43.54339 ], [ -0.00263, 43.56571 ], [ -0.01501, 43.60553 ], [ -0.03949, 43.60565 ], [ -0.04465, 43.61332 ], [ -0.07393, 43.60649 ], [ -0.07701, 43.59003 ], [ -0.09744, 43.58956 ], [ -0.09385, 43.54353 ], [ -0.0658, 43.54844 ], [ -0.04, 43.51257 ], [ -0.04974, 43.4919 ], [ -0.03406, 43.48836 ], [ -0.03473, 43.47476 ], [ -0.01738, 43.47214 ], [ -0.01916, 43.46515 ], [ -0.065, 43.46359 ], [ -0.07076, 43.43538 ], [ -0.05051, 43.41925 ], [ -0.06714, 43.4104 ], [ -0.0438, 43.40962 ], [ -0.03229, 43.43372 ], [ -0.02484, 43.43001 ], [ -0.01645, 43.44392 ], [ -0.00088, 43.44511 ], [ -0.0047, 43.43154 ], [ 0.00965, 43.4222 ], [ -0.0059, 43.37319 ], [ 0.02979, 43.34611 ], [ 0.01003, 43.32525 ], [ -0.02556, 43.32979 ], [ -0.04487, 43.30414 ], [ -0.04447, 43.28574 ], [ -0.01686, 43.27166 ], [ -0.04977, 43.21733 ], [ -0.07367, 43.22345 ], [ -0.06813, 43.17728 ], [ -0.0949, 43.17729 ], [ -0.10599, 43.16656 ], [ -0.11772, 43.18027 ], [ -0.14609, 43.12808 ] ] ], [ [ [ -0.14022, 43.26997 ], [ -0.12166, 43.24107 ], [ -0.1032, 43.24296 ], [ -0.07982, 43.26308 ], [ -0.09605, 43.28552 ], [ -0.08914, 43.30118 ], [ -0.11195, 43.31068 ], [ -0.14022, 43.26997 ] ] ], [ [ [ -0.08705, 43.33465 ], [ -0.10994, 43.33793 ], [ -0.11494, 43.32139 ], [ -0.11063, 43.3124 ], [ -0.07509, 43.30718 ], [ -0.06333, 43.35139 ], [ -0.0817, 43.37118 ], [ -0.10069, 43.37357 ], [ -0.10605, 43.36172 ], [ -0.09024, 43.35922 ], [ -0.08705, 43.33465 ] ] ] ] } },
{ "type": "Feature", "properties": { "dep_code": "66", "dep_name": "Pyrénées-Orientales" }, "geometry": { "type": "MultiPolygon", "coordinates": [ [ [ [ 3.08227, 42.53198 ], [ 3.08208, 42.53154 ], [ 3.08265, 42.53142 ], [ 3.08227, 42.53198 ] ] ], [ [ [ 3.07697, 42.53416 ], [ 3.07674, 42.53412 ], [ 3.07711, 42.53381 ], [ 3.07697, 42.53416 ] ] ], [ [ [ 3.03532, 42.60741 ], [ 3.03746, 42.60638 ], [ 3.0383, 42.60832 ], [ 3.03532, 42.60741 ] ] ], [ [ [ 3.03539, 42.60971 ], [ 3.03544, 42.60906 ], [ 3.03686, 42.60903 ], [ 3.03539, 42.60971 ] ] ], [ [ [ 3.03604, 42.6117 ], [ 3.03617, 42.61102 ], [ 3.03716, 42.61153 ], [ 3.03604, 42.6117 ] ] ], [ [ [ 1.97725, 42.62364 ], [ 1.93343, 42.60476 ], [ 1.90024, 42.61522 ], [ 1.8911, 42.59339 ], [ 1.87374, 42.59002 ], [ 1.86913, 42.58012 ], [ 1.83757, 42.58479 ], [ 1.75051, 42.56415 ], [ 1.72146, 42.51728 ], [ 1.7301, 42.49239 ], [ 1.82342, 42.48663 ], [ 1.89117, 42.44772 ], [ 1.93699, 42.45369 ], [ 1.94096, 42.43003 ], [ 1.95857, 42.42414 ], [ 1.96535, 42.38094 ], [ 2.01606, 42.34709 ], [ 2.03276, 42.35799 ], [ 2.08467, 42.36176 ], [ 2.08948, 42.37377 ], [ 2.11678, 42.38327 ], [ 2.12557, 42.4098 ], [ 2.14872, 42.42088 ], [ 2.16763, 42.42489 ], [ 2.20136, 42.4164 ], [ 2.25677, 42.43874 ], [ 2.29115, 42.42294 ], [ 2.31223, 42.42837 ], [ 2.36103, 42.40269 ], [ 2.4325, 42.39358 ], [ 2.43348, 42.37716 ], [ 2.45478, 42.36982 ], [ 2.48092, 42.34103 ], [ 2.53265, 42.33292 ], [ 2.57077, 42.35824 ], [ 2.67175, 42.34087 ], [ 2.67517, 42.35703 ], [ 2.6514, 42.38659 ], [ 2.6712, 42.38761 ], [ 2.67434, 42.40498 ], [ 2.73354, 42.42483 ], [ 2.75442, 42.42632 ], [ 2.77047, 42.41163 ], [ 2.80066, 42.41841 ], [ 2.80396, 42.43304 ], [ 2.8275, 42.4393 ], [ 2.83909, 42.45941 ], [ 2.86161, 42.45501 ], [ 2.87048, 42.46743 ], [ 2.91847, 42.45617 ], [ 2.94712, 42.48214 ], [ 2.96741, 42.4655 ], [ 2.98909, 42.47403 ], [ 3.01302, 42.4664 ], [ 3.04044, 42.47422 ], [ 3.04731, 42.45695 ], [ 3.08587, 42.42556 ], [ 3.12087, 42.43818 ], [ 3.14483, 42.43315 ], [ 3.17781, 42.43926 ], [ 3.16598, 42.44087 ], [ 3.15986, 42.45268 ], [ 3.16742, 42.45687 ], [ 3.15736, 42.45967 ], [ 3.15546, 42.47738 ], [ 3.1299, 42.48245 ], [ 3.13599, 42.49981 ], [ 3.1229, 42.50567 ], [ 3.14126, 42.51579 ], [ 3.11758, 42.52311 ], [ 3.10703, 42.51596 ], [ 3.10954, 42.52519 ], [ 3.08591, 42.524 ], [ 3.08146, 42.53244 ], [ 3.04758, 42.54079 ], [ 3.04957, 42.54388 ], [ 3.05517, 42.54311 ], [ 3.04178, 42.62087 ], [ 3.03802, 42.61615 ], [ 3.03938, 42.60266 ], [ 3.0288, 42.60991 ], [ 3.03547, 42.62212 ], [ 3.04087, 42.62053 ], [ 3.03431, 42.66058 ], [ 3.04261, 42.7027 ], [ 3.03217, 42.70114 ], [ 3.02446, 42.70385 ], [ 3.02577, 42.70673 ], [ 3.04165, 42.70276 ], [ 3.04365, 42.83805 ], [ 2.98498, 42.86703 ], [ 2.8822, 42.90007 ], [ 2.86524, 42.91853 ], [ 2.78888, 42.89607 ], [ 2.73675, 42.83557 ], [ 2.68088, 42.83066 ], [ 2.55154, 42.84675 ], [ 2.51659, 42.84244 ], [ 2.50182, 42.8516 ], [ 2.45248, 42.83696 ], [ 2.38216, 42.84874 ], [ 2.33658, 42.84105 ], [ 2.31908, 42.82395 ], [ 2.33233, 42.81998 ], [ 2.33344, 42.80192 ], [ 2.34403, 42.80133 ], [ 2.3555, 42.72718 ], [ 2.2971, 42.70099 ], [ 2.26471, 42.70925 ], [ 2.24649, 42.68134 ], [ 2.20603, 42.66689 ], [ 2.19236, 42.65176 ], [ 2.17621, 42.6489 ], [ 2.16605, 42.66392 ], [ 2.12782, 42.67234 ], [ 2.10902, 42.66399 ], [ 2.04692, 42.66364 ], [ 2.02898, 42.65259 ], [ 1.99889, 42.66168 ], [ 1.97725, 42.62364 ] ], [ [ 1.95656, 42.45794 ], [ 1.96308, 42.47871 ], [ 1.97915, 42.49499 ], [ 1.98963, 42.49369 ], [ 1.99842, 42.48532 ], [ 1.98739, 42.4696 ], [ 2.01278, 42.44836 ], [ 1.95656, 42.45794 ] ] ], [ [ [ 3.17048, 42.44861 ], [ 3.17012, 42.44853 ], [ 3.17159, 42.44795 ], [ 3.17048, 42.44861 ] ] ], [ [ [ 3.16394, 42.45095 ], [ 3.16349, 42.45083 ], [ 3.16401, 42.45039 ], [ 3.16394, 42.45095 ] ] ], [ [ [ 3.16327, 42.45143 ], [ 3.16302, 42.45147 ], [ 3.16297, 42.45127 ], [ 3.16327, 42.45143 ] ] ], [ [ [ 3.16208, 42.45324 ], [ 3.16239, 42.45328 ], [ 3.16198, 42.45342 ], [ 3.16208, 42.45324 ] ] ], [ [ [ 3.16559, 42.45432 ], [ 3.16495, 42.45404 ], [ 3.16523, 42.45399 ], [ 3.16559, 42.45432 ] ] ] ] } },
{ "type": "Feature", "properties": { "dep_code": "67", "dep_name": "Bas-Rhin" }, "geometry": { "type": "Polygon", "coordinates": [ [ [ 7.76668, 49.0466 ], [ 7.73597, 49.04405 ], [ 7.73189, 49.05561 ], [ 7.69601, 49.05778 ], [ 7.69765, 49.04972 ], [ 7.67473, 49.04492 ], [ 7.6354, 49.05405 ], [ 7.58757, 48.9897 ], [ 7.57805, 48.95726 ], [ 7.5522, 48.94245 ], [ 7.55614, 48.93583 ], [ 7.53643, 48.93237 ], [ 7.5262, 48.94456 ], [ 7.50009, 48.94472 ], [ 7.47956, 48.96134 ], [ 7.45171, 48.96798 ], [ 7.38599, 48.95152 ], [ 7.35888, 48.95761 ], [ 7.32677, 48.94344 ], [ 7.2901, 48.95641 ], [ 7.29307, 48.97355 ], [ 7.23846, 48.98799 ], [ 7.20932, 48.98009 ], [ 7.17428, 49.00636 ], [ 7.12606, 49.00582 ], [ 7.10137, 49.06169 ], [ 7.11912, 49.06829 ], [ 7.09929, 49.07783 ], [ 7.06759, 49.06586 ], [ 7.07857, 49.05035 ], [ 7.03368, 48.99448 ], [ 7.0413, 48.97712 ], [ 7.02666, 48.96943 ], [ 7.03192, 48.95604 ], [ 6.9909, 48.96067 ], [ 6.97889, 48.93276 ], [ 6.96019, 48.92518 ], [ 6.94609, 48.93532 ], [ 6.94177, 48.93012 ], [ 6.9647, 48.90469 ], [ 6.95467, 48.89389 ], [ 7.04834, 48.87371 ], [ 7.05055, 48.85893 ], [ 7.09572, 48.86214 ], [ 7.09819, 48.8512 ], [ 7.05125, 48.8448 ], [ 7.05227, 48.81482 ], [ 7.08807, 48.81074 ], [ 7.06719, 48.79948 ], [ 7.07792, 48.78557 ], [ 7.12671, 48.80125 ], [ 7.12365, 48.81159 ], [ 7.14782, 48.82204 ], [ 7.1491, 48.84459 ], [ 7.17559, 48.84171 ], [ 7.18522, 48.85033 ], [ 7.19568, 48.84042 ], [ 7.18632, 48.83383 ], [ 7.21634, 48.82009 ], [ 7.22214, 48.82953 ], [ 7.24547, 48.81683 ], [ 7.25814, 48.82218 ], [ 7.26296, 48.81854 ], [ 7.2455, 48.81027 ], [ 7.26096, 48.79735 ], [ 7.28755, 48.7979 ], [ 7.3135, 48.76738 ], [ 7.29295, 48.75298 ], [ 7.26445, 48.6986 ], [ 7.24226, 48.69216 ], [ 7.26465, 48.66282 ], [ 7.30435, 48.6601 ], [ 7.27668, 48.63339 ], [ 7.26189, 48.63179 ], [ 7.27966, 48.62818 ], [ 7.25587, 48.6006 ], [ 7.26564, 48.59209 ], [ 7.2192, 48.5536 ], [ 7.19293, 48.54943 ], [ 7.1676, 48.52751 ], [ 7.13506, 48.52813 ], [ 7.11486, 48.53768 ], [ 7.09173, 48.52908 ], [ 7.07963, 48.53662 ], [ 7.06473, 48.52378 ], [ 7.08072, 48.51263 ], [ 7.12027, 48.51522 ], [ 7.13602, 48.49792 ], [ 7.09062, 48.50365 ], [ 7.09366, 48.48928 ], [ 7.11826, 48.48428 ], [ 7.11879, 48.47453 ], [ 7.10191, 48.45141 ], [ 7.10964, 48.43963 ], [ 7.09586, 48.42709 ], [ 7.09751, 48.40578 ], [ 7.08498, 48.39788 ], [ 7.10934, 48.37874 ], [ 7.07587, 48.35265 ], [ 7.11991, 48.33351 ], [ 7.18388, 48.3392 ], [ 7.17743, 48.32545 ], [ 7.19154, 48.32489 ], [ 7.19835, 48.3103 ], [ 7.27497, 48.30533 ], [ 7.30144, 48.2827 ], [ 7.29223, 48.27054 ], [ 7.33371, 48.27234 ], [ 7.31008, 48.25374 ], [ 7.32668, 48.24401 ], [ 7.35394, 48.2486 ], [ 7.4766, 48.20367 ], [ 7.46999, 48.16032 ], [ 7.52052, 48.14933 ], [ 7.51969, 48.12612 ], [ 7.56126, 48.12085 ], [ 7.57742, 48.12035 ], [ 7.59718, 48.13368 ], [ 7.60084, 48.15785 ], [ 7.6669, 48.22211 ], [ 7.69394, 48.30207 ], [ 7.74427, 48.32677 ], [ 7.73275, 48.39616 ], [ 7.76402, 48.45333 ], [ 7.76775, 48.48889 ], [ 7.80494, 48.51312 ], [ 7.80092, 48.58574 ], [ 7.83942, 48.641 ], [ 7.89194, 48.66384 ], [ 7.96367, 48.72192 ], [ 7.97207, 48.75795 ], [ 8.01373, 48.76076 ], [ 8.03105, 48.78763 ], [ 8.06774, 48.79046 ], [ 8.09064, 48.80496 ], [ 8.14772, 48.90352 ], [ 8.19728, 48.95724 ], [ 8.2325, 48.96642 ], [ 8.22293, 48.97588 ], [ 8.19946, 48.96689 ], [ 8.19379, 48.97723 ], [ 8.08798, 48.98972 ], [ 8.04947, 49.01436 ], [ 8.00045, 49.02835 ], [ 7.97511, 49.02659 ], [ 7.93694, 49.05735 ], [ 7.91699, 49.04087 ], [ 7.889, 49.04924 ], [ 7.86675, 49.03298 ], [ 7.79437, 49.06578 ], [ 7.76668, 49.0466 ] ] ] } },
{ "type": "Feature", "properties": { "dep_code": "68", "dep_name": "Haut-Rhin" }, "geometry": { "type": "Polygon", "coordinates": [ [ [ 6.92574, 47.92983 ], [ 6.91235, 47.91838 ], [ 6.92873, 47.90953 ], [ 6.89669, 47.89047 ], [ 6.9198, 47.84999 ], [ 6.89546, 47.8328 ], [ 6.84101, 47.81898 ], [ 6.86602, 47.78385 ], [ 6.94017, 47.77161 ], [ 6.97217, 47.75158 ], [ 7.01583, 47.7438 ], [ 7.03741, 47.72214 ], [ 7.02648, 47.70096 ], [ 7.04813, 47.68451 ], [ 7.03754, 47.67635 ], [ 7.04632, 47.67154 ], [ 7.034, 47.66125 ], [ 7.0393, 47.65051 ], [ 7.01745, 47.64982 ], [ 7.00565, 47.6021 ], [ 7.01965, 47.58864 ], [ 7.03978, 47.60115 ], [ 7.08056, 47.59634 ], [ 7.10544, 47.56912 ], [ 7.10571, 47.5516 ], [ 7.13313, 47.53991 ], [ 7.14336, 47.52459 ], [ 7.13026, 47.50295 ], [ 7.16228, 47.49 ], [ 7.20129, 47.49413 ], [ 7.1702, 47.44298 ], [ 7.1958, 47.43542 ], [ 7.23345, 47.43862 ], [ 7.24655, 47.42034 ], [ 7.33031, 47.44178 ], [ 7.3548, 47.43393 ], [ 7.40305, 47.43549 ], [ 7.45583, 47.47071 ], [ 7.42082, 47.48037 ], [ 7.43315, 47.49717 ], [ 7.47201, 47.48039 ], [ 7.50245, 47.49077 ], [ 7.51031, 47.50599 ], [ 7.49788, 47.52125 ], [ 7.52219, 47.5142 ], [ 7.53123, 47.52816 ], [ 7.51936, 47.53472 ], [ 7.5023, 47.52841 ], [ 7.49918, 47.54012 ], [ 7.5573, 47.56503 ], [ 7.56649, 47.57767 ], [ 7.58466, 47.57552 ], [ 7.59274, 47.59703 ], [ 7.56529, 47.63381 ], [ 7.52252, 47.66227 ], [ 7.51176, 47.69767 ], [ 7.54786, 47.73078 ], [ 7.52988, 47.78054 ], [ 7.56306, 47.84289 ], [ 7.55648, 47.87744 ], [ 7.58063, 47.89624 ], [ 7.58256, 47.92991 ], [ 7.62189, 47.97277 ], [ 7.61139, 47.99732 ], [ 7.56908, 48.03443 ], [ 7.57742, 48.12035 ], [ 7.51969, 48.12612 ], [ 7.52052, 48.14933 ], [ 7.46999, 48.16032 ], [ 7.4766, 48.20367 ], [ 7.35394, 48.2486 ], [ 7.32668, 48.24401 ], [ 7.31008, 48.25374 ], [ 7.33371, 48.27234 ], [ 7.29223, 48.27054 ], [ 7.30144, 48.2827 ], [ 7.27497, 48.30533 ], [ 7.19835, 48.3103 ], [ 7.17244, 48.29748 ], [ 7.17704, 48.28899 ], [ 7.13304, 48.24753 ], [ 7.11789, 48.20821 ], [ 7.08582, 48.1841 ], [ 7.05986, 48.14492 ], [ 7.07006, 48.12959 ], [ 7.08404, 48.12917 ], [ 7.07703, 48.10894 ], [ 7.03006, 48.07234 ], [ 7.00167, 48.02187 ], [ 6.94382, 47.99952 ], [ 6.92574, 47.92983 ] ] ] } },
{ "type": "Feature", "properties": { "dep_code": "69", "dep_name": "Rhône" }, "geometry": { "type": "Polygon", "coordinates": [ [ [ 4.42165, 46.20709 ], [ 4.39542, 46.19361 ], [ 4.43893, 46.16789 ], [ 4.41726, 46.136 ], [ 4.37702, 46.14999 ], [ 4.3619, 46.13875 ], [ 4.32663, 46.13312 ], [ 4.30693, 46.10624 ], [ 4.31121, 46.07941 ], [ 4.3015, 46.07866 ], [ 4.30045, 46.06523 ], [ 4.28589, 46.05375 ], [ 4.25059, 46.05026 ], [ 4.27759, 46.02233 ], [ 4.30694, 46.02083 ], [ 4.30537, 45.99557 ], [ 4.2947, 45.98984 ], [ 4.28717, 45.99918 ], [ 4.27127, 45.98784 ], [ 4.26919, 46.00131 ], [ 4.24366, 45.99721 ], [ 4.253, 45.98361 ], [ 4.29075, 45.97216 ], [ 4.30027, 45.94704 ], [ 4.34578, 45.93028 ], [ 4.33517, 45.91667 ], [ 4.34604, 45.91559 ], [ 4.32336, 45.90346 ], [ 4.34258, 45.87696 ], [ 4.36329, 45.86414 ], [ 4.39466, 45.86512 ], [ 4.38231, 45.84461 ], [ 4.39059, 45.83746 ], [ 4.37577, 45.82487 ], [ 4.38901, 45.80656 ], [ 4.37399, 45.80514 ], [ 4.37995, 45.78413 ], [ 4.36035, 45.77758 ], [ 4.35867, 45.78362 ], [ 4.34799, 45.76957 ], [ 4.35918, 45.75122 ], [ 4.39081, 45.75509 ], [ 4.40314, 45.74467 ], [ 4.36572, 45.69855 ], [ 4.37362, 45.69059 ], [ 4.36624, 45.67124 ], [ 4.39267, 45.66259 ], [ 4.4102, 45.6318 ], [ 4.44178, 45.6231 ], [ 4.44897, 45.60614 ], [ 4.4726, 45.59743 ], [ 4.46939, 45.58503 ], [ 4.5049, 45.58729 ], [ 4.50476, 45.57658 ], [ 4.52098, 45.57274 ], [ 4.56758, 45.58371 ], [ 4.58719, 45.57065 ], [ 4.61454, 45.57543 ], [ 4.64478, 45.54056 ], [ 4.65936, 45.54339 ], [ 4.6491, 45.5651 ], [ 4.68032, 45.56788 ], [ 4.68319, 45.551 ], [ 4.65047, 45.53185 ], [ 4.65506, 45.48618 ], [ 4.6706, 45.48369 ], [ 4.67142, 45.47341 ], [ 4.67642, 45.48199 ], [ 4.70805, 45.48122 ], [ 4.72197, 45.49431 ], [ 4.73935, 45.487 ], [ 4.73856, 45.47282 ], [ 4.75713, 45.45561 ], [ 4.77832, 45.45437 ], [ 4.78113, 45.47141 ], [ 4.84254, 45.50109 ], [ 4.87268, 45.53145 ], [ 4.83528, 45.54523 ], [ 4.81064, 45.57188 ], [ 4.7769, 45.58754 ], [ 4.82908, 45.58826 ], [ 4.85779, 45.57646 ], [ 4.85963, 45.59101 ], [ 4.90127, 45.60632 ], [ 4.97094, 45.61319 ], [ 4.99808, 45.60344 ], [ 5.00155, 45.61416 ], [ 4.9888, 45.61851 ], [ 5.00456, 45.62322 ], [ 5.03704, 45.61299 ], [ 5.03805, 45.64491 ], [ 5.05817, 45.65346 ], [ 5.06042, 45.66642 ], [ 5.10783, 45.68799 ], [ 5.1048, 45.70055 ], [ 5.13108, 45.70778 ], [ 5.15398, 45.69982 ], [ 5.15934, 45.71543 ], [ 5.12571, 45.7382 ], [ 5.09425, 45.73935 ], [ 5.09575, 45.7693 ], [ 5.06751, 45.76526 ], [ 5.05909, 45.79205 ], [ 5.08918, 45.78451 ], [ 5.10149, 45.81356 ], [ 4.92376, 45.80407 ], [ 4.91704, 45.84521 ], [ 4.90074, 45.85581 ], [ 4.90898, 45.87433 ], [ 4.88426, 45.88015 ], [ 4.88072, 45.89751 ], [ 4.87185, 45.89351 ], [ 4.872, 45.90351 ], [ 4.84855, 45.91329 ], [ 4.80515, 45.89629 ], [ 4.80801, 45.92102 ], [ 4.79123, 45.92258 ], [ 4.77686, 45.93863 ], [ 4.75595, 45.93453 ], [ 4.72863, 45.9443 ], [ 4.7546, 45.97304 ], [ 4.73893, 46.04643 ], [ 4.76158, 46.0677 ], [ 4.74763, 46.09033 ], [ 4.80307, 46.15529 ], [ 4.78045, 46.17691 ], [ 4.75863, 46.17205 ], [ 4.72745, 46.17947 ], [ 4.72072, 46.20087 ], [ 4.73576, 46.21189 ], [ 4.71922, 46.22765 ], [ 4.73678, 46.23265 ], [ 4.67902, 46.25904 ], [ 4.6799, 46.26785 ], [ 4.70771, 46.26971 ], [ 4.69351, 46.30245 ], [ 4.67928, 46.30645 ], [ 4.66399, 46.2952 ], [ 4.65297, 46.30419 ], [ 4.63631, 46.3008 ], [ 4.63607, 46.29025 ], [ 4.61625, 46.2823 ], [ 4.61833, 46.26495 ], [ 4.58276, 46.26963 ], [ 4.56023, 46.2952 ], [ 4.54636, 46.27413 ], [ 4.50397, 46.26724 ], [ 4.48869, 46.288 ], [ 4.47592, 46.28424 ], [ 4.45836, 46.29718 ], [ 4.43915, 46.29323 ], [ 4.42717, 46.30277 ], [ 4.42268, 46.29495 ], [ 4.40608, 46.29619 ], [ 4.38542, 46.24682 ], [ 4.38681, 46.22066 ], [ 4.40701, 46.22067 ], [ 4.42165, 46.20709 ] ] ] } },
{ "type": "Feature", "properties": { "dep_code": "70", "dep_name": "Haute-Saône" }, "geometry": { "type": "Polygon", "coordinates": [ [ [ 6.54202, 47.90253 ], [ 6.47826, 47.88544 ], [ 6.4348, 47.94292 ], [ 6.40834, 47.94329 ], [ 6.3891, 47.96074 ], [ 6.365, 47.96257 ], [ 6.32399, 47.94842 ], [ 6.28718, 47.95554 ], [ 6.23798, 47.93284 ], [ 6.20523, 47.93202 ], [ 6.20797, 47.94681 ], [ 6.18206, 47.95693 ], [ 6.16799, 47.95235 ], [ 6.14977, 47.96559 ], [ 6.16528, 47.97673 ], [ 6.15619, 48.00676 ], [ 6.13131, 48.02414 ], [ 6.10939, 48.01262 ], [ 6.0732, 48.01594 ], [ 6.04113, 48.00447 ], [ 6.019, 47.98748 ], [ 6.02609, 47.98145 ], [ 6.00683, 47.95901 ], [ 5.97053, 47.9572 ], [ 5.94936, 47.93545 ], [ 5.92868, 47.93811 ], [ 5.95883, 47.9705 ], [ 5.9442, 47.98004 ], [ 5.92253, 47.97197 ], [ 5.91802, 47.94744 ], [ 5.89956, 47.94445 ], [ 5.88358, 47.92491 ], [ 5.88674, 47.90282 ], [ 5.85112, 47.90596 ], [ 5.83748, 47.89124 ], [ 5.82064, 47.86911 ], [ 5.82818, 47.85772 ], [ 5.818, 47.85201 ], [ 5.82843, 47.85193 ], [ 5.79616, 47.84673 ], [ 5.79888, 47.85571 ], [ 5.7612, 47.85934 ], [ 5.7442, 47.84885 ], [ 5.75118, 47.82897 ], [ 5.742, 47.81943 ], [ 5.69959, 47.82378 ], [ 5.68179, 47.80933 ], [ 5.68001, 47.77009 ], [ 5.70904, 47.76392 ], [ 5.70958, 47.7453 ], [ 5.69154, 47.73661 ], [ 5.69591, 47.72524 ], [ 5.68338, 47.71695 ], [ 5.69112, 47.68472 ], [ 5.59682, 47.67202 ], [ 5.58522, 47.70002 ], [ 5.56759, 47.70737 ], [ 5.52985, 47.67299 ], [ 5.48277, 47.68464 ], [ 5.46199, 47.67288 ], [ 5.40634, 47.6734 ], [ 5.40574, 47.64687 ], [ 5.37312, 47.61963 ], [ 5.37384, 47.60448 ], [ 5.39568, 47.59489 ], [ 5.42559, 47.63207 ], [ 5.441, 47.63027 ], [ 5.4776, 47.60867 ], [ 5.48824, 47.57701 ], [ 5.47991, 47.56545 ], [ 5.49129, 47.56338 ], [ 5.49686, 47.54415 ], [ 5.44758, 47.49642 ], [ 5.43644, 47.49045 ], [ 5.43149, 47.49825 ], [ 5.3993, 47.49924 ], [ 5.387, 47.48049 ], [ 5.40798, 47.47738 ], [ 5.36694, 47.46502 ], [ 5.38617, 47.45902 ], [ 5.37955, 47.45054 ], [ 5.40651, 47.4619 ], [ 5.41806, 47.44917 ], [ 5.4393, 47.45039 ], [ 5.43037, 47.42143 ], [ 5.4445, 47.4042 ], [ 5.43226, 47.39294 ], [ 5.4523, 47.38317 ], [ 5.47777, 47.39561 ], [ 5.4971, 47.39021 ], [ 5.49347, 47.33316 ], [ 5.4858, 47.32654 ], [ 5.47687, 47.33132 ], [ 5.46895, 47.3164 ], [ 5.52295, 47.30578 ], [ 5.53157, 47.2841 ], [ 5.55897, 47.27811 ], [ 5.55461, 47.26934 ], [ 5.5716, 47.26876 ], [ 5.57751, 47.25261 ], [ 5.60168, 47.26196 ], [ 5.62361, 47.25281 ], [ 5.64155, 47.25594 ], [ 5.67591, 47.27574 ], [ 5.6987, 47.26491 ], [ 5.71269, 47.27071 ], [ 5.7397, 47.26254 ], [ 5.78362, 47.29083 ], [ 5.84407, 47.30006 ], [ 5.86092, 47.31582 ], [ 5.88357, 47.3217 ], [ 5.89795, 47.31066 ], [ 5.90374, 47.33451 ], [ 5.9313, 47.32839 ], [ 5.92759, 47.34514 ], [ 5.96034, 47.34143 ], [ 5.97868, 47.32596 ], [ 5.99339, 47.32897 ], [ 5.99761, 47.34035 ], [ 6.01853, 47.33123 ], [ 6.05235, 47.35252 ], [ 6.0742, 47.35102 ], [ 6.08633, 47.37293 ], [ 6.11208, 47.36101 ], [ 6.1201, 47.3678 ], [ 6.10344, 47.37991 ], [ 6.11758, 47.3964 ], [ 6.13504, 47.38693 ], [ 6.16803, 47.38848 ], [ 6.15995, 47.39193 ], [ 6.19059, 47.40229 ], [ 6.17049, 47.41224 ], [ 6.19329, 47.41341 ], [ 6.20654, 47.43136 ], [ 6.24152, 47.41073 ], [ 6.24396, 47.41375 ], [ 6.23363, 47.43017 ], [ 6.25579, 47.42446 ], [ 6.26462, 47.44734 ], [ 6.28835, 47.44671 ], [ 6.3025, 47.49153 ], [ 6.32106, 47.48587 ], [ 6.33482, 47.50627 ], [ 6.36804, 47.5136 ], [ 6.38987, 47.50578 ], [ 6.41149, 47.5225 ], [ 6.46349, 47.51212 ], [ 6.47151, 47.48701 ], [ 6.49895, 47.51076 ], [ 6.51596, 47.49669 ], [ 6.53358, 47.5064 ], [ 6.55602, 47.49053 ], [ 6.58389, 47.51001 ], [ 6.58146, 47.52943 ], [ 6.5674, 47.53174 ], [ 6.58074, 47.54421 ], [ 6.61065, 47.53049 ], [ 6.64842, 47.53609 ], [ 6.67028, 47.55802 ], [ 6.65203, 47.57246 ], [ 6.66033, 47.57969 ], [ 6.65936, 47.57154 ], [ 6.68916, 47.5708 ], [ 6.6886, 47.56069 ], [ 6.71816, 47.55281 ], [ 6.7277, 47.56082 ], [ 6.77274, 47.53495 ], [ 6.78287, 47.53769 ], [ 6.82173, 47.57331 ], [ 6.77769, 47.61574 ], [ 6.80104, 47.63605 ], [ 6.77955, 47.65667 ], [ 6.78202, 47.68733 ], [ 6.75662, 47.72445 ], [ 6.75783, 47.74742 ], [ 6.82361, 47.81328 ], [ 6.79278, 47.82973 ], [ 6.78262, 47.85128 ], [ 6.73722, 47.86099 ], [ 6.64641, 47.90323 ], [ 6.64196, 47.91852 ], [ 6.60647, 47.94432 ], [ 6.56341, 47.93139 ], [ 6.54202, 47.90253 ] ] ] } },
{ "type": "Feature", "properties": { "dep_code": "71", "dep_name": "Saône-et-Loire" }, "geometry": { "type": "Polygon", "coordinates": [ [ [ 4.77231, 46.91796 ], [ 4.725, 46.92372 ], [ 4.71564, 46.90688 ], [ 4.6785, 46.90366 ], [ 4.66393, 46.91348 ], [ 4.67961, 46.93011 ], [ 4.64969, 46.94148 ], [ 4.61456, 46.94151 ], [ 4.61637, 46.94822 ], [ 4.58954, 46.9557 ], [ 4.5936, 46.96712 ], [ 4.57389, 46.97285 ], [ 4.5683, 46.99169 ], [ 4.54587, 46.99372 ], [ 4.55486, 47.02 ], [ 4.51142, 47.0116 ], [ 4.49004, 47.03356 ], [ 4.47135, 47.03088 ], [ 4.45695, 47.0419 ], [ 4.42759, 47.03728 ], [ 4.40094, 47.05278 ], [ 4.41647, 47.07701 ], [ 4.39952, 47.08328 ], [ 4.37055, 47.07955 ], [ 4.35457, 47.06332 ], [ 4.34399, 47.07315 ], [ 4.34673, 47.10123 ], [ 4.30652, 47.10327 ], [ 4.29713, 47.11315 ], [ 4.26421, 47.11179 ], [ 4.24079, 47.13227 ], [ 4.24183, 47.1482 ], [ 4.23108, 47.14215 ], [ 4.21288, 47.14438 ], [ 4.2152, 47.15437 ], [ 4.19697, 47.14745 ], [ 4.18507, 47.15257 ], [ 4.18788, 47.13371 ], [ 4.16844, 47.12415 ], [ 4.17712, 47.11326 ], [ 4.16074, 47.12195 ], [ 4.148, 47.11331 ], [ 4.12703, 47.13066 ], [ 4.11032, 47.1182 ], [ 4.09466, 47.12888 ], [ 4.09075, 47.11621 ], [ 4.06031, 47.12126 ], [ 4.03853, 47.08123 ], [ 4.07389, 47.05592 ], [ 4.05697, 47.03911 ], [ 4.06173, 47.02301 ], [ 3.99394, 46.97908 ], [ 4.00973, 46.97129 ], [ 4.03942, 46.98527 ], [ 4.0558, 46.95709 ], [ 4.03955, 46.94813 ], [ 4.04834, 46.93209 ], [ 4.03601, 46.92621 ], [ 4.03937, 46.90944 ], [ 4.04537, 46.89985 ], [ 4.07015, 46.89616 ], [ 4.10051, 46.86454 ], [ 4.04259, 46.83466 ], [ 4.05828, 46.82124 ], [ 4.05533, 46.7761 ], [ 4.0345, 46.78772 ], [ 4.01925, 46.77603 ], [ 3.9941, 46.7789 ], [ 3.94898, 46.75247 ], [ 3.92887, 46.75144 ], [ 3.92841, 46.73973 ], [ 3.91051, 46.74294 ], [ 3.91269, 46.7344 ], [ 3.84451, 46.72259 ], [ 3.82656, 46.70382 ], [ 3.79466, 46.70203 ], [ 3.77689, 46.72954 ], [ 3.78368, 46.73615 ], [ 3.7396, 46.75246 ], [ 3.65973, 46.73771 ], [ 3.63986, 46.73942 ], [ 3.63194, 46.75026 ], [ 3.62259, 46.74013 ], [ 3.65589, 46.68651 ], [ 3.67291, 46.6822 ], [ 3.66981, 46.67251 ], [ 3.69613, 46.66131 ], [ 3.7241, 46.62645 ], [ 3.71286, 46.61023 ], [ 3.7375, 46.60097 ], [ 3.74295, 46.56602 ], [ 3.73205, 46.54962 ], [ 3.74189, 46.53911 ], [ 3.7716, 46.53892 ], [ 3.80513, 46.51932 ], [ 3.83791, 46.5317 ], [ 3.84092, 46.5148 ], [ 3.86414, 46.51234 ], [ 3.86601, 46.48911 ], [ 3.89464, 46.4808 ], [ 3.90971, 46.49527 ], [ 3.95548, 46.49172 ], [ 3.95277, 46.47808 ], [ 3.97627, 46.47921 ], [ 4.00097, 46.46175 ], [ 4.00574, 46.44309 ], [ 3.9883, 46.43645 ], [ 3.99599, 46.42617 ], [ 3.97722, 46.39922 ], [ 3.99152, 46.37103 ], [ 3.98482, 46.32968 ], [ 4.0047, 46.32756 ], [ 3.98819, 46.31492 ], [ 3.94578, 46.32124 ], [ 3.94345, 46.29945 ], [ 3.89723, 46.2926 ], [ 3.89124, 46.28525 ], [ 3.91004, 46.24788 ], [ 3.89013, 46.21449 ], [ 3.91799, 46.20285 ], [ 3.97271, 46.20279 ], [ 3.97097, 46.18914 ], [ 3.98987, 46.16907 ], [ 4.02937, 46.16916 ], [ 4.05956, 46.18842 ], [ 4.10383, 46.19855 ], [ 4.13324, 46.17734 ], [ 4.187, 46.17457 ], [ 4.18498, 46.19001 ], [ 4.20783, 46.19494 ], [ 4.2249, 46.17775 ], [ 4.25471, 46.1881 ], [ 4.26352, 46.17536 ], [ 4.24988, 46.15822 ], [ 4.28104, 46.15607 ], [ 4.29105, 46.17178 ], [ 4.31582, 46.17068 ], [ 4.32675, 46.185 ], [ 4.37416, 46.18687 ], [ 4.36277, 46.19995 ], [ 4.38942, 46.21305 ], [ 4.38542, 46.24682 ], [ 4.40608, 46.29619 ], [ 4.42268, 46.29495 ], [ 4.42717, 46.30277 ], [ 4.43915, 46.29323 ], [ 4.45836, 46.29718 ], [ 4.47592, 46.28424 ], [ 4.48869, 46.288 ], [ 4.50397, 46.26724 ], [ 4.54636, 46.27413 ], [ 4.56023, 46.2952 ], [ 4.58276, 46.26963 ], [ 4.61833, 46.26495 ], [ 4.61625, 46.2823 ], [ 4.63607, 46.29025 ], [ 4.63526, 46.30019 ], [ 4.65297, 46.30419 ], [ 4.66399, 46.2952 ], [ 4.67979, 46.30648 ], [ 4.71013, 46.27839 ], [ 4.70771, 46.26971 ], [ 4.6799, 46.26785 ], [ 4.67902, 46.25904 ], [ 4.73678, 46.23265 ], [ 4.71922, 46.22765 ], [ 4.73576, 46.21189 ], [ 4.72016, 46.19414 ], [ 4.72782, 46.17909 ], [ 4.75863, 46.17205 ], [ 4.78045, 46.17691 ], [ 4.81156, 46.26116 ], [ 4.85265, 46.32815 ], [ 4.85179, 46.35641 ], [ 4.88879, 46.40379 ], [ 4.89186, 46.4414 ], [ 4.91223, 46.45917 ], [ 4.91548, 46.48883 ], [ 4.94149, 46.51983 ], [ 4.95461, 46.51239 ], [ 4.94387, 46.51076 ], [ 4.95049, 46.5004 ], [ 4.97021, 46.50568 ], [ 4.96366, 46.51291 ], [ 4.98436, 46.51537 ], [ 5.01041, 46.51121 ], [ 5.02872, 46.49177 ], [ 5.05637, 46.48374 ], [ 5.09703, 46.49976 ], [ 5.11425, 46.49264 ], [ 5.13571, 46.5094 ], [ 5.16646, 46.50307 ], [ 5.1675, 46.51911 ], [ 5.20254, 46.50761 ], [ 5.21461, 46.46866 ], [ 5.28378, 46.44558 ], [ 5.3127, 46.44735 ], [ 5.32335, 46.46251 ], [ 5.37331, 46.4601 ], [ 5.38416, 46.4712 ], [ 5.41523, 46.47296 ], [ 5.42103, 46.50119 ], [ 5.35836, 46.51971 ], [ 5.35585, 46.56199 ], [ 5.36787, 46.56694 ], [ 5.36721, 46.5797 ], [ 5.40568, 46.58163 ], [ 5.41428, 46.60053 ], [ 5.39614, 46.61118 ], [ 5.41866, 46.61615 ], [ 5.44144, 46.6372 ], [ 5.4131, 46.65414 ], [ 5.4272, 46.66022 ], [ 5.42119, 46.67346 ], [ 5.39535, 46.68503 ], [ 5.4084, 46.69858 ], [ 5.39406, 46.70825 ], [ 5.39364, 46.72863 ], [ 5.36097, 46.73128 ], [ 5.36666, 46.75214 ], [ 5.39025, 46.77059 ], [ 5.37172, 46.77657 ], [ 5.37106, 46.78621 ], [ 5.33289, 46.79562 ], [ 5.32712, 46.81526 ], [ 5.34214, 46.81959 ], [ 5.33924, 46.82609 ], [ 5.34744, 46.81909 ], [ 5.34496, 46.81575 ], [ 5.35147, 46.81368 ], [ 5.36911, 46.82596 ], [ 5.40784, 46.83331 ], [ 5.41665, 46.82678 ], [ 5.46276, 46.82738 ], [ 5.46076, 46.85466 ], [ 5.4345, 46.86143 ], [ 5.43352, 46.86089 ], [ 5.43891, 46.85501 ], [ 5.44971, 46.85645 ], [ 5.44453, 46.85175 ], [ 5.40355, 46.86726 ], [ 5.39949, 46.89267 ], [ 5.36202, 46.88276 ], [ 5.35133, 46.89346 ], [ 5.32857, 46.8876 ], [ 5.30827, 46.93848 ], [ 5.28934, 46.94149 ], [ 5.26201, 46.92739 ], [ 5.25477, 46.98185 ], [ 5.2221, 46.98907 ], [ 5.2122, 46.98014 ], [ 5.20389, 46.98505 ], [ 5.19543, 46.9703 ], [ 5.18167, 46.97482 ], [ 5.16613, 46.96389 ], [ 5.1078, 46.95896 ], [ 5.09762, 46.94482 ], [ 5.10206, 46.95825 ], [ 5.0746, 46.95941 ], [ 5.04931, 46.98158 ], [ 5.03044, 46.98111 ], [ 5.01684, 46.96846 ], [ 5.00336, 46.97219 ], [ 4.99501, 46.96153 ], [ 5.00448, 46.95801 ], [ 4.89449, 46.96657 ], [ 4.89381, 46.95094 ], [ 4.78893, 46.93227 ], [ 4.79207, 46.92528 ], [ 4.77231, 46.91796 ] ], [ [ 5.43999, 46.84908 ], [ 5.44184, 46.85206 ], [ 5.4487, 46.84797 ], [ 5.43999, 46.84908 ] ], [ [ 5.45225, 46.85364 ], [ 5.45803, 46.85397 ], [ 5.45594, 46.851 ], [ 5.45225, 46.85364 ] ] ] } },
{ "type": "Feature", "properties": { "dep_code": "72", "dep_name": "Sarthe" }, "geometry": { "type": "Polygon", "coordinates": [ [ [ -0.25256, 48.15752 ], [ -0.23781, 48.15318 ], [ -0.25396, 48.13664 ], [ -0.23906, 48.13583 ], [ -0.24683, 48.12767 ], [ -0.21598, 48.11314 ], [ -0.23767, 48.09753 ], [ -0.23743, 48.08294 ], [ -0.22223, 48.07822 ], [ -0.23089, 48.0592 ], [ -0.27212, 48.06522 ], [ -0.27988, 48.05533 ], [ -0.34164, 48.04324 ], [ -0.33323, 48.02759 ], [ -0.34143, 48.01189 ], [ -0.30857, 48.00572 ], [ -0.3025, 47.96577 ], [ -0.27654, 47.95747 ], [ -0.32013, 47.93534 ], [ -0.3773, 47.93276 ], [ -0.397, 47.92579 ], [ -0.40155, 47.91386 ], [ -0.4025, 47.9208 ], [ -0.41305, 47.91605 ], [ -0.40342, 47.90279 ], [ -0.41093, 47.89513 ], [ -0.37316, 47.88459 ], [ -0.36911, 47.87024 ], [ -0.38043, 47.86579 ], [ -0.3706, 47.85907 ], [ -0.41215, 47.85772 ], [ -0.411, 47.84675 ], [ -0.4285, 47.85062 ], [ -0.44806, 47.83237 ], [ -0.43276, 47.80827 ], [ -0.38643, 47.80352 ], [ -0.38121, 47.75029 ], [ -0.35665, 47.73061 ], [ -0.36584, 47.71623 ], [ -0.28549, 47.71951 ], [ -0.23445, 47.70341 ], [ -0.19568, 47.72519 ], [ -0.17365, 47.7135 ], [ -0.2202, 47.68962 ], [ -0.19253, 47.64771 ], [ -0.11781, 47.6334 ], [ -0.10167, 47.66208 ], [ -0.08966, 47.65046 ], [ -0.07347, 47.66056 ], [ -0.05466, 47.64849 ], [ -0.02482, 47.64699 ], [ -0.02033, 47.6368 ], [ -0.00167, 47.64663 ], [ 0.00992, 47.62377 ], [ 0.05303, 47.60581 ], [ 0.11569, 47.60573 ], [ 0.14591, 47.58153 ], [ 0.18267, 47.59657 ], [ 0.19249, 47.61751 ], [ 0.20577, 47.60364 ], [ 0.21443, 47.61286 ], [ 0.25914, 47.61229 ], [ 0.27773, 47.59738 ], [ 0.3221, 47.59539 ], [ 0.33952, 47.57946 ], [ 0.37848, 47.56841 ], [ 0.40245, 47.57849 ], [ 0.38349, 47.61006 ], [ 0.36469, 47.62024 ], [ 0.38263, 47.64342 ], [ 0.42422, 47.61791 ], [ 0.45008, 47.61938 ], [ 0.46401, 47.64561 ], [ 0.49841, 47.64463 ], [ 0.51658, 47.65683 ], [ 0.55151, 47.65915 ], [ 0.55834, 47.67077 ], [ 0.59664, 47.67287 ], [ 0.61951, 47.69241 ], [ 0.59552, 47.68803 ], [ 0.58227, 47.71453 ], [ 0.60885, 47.72525 ], [ 0.62586, 47.7515 ], [ 0.67706, 47.7696 ], [ 0.70198, 47.7666 ], [ 0.691, 47.78306 ], [ 0.71974, 47.79269 ], [ 0.74572, 47.82763 ], [ 0.76846, 47.83126 ], [ 0.77412, 47.85127 ], [ 0.75917, 47.85923 ], [ 0.75965, 47.8996 ], [ 0.78996, 47.91211 ], [ 0.81179, 47.8885 ], [ 0.81358, 47.9319 ], [ 0.84888, 47.94143 ], [ 0.81873, 47.98641 ], [ 0.84241, 48.03017 ], [ 0.79752, 48.03724 ], [ 0.79393, 48.06969 ], [ 0.84361, 48.07301 ], [ 0.84822, 48.09464 ], [ 0.83835, 48.08898 ], [ 0.81231, 48.09504 ], [ 0.84107, 48.10294 ], [ 0.85537, 48.12262 ], [ 0.85015, 48.13329 ], [ 0.91665, 48.13894 ], [ 0.8863, 48.16189 ], [ 0.83678, 48.16699 ], [ 0.7957, 48.188 ], [ 0.79786, 48.19477 ], [ 0.76065, 48.18026 ], [ 0.74464, 48.18512 ], [ 0.70415, 48.21909 ], [ 0.68308, 48.25504 ], [ 0.64022, 48.26136 ], [ 0.63394, 48.23429 ], [ 0.62432, 48.2455 ], [ 0.53647, 48.24935 ], [ 0.53262, 48.26478 ], [ 0.51299, 48.26667 ], [ 0.49349, 48.28337 ], [ 0.50749, 48.29534 ], [ 0.49024, 48.30962 ], [ 0.48054, 48.29854 ], [ 0.43133, 48.30664 ], [ 0.41636, 48.32236 ], [ 0.40599, 48.31483 ], [ 0.38254, 48.33399 ], [ 0.37153, 48.41083 ], [ 0.38262, 48.42513 ], [ 0.36407, 48.45185 ], [ 0.30058, 48.48058 ], [ 0.26545, 48.48503 ], [ 0.24891, 48.47396 ], [ 0.17257, 48.46509 ], [ 0.17097, 48.44944 ], [ 0.14589, 48.45759 ], [ 0.15732, 48.44045 ], [ 0.11743, 48.43638 ], [ 0.09987, 48.41019 ], [ 0.07055, 48.40909 ], [ 0.05382, 48.3919 ], [ 0.06118, 48.37985 ], [ 0.01647, 48.38133 ], [ -0.00249, 48.39754 ], [ -0.04996, 48.37523 ], [ -0.05784, 48.3818 ], [ -0.07793, 48.36893 ], [ -0.11231, 48.37429 ], [ -0.13667, 48.36445 ], [ -0.1222, 48.33834 ], [ -0.15731, 48.34111 ], [ -0.15498, 48.31401 ], [ -0.14177, 48.309 ], [ -0.13825, 48.29306 ], [ -0.15607, 48.26474 ], [ -0.16709, 48.26372 ], [ -0.14465, 48.22409 ], [ -0.14681, 48.20511 ], [ -0.25256, 48.15752 ] ] ] } },
{ "type": "Feature", "properties": { "dep_code": "73", "dep_name": "Savoie" }, "geometry": { "type": "Polygon", "coordinates": [ [ [ 6.34803, 45.7372 ], [ 6.32878, 45.69319 ], [ 6.22808, 45.68165 ], [ 6.2319, 45.70312 ], [ 6.21451, 45.70914 ], [ 6.21236, 45.70061 ], [ 6.18971, 45.69687 ], [ 6.19601, 45.73203 ], [ 6.1772, 45.73728 ], [ 6.16657, 45.75666 ], [ 6.13761, 45.76133 ], [ 6.12529, 45.74986 ], [ 6.10262, 45.76416 ], [ 6.1008, 45.73229 ], [ 6.0956, 45.74286 ], [ 6.07615, 45.74105 ], [ 6.05513, 45.75154 ], [ 6.04302, 45.73913 ], [ 6.00937, 45.7511 ], [ 5.99391, 45.74768 ], [ 5.99658, 45.76147 ], [ 5.97286, 45.7699 ], [ 5.98176, 45.79482 ], [ 5.95785, 45.79489 ], [ 5.96265, 45.81291 ], [ 5.934, 45.81463 ], [ 5.91329, 45.80407 ], [ 5.90427, 45.82619 ], [ 5.87308, 45.83421 ], [ 5.87931, 45.86025 ], [ 5.86243, 45.93239 ], [ 5.82918, 45.93827 ], [ 5.82579, 45.90249 ], [ 5.78416, 45.81566 ], [ 5.776, 45.7255 ], [ 5.74754, 45.70513 ], [ 5.7, 45.70973 ], [ 5.70947, 45.68829 ], [ 5.68487, 45.66567 ], [ 5.6879, 45.64374 ], [ 5.65194, 45.63645 ], [ 5.62321, 45.60351 ], [ 5.6745, 45.55956 ], [ 5.67577, 45.53105 ], [ 5.71347, 45.5069 ], [ 5.71909, 45.48375 ], [ 5.7363, 45.47237 ], [ 5.74055, 45.43637 ], [ 5.79756, 45.43852 ], [ 5.81521, 45.42303 ], [ 5.85394, 45.41746 ], [ 5.8878, 45.40285 ], [ 5.89141, 45.39066 ], [ 5.91004, 45.39045 ], [ 5.92825, 45.41642 ], [ 5.90351, 45.40741 ], [ 5.90397, 45.43245 ], [ 5.92099, 45.44358 ], [ 5.92572, 45.46378 ], [ 5.91547, 45.47655 ], [ 5.96612, 45.49234 ], [ 6.0095, 45.47361 ], [ 6.00849, 45.45357 ], [ 6.04965, 45.43789 ], [ 6.09222, 45.44429 ], [ 6.09475, 45.43162 ], [ 6.1311, 45.43533 ], [ 6.19195, 45.36943 ], [ 6.17083, 45.3574 ], [ 6.19476, 45.35224 ], [ 6.1868, 45.31985 ], [ 6.15394, 45.31135 ], [ 6.13071, 45.28486 ], [ 6.14104, 45.26164 ], [ 6.12723, 45.23147 ], [ 6.15947, 45.20245 ], [ 6.16192, 45.18841 ], [ 6.14379, 45.15455 ], [ 6.16235, 45.15129 ], [ 6.18082, 45.16476 ], [ 6.212, 45.15493 ], [ 6.22288, 45.14076 ], [ 6.25, 45.15092 ], [ 6.26559, 45.13989 ], [ 6.26057, 45.12684 ], [ 6.29355, 45.10852 ], [ 6.33424, 45.12294 ], [ 6.3651, 45.10205 ], [ 6.37484, 45.08275 ], [ 6.36488, 45.07017 ], [ 6.38403, 45.06396 ], [ 6.43427, 45.06359 ], [ 6.4518, 45.05172 ], [ 6.48624, 45.05608 ], [ 6.48049, 45.09417 ], [ 6.51042, 45.109 ], [ 6.53916, 45.09908 ], [ 6.56131, 45.10531 ], [ 6.5764, 45.1231 ], [ 6.61549, 45.12151 ], [ 6.62991, 45.10937 ], [ 6.67259, 45.12439 ], [ 6.68042, 45.1403 ], [ 6.71164, 45.14489 ], [ 6.74048, 45.13681 ], [ 6.76802, 45.15979 ], [ 6.84713, 45.13577 ], [ 6.85039, 45.12742 ], [ 6.89711, 45.13975 ], [ 6.88405, 45.15655 ], [ 6.89314, 45.16845 ], [ 6.94725, 45.17043 ], [ 6.96588, 45.20821 ], [ 6.99321, 45.21016 ], [ 7.00325, 45.2206 ], [ 7.0275, 45.21572 ], [ 7.04723, 45.2258 ], [ 7.07655, 45.21059 ], [ 7.1103, 45.24664 ], [ 7.12518, 45.244 ], [ 7.1374, 45.25594 ], [ 7.12869, 45.27173 ], [ 7.13624, 45.28098 ], [ 7.10997, 45.32678 ], [ 7.13166, 45.32932 ], [ 7.13385, 45.34746 ], [ 7.16402, 45.36073 ], [ 7.16269, 45.3815 ], [ 7.18513, 45.40677 ], [ 7.11397, 45.43341 ], [ 7.0986, 45.45863 ], [ 7.10503, 45.46841 ], [ 7.04863, 45.47246 ], [ 7.04945, 45.48511 ], [ 7.06299, 45.48885 ], [ 7.05378, 45.49531 ], [ 6.99986, 45.50487 ], [ 6.99536, 45.57575 ], [ 6.97799, 45.59043 ], [ 7.00097, 45.64001 ], [ 6.96109, 45.65506 ], [ 6.93046, 45.64588 ], [ 6.90219, 45.66384 ], [ 6.90257, 45.68095 ], [ 6.89318, 45.67551 ], [ 6.8464, 45.68998 ], [ 6.80859, 45.72512 ], [ 6.81699, 45.74006 ], [ 6.80559, 45.7477 ], [ 6.80023, 45.77988 ], [ 6.75586, 45.76688 ], [ 6.71187, 45.7229 ], [ 6.68937, 45.72771 ], [ 6.69934, 45.74469 ], [ 6.68636, 45.75552 ], [ 6.69055, 45.77097 ], [ 6.65917, 45.80054 ], [ 6.59918, 45.79245 ], [ 6.58432, 45.80068 ], [ 6.57792, 45.81624 ], [ 6.55004, 45.82812 ], [ 6.53508, 45.86187 ], [ 6.5681, 45.86239 ], [ 6.57058, 45.88152 ], [ 6.50955, 45.90924 ], [ 6.45032, 45.86098 ], [ 6.44992, 45.8373 ], [ 6.42481, 45.80292 ], [ 6.3626, 45.7682 ], [ 6.37447, 45.766 ], [ 6.34803, 45.7372 ] ] ] } },
{ "type": "Feature", "properties": { "dep_code": "74", "dep_name": "Haute-Savoie" }, "geometry": { "type": "Polygon", "coordinates": [ [ [ 6.24169, 46.30429 ], [ 6.253, 46.2905 ], [ 6.23816, 46.27594 ], [ 6.26679, 46.24769 ], [ 6.29486, 46.26459 ], [ 6.31028, 46.24397 ], [ 6.27717, 46.21562 ], [ 6.23262, 46.20596 ], [ 6.18843, 46.18159 ], [ 6.17765, 46.1595 ], [ 6.13054, 46.14041 ], [ 6.09856, 46.14382 ], [ 6.09181, 46.15195 ], [ 6.05226, 46.15134 ], [ 6.03539, 46.13433 ], [ 5.9941, 46.14457 ], [ 5.9652, 46.12968 ], [ 5.92048, 46.13129 ], [ 5.89199, 46.11813 ], [ 5.88457, 46.08535 ], [ 5.85768, 46.08587 ], [ 5.83184, 46.10624 ], [ 5.81962, 46.10375 ], [ 5.80793, 46.06498 ], [ 5.80935, 45.9895 ], [ 5.83393, 45.97031 ], [ 5.82512, 45.93864 ], [ 5.86243, 45.93239 ], [ 5.87931, 45.86025 ], [ 5.87308, 45.83421 ], [ 5.90427, 45.82619 ], [ 5.91329, 45.80407 ], [ 5.934, 45.81463 ], [ 5.96265, 45.81291 ], [ 5.95785, 45.79489 ], [ 5.98176, 45.79482 ], [ 5.97286, 45.7699 ], [ 5.99658, 45.76147 ], [ 5.99391, 45.74768 ], [ 6.00937, 45.7511 ], [ 6.04302, 45.73913 ], [ 6.05513, 45.75154 ], [ 6.07615, 45.74105 ], [ 6.0956, 45.74286 ], [ 6.1008, 45.73229 ], [ 6.10262, 45.76416 ], [ 6.12529, 45.74986 ], [ 6.1431, 45.76155 ], [ 6.16657, 45.75666 ], [ 6.1772, 45.73728 ], [ 6.19601, 45.73203 ], [ 6.19616, 45.69276 ], [ 6.21451, 45.70914 ], [ 6.2319, 45.70312 ], [ 6.22808, 45.68165 ], [ 6.32878, 45.69319 ], [ 6.34803, 45.7372 ], [ 6.37198, 45.754 ], [ 6.37447, 45.766 ], [ 6.3626, 45.7682 ], [ 6.42481, 45.80292 ], [ 6.44992, 45.8373 ], [ 6.45032, 45.86098 ], [ 6.50955, 45.90924 ], [ 6.55898, 45.89307 ], [ 6.57265, 45.87801 ], [ 6.5681, 45.86239 ], [ 6.53508, 45.86187 ], [ 6.55004, 45.82812 ], [ 6.57792, 45.81624 ], [ 6.59752, 45.79274 ], [ 6.65917, 45.80054 ], [ 6.69055, 45.77097 ], [ 6.68636, 45.75552 ], [ 6.69934, 45.74469 ], [ 6.68937, 45.72771 ], [ 6.71187, 45.7229 ], [ 6.75586, 45.76688 ], [ 6.80262, 45.77877 ], [ 6.81321, 45.79569 ], [ 6.80336, 45.81595 ], [ 6.81814, 45.83596 ], [ 6.84427, 45.84049 ], [ 6.8673, 45.82409 ], [ 6.88017, 45.84961 ], [ 6.9138, 45.84079 ], [ 6.99913, 45.87373 ], [ 7.00411, 45.90001 ], [ 7.04447, 45.92248 ], [ 7.03744, 45.95487 ], [ 7.00849, 45.96903 ], [ 7.02362, 45.97905 ], [ 7.01054, 45.99736 ], [ 6.9855, 46.00416 ], [ 6.93406, 46.06599 ], [ 6.89127, 46.04269 ], [ 6.87173, 46.05115 ], [ 6.8918, 46.07374 ], [ 6.88222, 46.09516 ], [ 6.89994, 46.12388 ], [ 6.81511, 46.12927 ], [ 6.7981, 46.13621 ], [ 6.79027, 46.15401 ], [ 6.81257, 46.18141 ], [ 6.80355, 46.20461 ], [ 6.82121, 46.23232 ], [ 6.85541, 46.25521 ], [ 6.86494, 46.2802 ], [ 6.81981, 46.31557 ], [ 6.80037, 46.32004 ], [ 6.77209, 46.35027 ], [ 6.77144, 46.36102 ], [ 6.80543, 46.37841 ], [ 6.80507, 46.39432 ], [ 6.72428, 46.40795 ], [ 6.5455, 46.39471 ], [ 6.51317, 46.40491 ], [ 6.48384, 46.39311 ], [ 6.4773, 46.37519 ], [ 6.4131, 46.35985 ], [ 6.39028, 46.34043 ], [ 6.3818, 46.34072 ], [ 6.35944, 46.34955 ], [ 6.35077, 46.36731 ], [ 6.32364, 46.37167 ], [ 6.28631, 46.35645 ], [ 6.24169, 46.30429 ] ] ] } },
{ "type": "Feature", "properties": { "dep_code": "75", "dep_name": "Paris" }, "geometry": { "type": "Polygon", "coordinates": [ [ [ 2.26783, 48.82784 ], [ 2.27905, 48.83249 ], [ 2.34445, 48.81556 ], [ 2.40224, 48.82959 ], [ 2.45941, 48.81685 ], [ 2.46983, 48.8358 ], [ 2.44076, 48.84596 ], [ 2.41147, 48.83393 ], [ 2.41245, 48.87644 ], [ 2.38453, 48.90215 ], [ 2.32043, 48.90078 ], [ 2.27995, 48.87857 ], [ 2.2457, 48.87646 ], [ 2.22422, 48.85352 ], [ 2.26783, 48.82784 ] ] ] } },
{ "type": "Feature", "properties": { "dep_code": "76", "dep_name": "Seine-Maritime" }, "geometry": { "type": "Polygon", "coordinates": [ [ [ 0.32253, 49.74178 ], [ 0.20582, 49.71466 ], [ 0.1641, 49.6867 ], [ 0.15556, 49.66144 ], [ 0.1419, 49.66934 ], [ 0.13665, 49.67051 ], [ 0.12399, 49.67028 ], [ 0.12282, 49.66985 ], [ 0.11782, 49.66217 ], [ 0.12413, 49.66995 ], [ 0.15096, 49.66379 ], [ 0.1535, 49.64539 ], [ 0.06559, 49.51266 ], [ 0.08869, 49.50005 ], [ 0.0906, 49.48653 ], [ 0.1106, 49.4897 ], [ 0.11609, 49.48391 ], [ 0.10568, 49.48111 ], [ 0.12844, 49.47349 ], [ 0.17548, 49.47138 ], [ 0.12266, 49.46997 ], [ 0.08949, 49.48442 ], [ 0.09029, 49.48242 ], [ 0.11245, 49.47103 ], [ 0.1084, 49.46734 ], [ 0.17848, 49.45587 ], [ 0.15143, 49.45198 ], [ 0.10577, 49.46245 ], [ 0.11393, 49.45777 ], [ 0.15192, 49.4517 ], [ 0.26935, 49.45359 ], [ 0.27213, 49.44247 ], [ 0.27314, 49.45338 ], [ 0.37146, 49.44458 ], [ 0.50283, 49.48529 ], [ 0.59171, 49.43021 ], [ 0.61445, 49.42993 ], [ 0.64258, 49.44448 ], [ 0.64948, 49.43802 ], [ 0.63635, 49.43675 ], [ 0.62987, 49.42277 ], [ 0.64546, 49.42621 ], [ 0.63936, 49.4184 ], [ 0.65232, 49.42202 ], [ 0.66004, 49.41576 ], [ 0.64941, 49.40903 ], [ 0.66455, 49.40162 ], [ 0.70517, 49.40233 ], [ 0.7082, 49.41106 ], [ 0.73866, 49.40816 ], [ 0.76707, 49.42005 ], [ 0.80497, 49.41154 ], [ 0.80267, 49.42759 ], [ 0.82304, 49.39632 ], [ 0.8783, 49.39626 ], [ 0.87878, 49.37255 ], [ 0.91788, 49.38538 ], [ 0.93077, 49.34374 ], [ 0.92072, 49.33821 ], [ 0.86026, 49.34677 ], [ 0.84439, 49.32483 ], [ 0.86294, 49.32795 ], [ 0.89188, 49.31422 ], [ 0.89922, 49.3189 ], [ 0.90066, 49.2971 ], [ 0.93991, 49.3228 ], [ 0.94989, 49.29684 ], [ 0.97136, 49.28516 ], [ 0.94959, 49.27974 ], [ 0.95616, 49.27129 ], [ 0.97354, 49.28078 ], [ 0.98505, 49.26071 ], [ 1.00654, 49.26519 ], [ 1.00861, 49.26282 ], [ 0.99215, 49.25793 ], [ 1.00144, 49.25087 ], [ 1.04923, 49.26347 ], [ 1.06293, 49.25899 ], [ 1.05201, 49.27304 ], [ 1.06879, 49.27671 ], [ 1.04814, 49.29793 ], [ 1.0861, 49.30954 ], [ 1.13362, 49.30987 ], [ 1.1346, 49.32489 ], [ 1.16318, 49.34276 ], [ 1.16864, 49.33601 ], [ 1.18155, 49.34406 ], [ 1.20335, 49.33656 ], [ 1.19904, 49.35077 ], [ 1.20955, 49.35264 ], [ 1.27222, 49.34628 ], [ 1.28651, 49.36293 ], [ 1.28514, 49.38811 ], [ 1.30796, 49.39537 ], [ 1.31336, 49.41465 ], [ 1.31543, 49.40773 ], [ 1.31321, 49.42322 ], [ 1.30926, 49.42858 ], [ 1.33665, 49.4277 ], [ 1.33735, 49.43894 ], [ 1.35119, 49.4379 ], [ 1.34292, 49.44653 ], [ 1.37097, 49.45104 ], [ 1.38646, 49.46326 ], [ 1.3838, 49.4482 ], [ 1.40075, 49.45682 ], [ 1.47619, 49.45162 ], [ 1.50364, 49.43819 ], [ 1.52965, 49.44241 ], [ 1.53713, 49.42999 ], [ 1.5474, 49.44103 ], [ 1.57644, 49.44049 ], [ 1.60454, 49.41175 ], [ 1.62832, 49.41513 ], [ 1.65729, 49.39901 ], [ 1.68039, 49.40626 ], [ 1.69454, 49.39511 ], [ 1.72425, 49.42228 ], [ 1.72453, 49.44124 ], [ 1.75118, 49.45239 ], [ 1.74752, 49.45951 ], [ 1.7759, 49.47141 ], [ 1.77196, 49.48497 ], [ 1.78899, 49.49043 ], [ 1.78886, 49.50558 ], [ 1.77134, 49.5131 ], [ 1.74852, 49.50381 ], [ 1.7451, 49.48887 ], [ 1.73976, 49.49998 ], [ 1.71541, 49.50562 ], [ 1.7409, 49.51913 ], [ 1.74783, 49.53871 ], [ 1.7228, 49.54424 ], [ 1.73, 49.5614 ], [ 1.71403, 49.57765 ], [ 1.69769, 49.57228 ], [ 1.70082, 49.57968 ], [ 1.69039, 49.57995 ], [ 1.69749, 49.58265 ], [ 1.72008, 49.58168 ], [ 1.72226, 49.58897 ], [ 1.70919, 49.58693 ], [ 1.69391, 49.60115 ], [ 1.72156, 49.62357 ], [ 1.69865, 49.64453 ], [ 1.72144, 49.65862 ], [ 1.72288, 49.67235 ], [ 1.75237, 49.68069 ], [ 1.75114, 49.69443 ], [ 1.73983, 49.70144 ], [ 1.7052, 49.6813 ], [ 1.68885, 49.69531 ], [ 1.71371, 49.70577 ], [ 1.71309, 49.73418 ], [ 1.74589, 49.73874 ], [ 1.73882, 49.74926 ], [ 1.74976, 49.76386 ], [ 1.76629, 49.7566 ], [ 1.78672, 49.76196 ], [ 1.73406, 49.81241 ], [ 1.71284, 49.8873 ], [ 1.69328, 49.89448 ], [ 1.67252, 49.92097 ], [ 1.60352, 49.94283 ], [ 1.57589, 49.97283 ], [ 1.52739, 49.99472 ], [ 1.51631, 50.0121 ], [ 1.45317, 50.03887 ], [ 1.45917, 50.06274 ], [ 1.4496, 50.07006 ], [ 1.42323, 50.07108 ], [ 1.40876, 50.05709 ], [ 1.36902, 50.06473 ], [ 1.22755, 49.98516 ], [ 1.20526, 49.9808 ], [ 1.20174, 49.97113 ], [ 1.10602, 49.93637 ], [ 1.08447, 49.93622 ], [ 1.08537, 49.92726 ], [ 1.08325, 49.93396 ], [ 1.02177, 49.91591 ], [ 0.96039, 49.91938 ], [ 0.76873, 49.87167 ], [ 0.70874, 49.87355 ], [ 0.62956, 49.8631 ], [ 0.57252, 49.84945 ], [ 0.32253, 49.74178 ] ] ] } },
{ "type": "Feature", "properties": { "dep_code": "77", "dep_name": "Seine-et-Marne" }, "geometry": { "type": "Polygon", "coordinates": [ [ [ 2.5839, 48.67729 ], [ 2.56885, 48.66669 ], [ 2.55562, 48.67595 ], [ 2.53485, 48.66205 ], [ 2.54794, 48.64966 ], [ 2.54225, 48.63331 ], [ 2.5156, 48.62925 ], [ 2.52566, 48.61318 ], [ 2.54064, 48.61129 ], [ 2.54112, 48.59432 ], [ 2.51843, 48.58456 ], [ 2.5305, 48.57112 ], [ 2.49929, 48.5453 ], [ 2.51098, 48.54302 ], [ 2.4976, 48.51728 ], [ 2.5152, 48.50499 ], [ 2.50163, 48.48465 ], [ 2.50045, 48.44027 ], [ 2.54708, 48.4017 ], [ 2.52171, 48.40499 ], [ 2.50283, 48.39286 ], [ 2.48352, 48.39726 ], [ 2.47401, 48.39043 ], [ 2.48494, 48.38344 ], [ 2.42968, 48.36194 ], [ 2.44399, 48.35715 ], [ 2.42919, 48.34672 ], [ 2.43375, 48.33444 ], [ 2.39234, 48.33592 ], [ 2.42344, 48.29442 ], [ 2.42351, 48.26022 ], [ 2.45011, 48.24992 ], [ 2.4687, 48.25533 ], [ 2.48417, 48.23891 ], [ 2.50627, 48.23863 ], [ 2.50663, 48.22581 ], [ 2.51852, 48.22831 ], [ 2.52298, 48.19486 ], [ 2.50715, 48.17976 ], [ 2.51677, 48.16676 ], [ 2.50595, 48.15651 ], [ 2.48316, 48.1646 ], [ 2.44396, 48.13158 ], [ 2.45435, 48.12243 ], [ 2.47626, 48.12983 ], [ 2.52118, 48.12505 ], [ 2.53791, 48.14066 ], [ 2.55927, 48.14175 ], [ 2.57472, 48.1313 ], [ 2.6392, 48.1389 ], [ 2.66444, 48.12008 ], [ 2.70552, 48.12312 ], [ 2.72057, 48.13696 ], [ 2.75562, 48.14589 ], [ 2.73669, 48.16615 ], [ 2.75521, 48.1602 ], [ 2.79526, 48.16913 ], [ 2.81142, 48.16374 ], [ 2.79798, 48.1509 ], [ 2.80078, 48.13163 ], [ 2.82093, 48.12972 ], [ 2.86778, 48.15666 ], [ 2.93662, 48.16346 ], [ 2.93696, 48.18315 ], [ 2.97096, 48.19421 ], [ 2.97324, 48.20562 ], [ 3.00446, 48.20703 ], [ 3.03143, 48.24885 ], [ 3.04735, 48.2497 ], [ 3.04547, 48.27074 ], [ 3.02473, 48.27603 ], [ 3.02752, 48.30284 ], [ 3.01465, 48.30629 ], [ 3.04337, 48.33065 ], [ 3.03706, 48.34266 ], [ 3.05028, 48.36 ], [ 3.09866, 48.35767 ], [ 3.10336, 48.34936 ], [ 3.12212, 48.36864 ], [ 3.13982, 48.37257 ], [ 3.14659, 48.36557 ], [ 3.17157, 48.37742 ], [ 3.20023, 48.36364 ], [ 3.22333, 48.37047 ], [ 3.25451, 48.36511 ], [ 3.28267, 48.38162 ], [ 3.3052, 48.37295 ], [ 3.33546, 48.37019 ], [ 3.35115, 48.37874 ], [ 3.36518, 48.37227 ], [ 3.36726, 48.39425 ], [ 3.38334, 48.40005 ], [ 3.41474, 48.39019 ], [ 3.42232, 48.41614 ], [ 3.40337, 48.41473 ], [ 3.41186, 48.42142 ], [ 3.39167, 48.42325 ], [ 3.40744, 48.44926 ], [ 3.38367, 48.47959 ], [ 3.43464, 48.49025 ], [ 3.43523, 48.49687 ], [ 3.40537, 48.52785 ], [ 3.45698, 48.52958 ], [ 3.48175, 48.54145 ], [ 3.46535, 48.57047 ], [ 3.49348, 48.59007 ], [ 3.5163, 48.58984 ], [ 3.50299, 48.60464 ], [ 3.55903, 48.61772 ], [ 3.51929, 48.63308 ], [ 3.5336, 48.64652 ], [ 3.49227, 48.64746 ], [ 3.45086, 48.63468 ], [ 3.46057, 48.65304 ], [ 3.44056, 48.66365 ], [ 3.47779, 48.69788 ], [ 3.46388, 48.70724 ], [ 3.46972, 48.73788 ], [ 3.4385, 48.7391 ], [ 3.42853, 48.75843 ], [ 3.40825, 48.75238 ], [ 3.39598, 48.75858 ], [ 3.40823, 48.78416 ], [ 3.42974, 48.77946 ], [ 3.44281, 48.78586 ], [ 3.44209, 48.80373 ], [ 3.4231, 48.80069 ], [ 3.40531, 48.81029 ], [ 3.41634, 48.81797 ], [ 3.44805, 48.81102 ], [ 3.46989, 48.8211 ], [ 3.48703, 48.81512 ], [ 3.48502, 48.85185 ], [ 3.47022, 48.85118 ], [ 3.4628, 48.83721 ], [ 3.44582, 48.84327 ], [ 3.4466, 48.86019 ], [ 3.40433, 48.864 ], [ 3.40594, 48.87608 ], [ 3.38137, 48.87155 ], [ 3.368, 48.9283 ], [ 3.33029, 48.90871 ], [ 3.31326, 48.92125 ], [ 3.30441, 48.94878 ], [ 3.26493, 48.93879 ], [ 3.25017, 48.97392 ], [ 3.23116, 48.97695 ], [ 3.22941, 48.98858 ], [ 3.20944, 48.99397 ], [ 3.19822, 49.00884 ], [ 3.16745, 49.01246 ], [ 3.16114, 49.02428 ], [ 3.19073, 49.05128 ], [ 3.15342, 49.08335 ], [ 3.16523, 49.09986 ], [ 3.07075, 49.1179 ], [ 3.05588, 49.10084 ], [ 3.06614, 49.08519 ], [ 3.00854, 49.09161 ], [ 2.98683, 49.07088 ], [ 2.96801, 49.09152 ], [ 2.94582, 49.08832 ], [ 2.94149, 49.07726 ], [ 2.90155, 49.08537 ], [ 2.89571, 49.07725 ], [ 2.85612, 49.07009 ], [ 2.84508, 49.08483 ], [ 2.82239, 49.08623 ], [ 2.80921, 49.09753 ], [ 2.78387, 49.0889 ], [ 2.78913, 49.083 ], [ 2.76886, 49.08345 ], [ 2.78728, 49.07553 ], [ 2.75379, 49.06078 ], [ 2.73461, 49.06053 ], [ 2.72418, 49.08067 ], [ 2.6958, 49.06456 ], [ 2.67753, 49.08819 ], [ 2.63391, 49.1086 ], [ 2.5903, 49.0799 ], [ 2.57095, 49.06058 ], [ 2.59454, 49.04724 ], [ 2.57714, 49.04668 ], [ 2.56601, 49.02859 ], [ 2.53428, 49.01851 ], [ 2.54074, 49.01141 ], [ 2.56914, 49.01128 ], [ 2.58144, 48.98597 ], [ 2.56221, 48.97914 ], [ 2.60331, 48.93774 ], [ 2.58698, 48.89398 ], [ 2.5592, 48.88516 ], [ 2.57141, 48.87978 ], [ 2.56761, 48.86587 ], [ 2.58807, 48.86432 ], [ 2.57417, 48.85344 ], [ 2.59989, 48.79499 ], [ 2.58643, 48.77425 ], [ 2.60717, 48.77447 ], [ 2.61568, 48.76245 ], [ 2.59747, 48.76064 ], [ 2.60182, 48.75296 ], [ 2.58518, 48.74177 ], [ 2.59475, 48.73193 ], [ 2.56779, 48.709 ], [ 2.5839, 48.67729 ] ] ] } },
{ "type": "Feature", "properties": { "dep_code": "78", "dep_name": "Yvelines" }, "geometry": { "type": "Polygon", "coordinates": [ [ [ 1.62013, 49.07383 ], [ 1.60503, 49.08517 ], [ 1.5579, 49.06911 ], [ 1.52135, 49.06835 ], [ 1.50793, 49.08541 ], [ 1.5038, 49.05978 ], [ 1.48032, 49.05192 ], [ 1.46179, 49.06397 ], [ 1.4463, 49.04633 ], [ 1.47701, 49.01682 ], [ 1.48067, 49.00104 ], [ 1.461, 48.98714 ], [ 1.47098, 48.97495 ], [ 1.5079, 48.98386 ], [ 1.51827, 48.9784 ], [ 1.49183, 48.96463 ], [ 1.50106, 48.95142 ], [ 1.51088, 48.95359 ], [ 1.5014, 48.94103 ], [ 1.50918, 48.9253 ], [ 1.53841, 48.92255 ], [ 1.53878, 48.90471 ], [ 1.56343, 48.89049 ], [ 1.54561, 48.87022 ], [ 1.58373, 48.86067 ], [ 1.57735, 48.84462 ], [ 1.59809, 48.83889 ], [ 1.57885, 48.82966 ], [ 1.59156, 48.815 ], [ 1.5773, 48.80494 ], [ 1.58194, 48.76186 ], [ 1.60842, 48.76073 ], [ 1.62675, 48.7481 ], [ 1.59471, 48.70914 ], [ 1.57636, 48.7026 ], [ 1.61185, 48.68929 ], [ 1.60265, 48.66331 ], [ 1.62131, 48.64966 ], [ 1.64314, 48.65128 ], [ 1.66653, 48.61347 ], [ 1.68581, 48.62032 ], [ 1.68711, 48.61118 ], [ 1.71497, 48.61467 ], [ 1.70185, 48.58505 ], [ 1.70924, 48.57802 ], [ 1.75745, 48.57509 ], [ 1.76868, 48.55853 ], [ 1.78754, 48.55382 ], [ 1.77559, 48.5139 ], [ 1.80129, 48.46602 ], [ 1.83673, 48.46708 ], [ 1.84488, 48.44625 ], [ 1.90433, 48.43856 ], [ 1.92254, 48.45063 ], [ 1.91505, 48.47366 ], [ 1.93268, 48.48063 ], [ 1.94571, 48.51771 ], [ 1.96304, 48.52867 ], [ 1.97863, 48.52602 ], [ 1.97383, 48.53715 ], [ 1.96915, 48.53204 ], [ 1.95046, 48.54721 ], [ 1.93457, 48.54717 ], [ 1.93668, 48.56188 ], [ 1.97857, 48.55373 ], [ 2.01699, 48.55769 ], [ 2.03336, 48.60576 ], [ 2.0605, 48.61526 ], [ 2.03458, 48.63165 ], [ 2.03728, 48.64175 ], [ 2.01649, 48.64105 ], [ 2.01165, 48.65989 ], [ 2.02825, 48.65722 ], [ 2.04566, 48.68748 ], [ 2.08007, 48.68479 ], [ 2.08926, 48.69855 ], [ 2.09712, 48.69426 ], [ 2.11262, 48.72291 ], [ 2.10269, 48.73775 ], [ 2.13491, 48.73753 ], [ 2.15135, 48.75457 ], [ 2.18955, 48.75434 ], [ 2.19073, 48.77503 ], [ 2.22914, 48.77046 ], [ 2.20262, 48.79843 ], [ 2.18294, 48.79723 ], [ 2.17674, 48.81401 ], [ 2.15164, 48.81697 ], [ 2.14595, 48.83587 ], [ 2.15989, 48.84764 ], [ 2.15013, 48.857 ], [ 2.1572, 48.86962 ], [ 2.14801, 48.86931 ], [ 2.16833, 48.895 ], [ 2.20386, 48.91454 ], [ 2.20587, 48.94986 ], [ 2.17515, 48.95238 ], [ 2.17055, 48.97839 ], [ 2.12071, 48.9933 ], [ 2.12125, 49.01833 ], [ 2.11023, 49.00874 ], [ 2.08486, 49.01455 ], [ 2.07529, 49.0021 ], [ 2.06413, 49.00846 ], [ 2.02365, 48.99795 ], [ 1.99219, 49.02104 ], [ 1.93788, 49.02189 ], [ 1.90846, 49.04818 ], [ 1.88328, 49.03371 ], [ 1.88174, 49.01973 ], [ 1.85928, 49.01384 ], [ 1.86514, 49.02179 ], [ 1.85107, 49.03329 ], [ 1.86506, 49.05749 ], [ 1.82877, 49.07622 ], [ 1.79682, 49.07207 ], [ 1.79093, 49.05779 ], [ 1.75991, 49.06351 ], [ 1.75119, 49.04797 ], [ 1.72293, 49.04473 ], [ 1.67238, 49.07854 ], [ 1.64404, 49.08155 ], [ 1.62013, 49.07383 ] ] ] } },
{ "type": "Feature", "properties": { "dep_code": "79", "dep_name": "Deux-Sèvres" }, "geometry": { "type": "Polygon", "coordinates": [ [ [ -0.20614, 47.09317 ], [ -0.24108, 47.10556 ], [ -0.26291, 47.09901 ], [ -0.26262, 47.1057 ], [ -0.33546, 47.08802 ], [ -0.35379, 47.09539 ], [ -0.39616, 47.09164 ], [ -0.40712, 47.0665 ], [ -0.42698, 47.07299 ], [ -0.46108, 47.06881 ], [ -0.48032, 47.05334 ], [ -0.48499, 47.06597 ], [ -0.45949, 47.08195 ], [ -0.493, 47.08337 ], [ -0.55755, 47.06409 ], [ -0.55627, 47.0427 ], [ -0.54234, 47.03253 ], [ -0.56242, 47.03045 ], [ -0.59549, 46.99791 ], [ -0.64576, 46.99207 ], [ -0.67184, 47.00318 ], [ -0.68019, 46.98766 ], [ -0.69666, 46.99487 ], [ -0.71595, 46.98402 ], [ -0.74341, 47.00099 ], [ -0.74298, 46.99201 ], [ -0.76152, 46.99226 ], [ -0.78672, 47.00545 ], [ -0.80847, 46.98672 ], [ -0.8157, 46.98977 ], [ -0.81175, 46.99455 ], [ -0.844, 46.98967 ], [ -0.85826, 46.96928 ], [ -0.88206, 46.97746 ], [ -0.90352, 46.97157 ], [ -0.89935, 46.96638 ], [ -0.8771, 46.96875 ], [ -0.87854, 46.95609 ], [ -0.86369, 46.96218 ], [ -0.8603, 46.94949 ], [ -0.87558, 46.95487 ], [ -0.88012, 46.94568 ], [ -0.84966, 46.94632 ], [ -0.85819, 46.93459 ], [ -0.848, 46.94099 ], [ -0.82136, 46.91827 ], [ -0.80741, 46.92006 ], [ -0.83234, 46.88465 ], [ -0.8168, 46.88087 ], [ -0.78229, 46.84323 ], [ -0.73295, 46.82165 ], [ -0.70939, 46.82154 ], [ -0.69851, 46.81074 ], [ -0.71845, 46.79981 ], [ -0.72748, 46.76774 ], [ -0.71548, 46.75193 ], [ -0.6983, 46.75176 ], [ -0.70272, 46.73505 ], [ -0.6781, 46.72571 ], [ -0.65616, 46.7008 ], [ -0.68108, 46.68698 ], [ -0.63697, 46.66338 ], [ -0.65893, 46.63596 ], [ -0.63378, 46.6373 ], [ -0.61405, 46.62161 ], [ -0.62694, 46.6056 ], [ -0.61162, 46.58819 ], [ -0.62464, 46.57519 ], [ -0.60177, 46.54804 ], [ -0.60846, 46.52623 ], [ -0.62751, 46.52965 ], [ -0.64413, 46.52175 ], [ -0.64537, 46.50868 ], [ -0.62498, 46.49759 ], [ -0.63129, 46.47871 ], [ -0.60781, 46.45458 ], [ -0.61378, 46.44905 ], [ -0.61926, 46.4553 ], [ -0.61851, 46.43896 ], [ -0.63656, 46.43229 ], [ -0.63966, 46.41075 ], [ -0.62896, 46.40407 ], [ -0.64067, 46.39719 ], [ -0.62091, 46.39067 ], [ -0.61003, 46.41374 ], [ -0.53815, 46.38635 ], [ -0.56203, 46.35956 ], [ -0.60311, 46.36148 ], [ -0.60507, 46.34733 ], [ -0.63723, 46.33702 ], [ -0.64825, 46.31696 ], [ -0.69731, 46.32506 ], [ -0.72047, 46.31484 ], [ -0.7197, 46.30307 ], [ -0.75549, 46.30241 ], [ -0.735, 46.26835 ], [ -0.75192, 46.24535 ], [ -0.6886, 46.21704 ], [ -0.67983, 46.1972 ], [ -0.69807, 46.19205 ], [ -0.68558, 46.19009 ], [ -0.6961, 46.18625 ], [ -0.69094, 46.17967 ], [ -0.66703, 46.18469 ], [ -0.64739, 46.16605 ], [ -0.60379, 46.15846 ], [ -0.63319, 46.1501 ], [ -0.61919, 46.13737 ], [ -0.58311, 46.13957 ], [ -0.57933, 46.14826 ], [ -0.54746, 46.14424 ], [ -0.52889, 46.13003 ], [ -0.51146, 46.1302 ], [ -0.51639, 46.11248 ], [ -0.50607, 46.10669 ], [ -0.45329, 46.1032 ], [ -0.44037, 46.09464 ], [ -0.4402, 46.10459 ], [ -0.42118, 46.11328 ], [ -0.4223, 46.0938 ], [ -0.40132, 46.08418 ], [ -0.38309, 46.09816 ], [ -0.35849, 46.08293 ], [ -0.36289, 46.07555 ], [ -0.33082, 46.08257 ], [ -0.30365, 46.07753 ], [ -0.29165, 46.08768 ], [ -0.27299, 46.05731 ], [ -0.21262, 46.04412 ], [ -0.19229, 46.05453 ], [ -0.18901, 46.02608 ], [ -0.16004, 46.03653 ], [ -0.17193, 46.0226 ], [ -0.16264, 46.02224 ], [ -0.16472, 46.01071 ], [ -0.13917, 45.99937 ], [ -0.13714, 45.97905 ], [ -0.10312, 45.96966 ], [ -0.03816, 45.99242 ], [ -0.04088, 45.99858 ], [ -0.05763, 45.9986 ], [ -0.04565, 46.0207 ], [ -0.02139, 46.02895 ], [ -0.03954, 46.05313 ], [ 0.005, 46.05957 ], [ 0.0193, 46.05287 ], [ 0.0381, 46.06993 ], [ 0.06266, 46.07269 ], [ 0.05087, 46.07946 ], [ 0.06647, 46.0913 ], [ 0.09717, 46.08913 ], [ 0.0973, 46.1059 ], [ 0.11518, 46.09609 ], [ 0.13582, 46.10405 ], [ 0.16992, 46.08104 ], [ 0.18654, 46.08752 ], [ 0.19745, 46.09541 ], [ 0.18823, 46.1114 ], [ 0.21579, 46.13892 ], [ 0.22034, 46.15818 ], [ 0.1947, 46.16053 ], [ 0.18019, 46.14931 ], [ 0.15508, 46.15732 ], [ 0.13859, 46.18121 ], [ 0.10761, 46.18604 ], [ 0.11352, 46.21226 ], [ 0.14389, 46.22915 ], [ 0.12881, 46.26749 ], [ 0.15967, 46.26654 ], [ 0.172, 46.27784 ], [ 0.15207, 46.30312 ], [ 0.16976, 46.30541 ], [ 0.17419, 46.33311 ], [ 0.12463, 46.34863 ], [ 0.07828, 46.30508 ], [ 0.03133, 46.32971 ], [ 0.0154, 46.32638 ], [ 0.02297, 46.34565 ], [ 0.03744, 46.3451 ], [ 0.01394, 46.35311 ], [ 0.0343, 46.37373 ], [ 0.01553, 46.39185 ], [ -0.00794, 46.38899 ], [ -0.00912, 46.4043 ], [ -0.02367, 46.40084 ], [ -0.0108, 46.42325 ], [ -0.0099, 46.45006 ], [ -0.01943, 46.45327 ], [ -0.00959, 46.46771 ], [ -0.01536, 46.47594 ], [ -0.04286, 46.47009 ], [ -0.03808, 46.48152 ], [ -0.04705, 46.48307 ], [ -0.02909, 46.48564 ], [ -0.04139, 46.4935 ], [ -0.03148, 46.52512 ], [ -0.00722, 46.52312 ], [ 0.00671, 46.5422 ], [ -0.01142, 46.55265 ], [ -0.00772, 46.56799 ], [ 0.04308, 46.59113 ], [ 0.02316, 46.5952 ], [ 0.02228, 46.61456 ], [ -0.01364, 46.61503 ], [ 0.00072, 46.64333 ], [ -0.02982, 46.62709 ], [ -0.06572, 46.62282 ], [ -0.0676, 46.62957 ], [ -0.03165, 46.65124 ], [ -0.04039, 46.66405 ], [ -0.00658, 46.68342 ], [ -0.02127, 46.69335 ], [ 0.00263, 46.7001 ], [ -0.00234, 46.71611 ], [ 0.03824, 46.73188 ], [ -0.00123, 46.76182 ], [ -0.0124, 46.75434 ], [ -0.02312, 46.76903 ], [ -0.02671, 46.78873 ], [ 0.0079, 46.81444 ], [ -0.00702, 46.82213 ], [ -0.02033, 46.81256 ], [ -0.04976, 46.82056 ], [ -0.04576, 46.83219 ], [ -0.0118, 46.84804 ], [ 0.01666, 46.8349 ], [ 0.03386, 46.85407 ], [ -0.03576, 46.8749 ], [ -0.00894, 46.90789 ], [ -0.0463, 46.96163 ], [ -0.03383, 46.98292 ], [ -0.05491, 46.99492 ], [ -0.08648, 46.98546 ], [ -0.09405, 47.01341 ], [ -0.07667, 47.00839 ], [ -0.1021, 47.06517 ], [ -0.12879, 47.05442 ], [ -0.14742, 47.06999 ], [ -0.1792, 47.07016 ], [ -0.1414, 47.10413 ], [ -0.18455, 47.10855 ], [ -0.20614, 47.09317 ] ] ] } },
{ "type": "Feature", "properties": { "dep_code": "80", "dep_name": "Somme" }, "geometry": { "type": "Polygon", "coordinates": [ [ [ 1.5251, 49.99861 ], [ 1.57589, 49.97283 ], [ 1.60352, 49.94283 ], [ 1.67252, 49.92097 ], [ 1.69328, 49.89448 ], [ 1.71284, 49.8873 ], [ 1.73524, 49.81061 ], [ 1.79415, 49.75002 ], [ 1.80922, 49.75445 ], [ 1.82072, 49.73918 ], [ 1.83956, 49.7393 ], [ 1.82043, 49.72266 ], [ 1.83776, 49.71821 ], [ 1.84906, 49.70171 ], [ 1.8943, 49.6992 ], [ 1.93326, 49.72001 ], [ 1.94876, 49.7007 ], [ 1.97168, 49.72021 ], [ 1.97805, 49.70973 ], [ 2.03468, 49.71055 ], [ 2.04668, 49.69688 ], [ 2.05939, 49.69733 ], [ 2.06418, 49.68794 ], [ 2.05039, 49.68628 ], [ 2.06538, 49.68311 ], [ 2.08156, 49.69386 ], [ 2.13324, 49.68941 ], [ 2.15176, 49.70216 ], [ 2.24712, 49.70172 ], [ 2.30177, 49.68105 ], [ 2.31544, 49.68999 ], [ 2.35071, 49.66109 ], [ 2.36194, 49.66681 ], [ 2.3709, 49.65643 ], [ 2.41259, 49.66305 ], [ 2.43642, 49.65638 ], [ 2.45346, 49.63543 ], [ 2.47295, 49.63556 ], [ 2.4636, 49.62758 ], [ 2.47786, 49.62066 ], [ 2.50521, 49.63958 ], [ 2.54097, 49.62487 ], [ 2.54129, 49.6155 ], [ 2.56642, 49.61903 ], [ 2.55911, 49.60541 ], [ 2.57103, 49.59667 ], [ 2.59322, 49.61231 ], [ 2.62604, 49.61094 ], [ 2.6295, 49.57954 ], [ 2.64973, 49.57178 ], [ 2.67084, 49.58147 ], [ 2.66811, 49.59906 ], [ 2.68871, 49.62544 ], [ 2.73883, 49.62726 ], [ 2.78651, 49.61209 ], [ 2.79903, 49.62052 ], [ 2.78922, 49.64016 ], [ 2.79686, 49.66058 ], [ 2.84333, 49.65849 ], [ 2.86582, 49.68553 ], [ 2.88855, 49.67096 ], [ 2.88774, 49.68772 ], [ 2.86632, 49.70265 ], [ 2.88211, 49.71381 ], [ 2.88687, 49.71056 ], [ 2.89197, 49.69876 ], [ 2.91348, 49.70973 ], [ 2.92547, 49.68301 ], [ 2.938, 49.68144 ], [ 2.93035, 49.67672 ], [ 2.931, 49.67641 ], [ 2.93208, 49.67631 ], [ 2.93546, 49.67699 ], [ 2.94011, 49.68045 ], [ 2.95531, 49.66516 ], [ 2.94848, 49.69421 ], [ 2.97381, 49.69727 ], [ 2.97733, 49.70571 ], [ 2.99696, 49.70771 ], [ 3.02824, 49.67993 ], [ 3.04047, 49.69696 ], [ 3.05546, 49.69359 ], [ 3.05237, 49.71394 ], [ 3.08337, 49.71273 ], [ 3.08357, 49.69046 ], [ 3.09666, 49.70582 ], [ 3.1208, 49.70572 ], [ 3.0941, 49.74935 ], [ 3.10056, 49.76663 ], [ 3.0706, 49.76689 ], [ 3.06133, 49.78125 ], [ 3.08597, 49.79201 ], [ 3.08495, 49.81797 ], [ 3.06081, 49.82002 ], [ 3.05533, 49.83208 ], [ 3.08575, 49.8421 ], [ 3.07529, 49.8786 ], [ 3.08848, 49.86562 ], [ 3.11273, 49.87794 ], [ 3.12274, 49.92435 ], [ 3.16463, 49.9474 ], [ 3.16262, 49.96501 ], [ 3.20277, 49.98548 ], [ 3.1557, 49.99163 ], [ 3.17252, 50.01189 ], [ 3.16707, 50.02107 ], [ 3.11849, 50.02609 ], [ 3.09028, 50.05379 ], [ 3.07441, 50.04528 ], [ 3.01476, 50.05921 ], [ 2.97178, 50.04155 ], [ 2.94571, 50.05411 ], [ 2.93293, 50.0433 ], [ 2.92026, 50.04908 ], [ 2.91708, 50.0349 ], [ 2.89692, 50.03747 ], [ 2.86379, 50.0199 ], [ 2.84991, 50.03046 ], [ 2.87775, 50.04277 ], [ 2.84806, 50.07837 ], [ 2.83343, 50.06393 ], [ 2.82217, 50.06758 ], [ 2.78866, 50.0452 ], [ 2.7855, 50.05137 ], [ 2.75308, 50.03853 ], [ 2.74247, 50.04821 ], [ 2.76402, 50.0607 ], [ 2.78064, 50.11111 ], [ 2.75035, 50.11233 ], [ 2.71582, 50.12785 ], [ 2.7069, 50.12627 ], [ 2.71408, 50.10985 ], [ 2.69565, 50.10219 ], [ 2.71908, 50.0878 ], [ 2.70373, 50.0807 ], [ 2.69075, 50.09304 ], [ 2.63843, 50.09735 ], [ 2.62828, 50.10935 ], [ 2.59298, 50.10652 ], [ 2.57604, 50.11335 ], [ 2.56995, 50.12238 ], [ 2.58681, 50.13725 ], [ 2.5573, 50.14258 ], [ 2.53338, 50.11395 ], [ 2.51519, 50.14096 ], [ 2.45502, 50.13139 ], [ 2.43011, 50.08841 ], [ 2.41871, 50.08784 ], [ 2.39481, 50.11027 ], [ 2.3754, 50.10935 ], [ 2.38897, 50.15493 ], [ 2.41335, 50.16242 ], [ 2.42614, 50.17904 ], [ 2.49533, 50.19463 ], [ 2.45078, 50.23081 ], [ 2.40408, 50.23409 ], [ 2.35916, 50.20623 ], [ 2.33321, 50.23905 ], [ 2.31464, 50.23488 ], [ 2.33145, 50.22255 ], [ 2.32716, 50.21315 ], [ 2.32035, 50.22042 ], [ 2.29881, 50.21194 ], [ 2.26986, 50.22901 ], [ 2.24615, 50.21107 ], [ 2.22479, 50.20812 ], [ 2.21305, 50.21871 ], [ 2.17382, 50.20919 ], [ 2.14904, 50.19087 ], [ 2.12922, 50.2099 ], [ 2.11433, 50.20303 ], [ 2.09458, 50.20842 ], [ 2.08765, 50.20033 ], [ 2.06341, 50.23459 ], [ 2.07686, 50.25156 ], [ 1.96002, 50.29065 ], [ 1.94974, 50.28623 ], [ 1.93163, 50.29918 ], [ 1.96336, 50.31164 ], [ 1.95318, 50.32949 ], [ 1.93832, 50.33039 ], [ 1.90802, 50.31163 ], [ 1.88139, 50.31812 ], [ 1.85169, 50.34327 ], [ 1.77884, 50.36197 ], [ 1.69435, 50.3389 ], [ 1.68972, 50.34375 ], [ 1.69315, 50.33784 ], [ 1.66557, 50.32975 ], [ 1.62436, 50.36634 ], [ 1.56334, 50.35658 ], [ 1.57061, 50.36202 ], [ 1.56304, 50.36579 ], [ 1.56095, 50.36562 ], [ 1.55397, 50.36191 ], [ 1.53937, 50.27407 ], [ 1.56097, 50.25651 ], [ 1.59466, 50.25779 ], [ 1.61684, 50.21941 ], [ 1.66245, 50.2144 ], [ 1.68379, 50.18303 ], [ 1.674, 50.1744 ], [ 1.64353, 50.18624 ], [ 1.64671, 50.17691 ], [ 1.62714, 50.19029 ], [ 1.59596, 50.18546 ], [ 1.55935, 50.21084 ], [ 1.57049, 50.2175 ], [ 1.54366, 50.21345 ], [ 1.51885, 50.20578 ], [ 1.48297, 50.17168 ], [ 1.4536, 50.1091 ], [ 1.38022, 50.06492 ], [ 1.40876, 50.05709 ], [ 1.42323, 50.07108 ], [ 1.4496, 50.07006 ], [ 1.45917, 50.06274 ], [ 1.45284, 50.03914 ], [ 1.51631, 50.0121 ], [ 1.5251, 49.99861 ] ] ] } },
{ "type": "Feature", "properties": { "dep_code": "81", "dep_name": "Tarn" }, "geometry": { "type": "Polygon", "coordinates": [ [ [ 1.65442, 43.993 ], [ 1.63033, 43.99025 ], [ 1.61971, 43.95933 ], [ 1.56674, 43.96532 ], [ 1.5503, 43.96241 ], [ 1.54995, 43.95508 ], [ 1.53531, 43.95839 ], [ 1.54068, 43.94519 ], [ 1.5778, 43.939 ], [ 1.57401, 43.91774 ], [ 1.5558, 43.91835 ], [ 1.54662, 43.90242 ], [ 1.56436, 43.87159 ], [ 1.55513, 43.86851 ], [ 1.57241, 43.84885 ], [ 1.5932, 43.84313 ], [ 1.59023, 43.81454 ], [ 1.64479, 43.80024 ], [ 1.64076, 43.77904 ], [ 1.65596, 43.7679 ], [ 1.65008, 43.7516 ], [ 1.7066, 43.71649 ], [ 1.68181, 43.70068 ], [ 1.66081, 43.70568 ], [ 1.66435, 43.69369 ], [ 1.7208, 43.68833 ], [ 1.73106, 43.6577 ], [ 1.69973, 43.64914 ], [ 1.68823, 43.62828 ], [ 1.74925, 43.6012 ], [ 1.76578, 43.60307 ], [ 1.789, 43.58353 ], [ 1.84011, 43.57771 ], [ 1.85053, 43.54941 ], [ 1.87998, 43.54025 ], [ 1.87114, 43.53444 ], [ 1.89258, 43.51159 ], [ 1.98988, 43.47756 ], [ 2.01611, 43.48763 ], [ 2.01555, 43.50954 ], [ 2.03759, 43.4993 ], [ 2.04242, 43.51207 ], [ 2.0483, 43.4855 ], [ 2.0202, 43.47362 ], [ 2.01437, 43.44642 ], [ 2.05294, 43.43045 ], [ 2.07325, 43.39496 ], [ 2.10932, 43.39441 ], [ 2.17043, 43.41654 ], [ 2.18706, 43.39414 ], [ 2.21515, 43.38227 ], [ 2.23016, 43.40544 ], [ 2.22288, 43.43152 ], [ 2.25829, 43.46005 ], [ 2.28207, 43.44105 ], [ 2.30372, 43.44791 ], [ 2.39683, 43.41655 ], [ 2.42849, 43.43573 ], [ 2.49079, 43.43835 ], [ 2.51906, 43.42368 ], [ 2.56067, 43.42035 ], [ 2.60559, 43.43101 ], [ 2.60459, 43.44058 ], [ 2.61776, 43.43816 ], [ 2.64622, 43.45903 ], [ 2.63839, 43.46721 ], [ 2.6653, 43.46205 ], [ 2.65844, 43.517 ], [ 2.67642, 43.51343 ], [ 2.61574, 43.56667 ], [ 2.63163, 43.58411 ], [ 2.61434, 43.59977 ], [ 2.62861, 43.61012 ], [ 2.64563, 43.66049 ], [ 2.65233, 43.64903 ], [ 2.68462, 43.6538 ], [ 2.72022, 43.64542 ], [ 2.75453, 43.61401 ], [ 2.7949, 43.62448 ], [ 2.81325, 43.64112 ], [ 2.87352, 43.64499 ], [ 2.87898, 43.6573 ], [ 2.90743, 43.6543 ], [ 2.9198, 43.66238 ], [ 2.91903, 43.68755 ], [ 2.93746, 43.69677 ], [ 2.92503, 43.7062 ], [ 2.92116, 43.73614 ], [ 2.8696, 43.73888 ], [ 2.82366, 43.76209 ], [ 2.78806, 43.75262 ], [ 2.78126, 43.73692 ], [ 2.74223, 43.72896 ], [ 2.6644, 43.75306 ], [ 2.56194, 43.84451 ], [ 2.56376, 43.8656 ], [ 2.58013, 43.87882 ], [ 2.55046, 43.89235 ], [ 2.55307, 43.92594 ], [ 2.5371, 43.92506 ], [ 2.53316, 43.93668 ], [ 2.49899, 43.94514 ], [ 2.52527, 43.97716 ], [ 2.50202, 43.98548 ], [ 2.49138, 44.01881 ], [ 2.46202, 44.03368 ], [ 2.46001, 44.0514 ], [ 2.41026, 44.05575 ], [ 2.41188, 44.06992 ], [ 2.38933, 44.09451 ], [ 2.35903, 44.10096 ], [ 2.33216, 44.12329 ], [ 2.28905, 44.12188 ], [ 2.29792, 44.138 ], [ 2.28483, 44.14546 ], [ 2.2612, 44.14603 ], [ 2.23742, 44.13398 ], [ 2.18183, 44.13855 ], [ 2.19216, 44.14921 ], [ 2.19965, 44.14365 ], [ 2.23248, 44.15461 ], [ 2.23552, 44.16385 ], [ 2.20647, 44.17138 ], [ 2.19153, 44.16208 ], [ 2.18104, 44.17881 ], [ 2.15423, 44.18123 ], [ 2.16209, 44.18773 ], [ 2.14847, 44.2009 ], [ 2.10488, 44.19396 ], [ 2.10776, 44.18181 ], [ 2.09627, 44.17431 ], [ 2.09561, 44.18883 ], [ 2.08033, 44.17987 ], [ 2.06884, 44.1897 ], [ 2.05252, 44.18889 ], [ 2.05987, 44.17251 ], [ 2.02896, 44.16872 ], [ 2.02427, 44.15494 ], [ 1.98631, 44.14897 ], [ 1.9833, 44.15679 ], [ 1.97153, 44.14273 ], [ 1.90893, 44.16339 ], [ 1.89451, 44.15447 ], [ 1.91937, 44.14175 ], [ 1.90585, 44.12978 ], [ 1.89301, 44.14323 ], [ 1.88496, 44.13723 ], [ 1.86308, 44.14401 ], [ 1.84882, 44.13502 ], [ 1.83858, 44.14448 ], [ 1.82902, 44.13342 ], [ 1.83802, 44.10307 ], [ 1.80687, 44.12638 ], [ 1.78712, 44.10921 ], [ 1.7934, 44.10037 ], [ 1.77777, 44.09679 ], [ 1.74677, 44.1168 ], [ 1.7323, 44.11038 ], [ 1.72358, 44.11816 ], [ 1.72668, 44.11291 ], [ 1.6872, 44.1114 ], [ 1.65857, 44.11684 ], [ 1.65308, 44.09641 ], [ 1.67029, 44.08812 ], [ 1.66086, 44.07137 ], [ 1.6713, 44.05957 ], [ 1.67567, 44.06661 ], [ 1.69213, 44.06302 ], [ 1.70439, 44.04441 ], [ 1.69181, 44.02248 ], [ 1.6689, 44.01776 ], [ 1.67142, 44.01066 ], [ 1.64894, 44.01191 ], [ 1.65442, 43.993 ] ] ] } },
{ "type": "Feature", "properties": { "dep_code": "82", "dep_name": "Tarn-et-Garonne" }, "geometry": { "type": "Polygon", "coordinates": [ [ [ 0.89218, 44.13733 ], [ 0.88279, 44.14256 ], [ 0.88094, 44.12972 ], [ 0.86729, 44.12632 ], [ 0.8195, 44.14381 ], [ 0.78828, 44.14437 ], [ 0.79865, 44.11059 ], [ 0.77425, 44.11678 ], [ 0.74777, 44.09722 ], [ 0.73787, 44.06996 ], [ 0.75185, 44.06663 ], [ 0.76329, 44.02997 ], [ 0.81954, 44.05646 ], [ 0.8654, 44.03719 ], [ 0.85133, 44.03651 ], [ 0.84144, 44.02457 ], [ 0.82536, 44.03008 ], [ 0.81258, 44.02461 ], [ 0.82749, 43.99656 ], [ 0.79502, 43.97541 ], [ 0.78543, 43.95551 ], [ 0.75866, 43.94505 ], [ 0.76356, 43.92781 ], [ 0.77176, 43.92203 ], [ 0.80944, 43.93271 ], [ 0.84279, 43.9146 ], [ 0.8634, 43.92382 ], [ 0.90428, 43.89878 ], [ 0.88411, 43.89085 ], [ 0.88358, 43.87484 ], [ 0.91216, 43.84993 ], [ 0.89485, 43.85013 ], [ 0.89515, 43.83975 ], [ 0.92572, 43.83165 ], [ 0.90099, 43.80378 ], [ 0.90404, 43.78307 ], [ 0.92414, 43.79286 ], [ 0.9793, 43.78637 ], [ 0.99205, 43.79736 ], [ 1.0362, 43.80423 ], [ 1.05708, 43.79796 ], [ 1.08283, 43.81601 ], [ 1.11101, 43.80528 ], [ 1.11017, 43.79618 ], [ 1.15025, 43.82231 ], [ 1.18033, 43.79496 ], [ 1.21672, 43.79193 ], [ 1.20556, 43.77477 ], [ 1.21295, 43.76758 ], [ 1.27435, 43.78532 ], [ 1.2812, 43.79058 ], [ 1.26681, 43.79822 ], [ 1.27849, 43.80295 ], [ 1.28172, 43.79591 ], [ 1.31096, 43.80049 ], [ 1.36003, 43.81732 ], [ 1.3548, 43.83629 ], [ 1.31368, 43.83209 ], [ 1.2939, 43.84566 ], [ 1.31945, 43.85809 ], [ 1.35953, 43.85117 ], [ 1.34835, 43.86944 ], [ 1.3652, 43.88978 ], [ 1.39316, 43.88055 ], [ 1.40522, 43.88473 ], [ 1.41814, 43.87108 ], [ 1.44898, 43.87038 ], [ 1.47696, 43.90827 ], [ 1.49186, 43.88718 ], [ 1.51517, 43.90623 ], [ 1.52429, 43.90402 ], [ 1.53301, 43.92152 ], [ 1.5733, 43.91695 ], [ 1.5778, 43.939 ], [ 1.54068, 43.94519 ], [ 1.5352, 43.95967 ], [ 1.62269, 43.96062 ], [ 1.63033, 43.99025 ], [ 1.65808, 43.9956 ], [ 1.64894, 44.01191 ], [ 1.67142, 44.01066 ], [ 1.6689, 44.01776 ], [ 1.69181, 44.02248 ], [ 1.70439, 44.04441 ], [ 1.69213, 44.06302 ], [ 1.67567, 44.06661 ], [ 1.6713, 44.05957 ], [ 1.66086, 44.07137 ], [ 1.67029, 44.08812 ], [ 1.65308, 44.09641 ], [ 1.65857, 44.11684 ], [ 1.6872, 44.1114 ], [ 1.72668, 44.11291 ], [ 1.72358, 44.11816 ], [ 1.7323, 44.11038 ], [ 1.74677, 44.1168 ], [ 1.77777, 44.09679 ], [ 1.7934, 44.10037 ], [ 1.78712, 44.10921 ], [ 1.80687, 44.12638 ], [ 1.83802, 44.10307 ], [ 1.82902, 44.13342 ], [ 1.83858, 44.14448 ], [ 1.84882, 44.13502 ], [ 1.86308, 44.14401 ], [ 1.88496, 44.13723 ], [ 1.89301, 44.14323 ], [ 1.90585, 44.12978 ], [ 1.91937, 44.14175 ], [ 1.89451, 44.15447 ], [ 1.90893, 44.16339 ], [ 1.9701, 44.14261 ], [ 1.98288, 44.15663 ], [ 1.98759, 44.14908 ], [ 2.0009, 44.15904 ], [ 1.97674, 44.16204 ], [ 1.98056, 44.17666 ], [ 1.96206, 44.18436 ], [ 1.94461, 44.18246 ], [ 1.94071, 44.16976 ], [ 1.93341, 44.18798 ], [ 1.91129, 44.18544 ], [ 1.90736, 44.20056 ], [ 1.89046, 44.20752 ], [ 1.91842, 44.21966 ], [ 1.9334, 44.24589 ], [ 1.96203, 44.24232 ], [ 1.97091, 44.27586 ], [ 1.90068, 44.2791 ], [ 1.86871, 44.29211 ], [ 1.88181, 44.30439 ], [ 1.85934, 44.32044 ], [ 1.88197, 44.34016 ], [ 1.8532, 44.33169 ], [ 1.83333, 44.33559 ], [ 1.82653, 44.32368 ], [ 1.79409, 44.33491 ], [ 1.77486, 44.31162 ], [ 1.7563, 44.32573 ], [ 1.73726, 44.32704 ], [ 1.73673, 44.31815 ], [ 1.69576, 44.31253 ], [ 1.66026, 44.28333 ], [ 1.65278, 44.29627 ], [ 1.63385, 44.29904 ], [ 1.63196, 44.29397 ], [ 1.65229, 44.28539 ], [ 1.63402, 44.26859 ], [ 1.61432, 44.28048 ], [ 1.61677, 44.29721 ], [ 1.57074, 44.30167 ], [ 1.57865, 44.28391 ], [ 1.56077, 44.27944 ], [ 1.5871, 44.24888 ], [ 1.57483, 44.23383 ], [ 1.54113, 44.22721 ], [ 1.51819, 44.24945 ], [ 1.52682, 44.26057 ], [ 1.50927, 44.27377 ], [ 1.48398, 44.2725 ], [ 1.47183, 44.28695 ], [ 1.4534, 44.2545 ], [ 1.38099, 44.22523 ], [ 1.35762, 44.20334 ], [ 1.33514, 44.22887 ], [ 1.28143, 44.23573 ], [ 1.28452, 44.25266 ], [ 1.30458, 44.26203 ], [ 1.29359, 44.27278 ], [ 1.30422, 44.29423 ], [ 1.28293, 44.29072 ], [ 1.27098, 44.28107 ], [ 1.2554, 44.28569 ], [ 1.24778, 44.26624 ], [ 1.22084, 44.28046 ], [ 1.21395, 44.26821 ], [ 1.20441, 44.28234 ], [ 1.17755, 44.29186 ], [ 1.18128, 44.30972 ], [ 1.16772, 44.30284 ], [ 1.11041, 44.32312 ], [ 1.11619, 44.33798 ], [ 1.08121, 44.35441 ], [ 1.09185, 44.36045 ], [ 1.08849, 44.37115 ], [ 1.10497, 44.36433 ], [ 1.13341, 44.37125 ], [ 1.13245, 44.39391 ], [ 1.06423, 44.37862 ], [ 1.06221, 44.36549 ], [ 1.04825, 44.36228 ], [ 0.99666, 44.36915 ], [ 0.97737, 44.35646 ], [ 0.94798, 44.36085 ], [ 0.94109, 44.34447 ], [ 0.93453, 44.37239 ], [ 0.92007, 44.38433 ], [ 0.89642, 44.38186 ], [ 0.88663, 44.36541 ], [ 0.89447, 44.34252 ], [ 0.86927, 44.30917 ], [ 0.89488, 44.2969 ], [ 0.91635, 44.30234 ], [ 0.92581, 44.28652 ], [ 0.9509, 44.2751 ], [ 0.94022, 44.26345 ], [ 0.92783, 44.26729 ], [ 0.93403, 44.24894 ], [ 0.9188, 44.23819 ], [ 0.92924, 44.23036 ], [ 0.90624, 44.19035 ], [ 0.86202, 44.1936 ], [ 0.85314, 44.18402 ], [ 0.85291, 44.17497 ], [ 0.87123, 44.16775 ], [ 0.88958, 44.17236 ], [ 0.89218, 44.13733 ] ] ] } },
{ "type": "Feature", "properties": { "dep_code": "83", "dep_name": "Var" }, "geometry": { "type": "MultiPolygon", "coordinates": [ [ [ [ 6.06943, 43.0396 ], [ 6.06947, 43.04013 ], [ 6.06877, 43.04003 ], [ 6.06943, 43.0396 ] ] ], [ [ [ 5.86853, 43.04806 ], [ 5.86864, 43.04857 ], [ 5.8682, 43.04861 ], [ 5.86853, 43.04806 ] ] ], [ [ [ 5.86862, 43.04898 ], [ 5.86823, 43.04925 ], [ 5.86789, 43.04891 ], [ 5.86862, 43.04898 ] ] ], [ [ [ 5.81569, 43.06304 ], [ 5.8154, 43.06285 ], [ 5.81561, 43.06284 ], [ 5.81569, 43.06304 ] ] ], [ [ [ 5.80009, 43.06723 ], [ 5.80019, 43.0676 ], [ 5.79951, 43.06716 ], [ 5.80009, 43.06723 ] ] ], [ [ [ 5.79833, 43.06794 ], [ 5.79829, 43.06802 ], [ 5.79793, 43.06799 ], [ 5.79833, 43.06794 ] ] ], [ [ [ 5.79225, 43.0685 ], [ 5.79329, 43.06771 ], [ 5.79391, 43.06912 ], [ 5.79225, 43.0685 ] ] ], [ [ [ 5.78693, 43.07164 ], [ 5.79169, 43.06856 ], [ 5.79226, 43.0702 ], [ 5.78693, 43.07164 ] ] ], [ [ [ 5.78729, 43.07129 ], [ 5.78718, 43.07146 ], [ 5.78692, 43.07138 ], [ 5.78729, 43.07129 ] ] ], [ [ [ 5.7778, 43.07366 ], [ 5.7776, 43.07349 ], [ 5.77811, 43.07353 ], [ 5.7778, 43.07366 ] ] ], [ [ [ 5.77687, 43.07451 ], [ 5.77683, 43.07441 ], [ 5.77698, 43.07441 ], [ 5.77687, 43.07451 ] ] ], [ [ [ 5.78019, 43.07356 ], [ 5.77891, 43.07007 ], [ 5.79205, 43.07753 ], [ 5.78194, 43.0823 ], [ 5.78019, 43.07356 ] ] ], [ [ [ 5.77768, 43.07721 ], [ 5.77744, 43.07709 ], [ 5.77761, 43.07692 ], [ 5.77768, 43.07721 ] ] ], [ [ [ 5.77384, 43.07747 ], [ 5.77386, 43.07688 ], [ 5.77465, 43.07712 ], [ 5.77384, 43.07747 ] ] ], [ [ [ 5.80226, 43.07719 ], [ 5.8022, 43.07722 ], [ 5.80057, 43.07636 ], [ 5.80226, 43.07719 ] ] ], [ [ [ 5.76045, 43.07846 ], [ 5.76135, 43.07878 ], [ 5.76129, 43.07959 ], [ 5.76045, 43.07846 ] ] ], [ [ [ 5.77151, 43.07945 ], [ 5.77155, 43.07935 ], [ 5.77172, 43.07928 ], [ 5.77151, 43.07945 ] ] ], [ [ [ 5.7709, 43.07932 ], [ 5.7713, 43.07968 ], [ 5.77049, 43.07966 ], [ 5.7709, 43.07932 ] ] ], [ [ [ 5.76154, 43.07981 ], [ 5.76165, 43.08002 ], [ 5.76098, 43.08019 ], [ 5.76154, 43.07981 ] ] ], [ [ [ 5.76729, 43.07884 ], [ 5.76959, 43.08055 ], [ 5.76779, 43.08207 ], [ 5.76729, 43.07884 ] ] ], [ [ [ 5.77834, 43.08085 ], [ 5.77822, 43.08058 ], [ 5.77889, 43.08055 ], [ 5.77834, 43.08085 ] ] ], [ [ [ 5.79032, 43.08074 ], [ 5.79012, 43.08082 ], [ 5.79004, 43.08074 ], [ 5.79032, 43.08074 ] ] ], [ [ [ 5.78016, 43.0825 ], [ 5.78037, 43.08257 ], [ 5.78, 43.08274 ], [ 5.78016, 43.0825 ] ] ], [ [ [ 5.77932, 43.08269 ], [ 5.77974, 43.08257 ], [ 5.77956, 43.08314 ], [ 5.77932, 43.08269 ] ] ], [ [ [ 5.7777, 43.08372 ], [ 5.77909, 43.08347 ], [ 5.77905, 43.08436 ], [ 5.7777, 43.08372 ] ] ], [ [ [ 5.99551, 43.10502 ], [ 5.99538, 43.1049 ], [ 5.99549, 43.10471 ], [ 5.99551, 43.10502 ] ] ], [ [ [ 5.95628, 43.10703 ], [ 5.95474, 43.10614 ], [ 5.9567, 43.10623 ], [ 5.95628, 43.10703 ] ] ], [ [ [ 5.97995, 43.10657 ], [ 5.98029, 43.10647 ], [ 5.98037, 43.10654 ], [ 5.97995, 43.10657 ] ] ], [ [ [ 5.76639, 43.11499 ], [ 5.76641, 43.11509 ], [ 5.766, 43.11516 ], [ 5.76639, 43.11499 ] ] ], [ [ [ 5.76734, 43.11526 ], [ 5.76796, 43.11547 ], [ 5.76719, 43.11533 ], [ 5.76734, 43.11526 ] ] ], [ [ [ 5.92193, 43.11878 ], [ 5.92269, 43.11515 ], [ 5.92357, 43.11524 ], [ 5.92193, 43.11878 ] ] ], [ [ [ 5.92417, 43.11532 ], [ 5.92466, 43.11535 ], [ 5.92406, 43.11947 ], [ 5.92417, 43.11532 ] ] ], [ [ [ 5.74594, 43.12863 ], [ 5.75009, 43.12653 ], [ 5.75316, 43.12821 ], [ 5.75118, 43.12782 ], [ 5.74594, 43.12863 ] ] ], [ [ [ 5.72741, 43.13291 ], [ 5.72876, 43.13342 ], [ 5.72835, 43.13365 ], [ 5.72741, 43.13291 ] ] ], [ [ [ 5.72872, 43.13365 ], [ 5.72835, 43.134 ], [ 5.72825, 43.13397 ], [ 5.72872, 43.13365 ] ] ], [ [ [ 6.19796, 42.98226 ], [ 6.19848, 42.98239 ], [ 6.19796, 42.98247 ], [ 6.19796, 42.98226 ] ] ], [ [ [ 6.20568, 42.98203 ], [ 6.20588, 42.98203 ], [ 6.20583, 42.98218 ], [ 6.20568, 42.98203 ] ] ], [ [ [ 6.19634, 42.98805 ], [ 6.19646, 42.98818 ], [ 6.19557, 42.98803 ], [ 6.19634, 42.98805 ] ] ], [ [ [ 6.25809, 42.99668 ], [ 6.25821, 42.99643 ], [ 6.25834, 42.9965 ], [ 6.25809, 42.99668 ] ] ], [ [ [ 6.2598, 42.99702 ], [ 6.25865, 42.9968 ], [ 6.25902, 42.99632 ], [ 6.2598, 42.99702 ] ] ], [ [ [ 6.2543, 42.99786 ], [ 6.25421, 42.99798 ], [ 6.25402, 42.99777 ], [ 6.2543, 42.99786 ] ] ], [ [ [ 6.25243, 42.99781 ], [ 6.25228, 42.99811 ], [ 6.25211, 42.99795 ], [ 6.25243, 42.99781 ] ] ], [ [ [ 6.25348, 42.99803 ], [ 6.2535, 42.99797 ], [ 6.25398, 42.99849 ], [ 6.25348, 42.99803 ] ] ], [ [ [ 6.25251, 42.99991 ], [ 6.25209, 42.99881 ], [ 6.25322, 42.99795 ], [ 6.2537, 42.99934 ], [ 6.25251, 42.99991 ] ] ], [ [ [ 6.16022, 43.00569 ], [ 6.16256, 43.00324 ], [ 6.16178, 43.00412 ], [ 6.16022, 43.00569 ] ] ], [ [ [ 6.16229, 42.99822 ], [ 6.17735, 42.99705 ], [ 6.19404, 42.99044 ], [ 6.19394, 42.98896 ], [ 6.19714, 42.98808 ], [ 6.19762, 42.98636 ], [ 6.19566, 42.98359 ], [ 6.20571, 42.98228 ], [ 6.25251, 43.00444 ], [ 6.2497, 43.00644 ], [ 6.24895, 43.0167 ], [ 6.24211, 43.02673 ], [ 6.23404, 43.01198 ], [ 6.21725, 43.01361 ], [ 6.21069, 43.00238 ], [ 6.1806, 43.00893 ], [ 6.16229, 42.99822 ] ] ], [ [ [ 6.16033, 43.00668 ], [ 6.16065, 43.00679 ], [ 6.16, 43.00717 ], [ 6.16033, 43.00668 ] ] ], [ [ [ 6.17393, 43.00811 ], [ 6.17343, 43.00822 ], [ 6.17338, 43.008 ], [ 6.17393, 43.00811 ] ] ], [ [ [ 6.17181, 43.00876 ], [ 6.17307, 43.00809 ], [ 6.17338, 43.00878 ], [ 6.17181, 43.00876 ] ] ], [ [ [ 6.25107, 43.0075 ], [ 6.25087, 43.00777 ], [ 6.25085, 43.00736 ], [ 6.25107, 43.0075 ] ] ], [ [ [ 6.14373, 43.01555 ], [ 6.14819, 43.01838 ], [ 6.14518, 43.02042 ], [ 6.14373, 43.01555 ] ] ], [ [ [ 6.14726, 43.02379 ], [ 6.14637, 43.02351 ], [ 6.14694, 43.02304 ], [ 6.14726, 43.02379 ] ] ], [ [ [ 6.14776, 43.02441 ], [ 6.14714, 43.02428 ], [ 6.1475, 43.0241 ], [ 6.14776, 43.02441 ] ] ], [ [ [ 6.14562, 43.0276 ], [ 6.14564, 43.02795 ], [ 6.14493, 43.0276 ], [ 6.14562, 43.0276 ] ] ], [ [ [ 6.10944, 43.02975 ], [ 6.10935, 43.02955 ], [ 6.10961, 43.02954 ], [ 6.10944, 43.02975 ] ] ], [ [ [ 6.24286, 43.02648 ], [ 6.24316, 43.02651 ], [ 6.24299, 43.0267 ], [ 6.24286, 43.02648 ] ] ], [ [ [ 6.24173, 43.02727 ], [ 6.24199, 43.0272 ], [ 6.24203, 43.02751 ], [ 6.24173, 43.02727 ] ] ], [ [ [ 6.2411, 43.02811 ], [ 6.24125, 43.02801 ], [ 6.24123, 43.02844 ], [ 6.2411, 43.02811 ] ] ], [ [ [ 6.10961, 43.03214 ], [ 6.10979, 43.03213 ], [ 6.10969, 43.03231 ], [ 6.10961, 43.03214 ] ] ], [ [ [ 6.17347, 43.03257 ], [ 6.17393, 43.03269 ], [ 6.17371, 43.03288 ], [ 6.17347, 43.03257 ] ] ], [ [ [ 6.08541, 43.03966 ], [ 6.08555, 43.03982 ], [ 6.08496, 43.03982 ], [ 6.08541, 43.03966 ] ] ], [ [ [ 6.08788, 43.04071 ], [ 6.08728, 43.04053 ], [ 6.0881, 43.03979 ], [ 6.08788, 43.04071 ] ] ], [ [ [ 6.09255, 43.04073 ], [ 6.09221, 43.04068 ], [ 6.09237, 43.04025 ], [ 6.09255, 43.04073 ] ] ], [ [ [ 6.09121, 43.0415 ], [ 6.08972, 43.04154 ], [ 6.09207, 43.04063 ], [ 6.09121, 43.0415 ] ] ], [ [ [ 6.09834, 43.04281 ], [ 6.09718, 43.04275 ], [ 6.09833, 43.04204 ], [ 6.09834, 43.04281 ] ] ], [ [ [ 6.29928, 43.10485 ], [ 6.29877, 43.10502 ], [ 6.29863, 43.10479 ], [ 6.29928, 43.10485 ] ] ], [ [ [ 6.29925, 43.10582 ], [ 6.29908, 43.10522 ], [ 6.29935, 43.10515 ], [ 6.29925, 43.10582 ] ] ], [ [ [ 6.30534, 43.10528 ], [ 6.30489, 43.10566 ], [ 6.30466, 43.10543 ], [ 6.30534, 43.10528 ] ] ], [ [ [ 6.28305, 43.11445 ], [ 6.28253, 43.1144 ], [ 6.28223, 43.11372 ], [ 6.28305, 43.11445 ] ] ], [ [ [ 5.79953, 43.65983 ], [ 5.74461, 43.65678 ], [ 5.69912, 43.64321 ], [ 5.6781, 43.61128 ], [ 5.69183, 43.58457 ], [ 5.65591, 43.57784 ], [ 5.66814, 43.56494 ], [ 5.72525, 43.55117 ], [ 5.7159, 43.50354 ], [ 5.69885, 43.48221 ], [ 5.7278, 43.46694 ], [ 5.75077, 43.43446 ], [ 5.78839, 43.42039 ], [ 5.75511, 43.40235 ], [ 5.7013, 43.40806 ], [ 5.68272, 43.39912 ], [ 5.70497, 43.3559 ], [ 5.68639, 43.3402 ], [ 5.68533, 43.32268 ], [ 5.66914, 43.31941 ], [ 5.69104, 43.31298 ], [ 5.72671, 43.31725 ], [ 5.76293, 43.2818 ], [ 5.76078, 43.26737 ], [ 5.68248, 43.23542 ], [ 5.67193, 43.17952 ], [ 5.69436, 43.17259 ], [ 5.68238, 43.15558 ], [ 5.69517, 43.1436 ], [ 5.71656, 43.14829 ], [ 5.72417, 43.13629 ], [ 5.75125, 43.1297 ], [ 5.77059, 43.1391 ], [ 5.78104, 43.12992 ], [ 5.76628, 43.11538 ], [ 5.80158, 43.11762 ], [ 5.80943, 43.11411 ], [ 5.81209, 43.09372 ], [ 5.80387, 43.07673 ], [ 5.79432, 43.06815 ], [ 5.8018, 43.06867 ], [ 5.81565, 43.06389 ], [ 5.84404, 43.04672 ], [ 5.85923, 43.04589 ], [ 5.88783, 43.07771 ], [ 5.91112, 43.0658 ], [ 5.95088, 43.07201 ], [ 5.93812, 43.08457 ], [ 5.92739, 43.07742 ], [ 5.91769, 43.08583 ], [ 5.908, 43.07839 ], [ 5.89458, 43.08185 ], [ 5.91059, 43.10056 ], [ 5.88231, 43.10091 ], [ 5.88048, 43.10799 ], [ 5.8821, 43.10932 ], [ 5.8916, 43.10793 ], [ 5.8891, 43.11822 ], [ 5.91039, 43.11355 ], [ 5.91411, 43.12493 ], [ 5.91444, 43.11466 ], [ 5.92065, 43.12413 ], [ 5.92807, 43.12203 ], [ 5.92542, 43.11549 ], [ 5.93444, 43.11869 ], [ 5.92612, 43.1011 ], [ 5.93098, 43.10256 ], [ 5.93649, 43.107 ], [ 5.941, 43.10785 ], [ 5.97503, 43.1079 ], [ 6.00604, 43.10413 ], [ 6.01863, 43.09874 ], [ 6.02157, 43.0785 ], [ 6.07784, 43.08787 ], [ 6.11403, 43.08376 ], [ 6.12593, 43.07802 ], [ 6.13207, 43.04873 ], [ 6.11924, 43.03897 ], [ 6.094, 43.04056 ], [ 6.09552, 43.02875 ], [ 6.11303, 43.03533 ], [ 6.13479, 43.03643 ], [ 6.15607, 43.02617 ], [ 6.17317, 43.03282 ], [ 6.15219, 43.03695 ], [ 6.15465, 43.08052 ], [ 6.17239, 43.10209 ], [ 6.20117, 43.11606 ], [ 6.27527, 43.12096 ], [ 6.28816, 43.11452 ], [ 6.28998, 43.10687 ], [ 6.31644, 43.10654 ], [ 6.32158, 43.09153 ], [ 6.3645, 43.08647 ], [ 6.36019, 43.1206 ], [ 6.36734, 43.13573 ], [ 6.38645, 43.14498 ], [ 6.42998, 43.15166 ], [ 6.43896, 43.14218 ], [ 6.46449, 43.15761 ], [ 6.49371, 43.15044 ], [ 6.50164, 43.1558 ], [ 6.50986, 43.15581 ], [ 6.52279, 43.1657 ], [ 6.53486, 43.16353 ], [ 6.53794, 43.17995 ], [ 6.56161, 43.18907 ], [ 6.60129, 43.18264 ], [ 6.62095, 43.15798 ], [ 6.633, 43.17228 ], [ 6.63961, 43.17229 ], [ 6.64162, 43.17127 ], [ 6.64345, 43.16837 ], [ 6.64658, 43.16756 ], [ 6.63939, 43.17309 ], [ 6.64286, 43.18725 ], [ 6.65985, 43.19644 ], [ 6.68125, 43.20007 ], [ 6.66404, 43.2128 ], [ 6.66433, 43.24122 ], [ 6.6906, 43.25208 ], [ 6.69772, 43.26659 ], [ 6.67822, 43.27905 ], [ 6.66444, 43.26485 ], [ 6.639, 43.27417 ], [ 6.59355, 43.26236 ], [ 6.58826, 43.26987 ], [ 6.58562, 43.26871 ], [ 6.5801, 43.2687 ], [ 6.57911, 43.26679 ], [ 6.5744, 43.26706 ], [ 6.57532, 43.2734 ], [ 6.5777, 43.27441 ], [ 6.57801, 43.27166 ], [ 6.58014, 43.2712 ], [ 6.57872, 43.27193 ], [ 6.57834, 43.27477 ], [ 6.58286, 43.27562 ], [ 6.58783, 43.27156 ], [ 6.58595, 43.28018 ], [ 6.63383, 43.30701 ], [ 6.67128, 43.31273 ], [ 6.66515, 43.3249 ], [ 6.68009, 43.34044 ], [ 6.71662, 43.34671 ], [ 6.71281, 43.35254 ], [ 6.71953, 43.35729 ], [ 6.71646, 43.35903 ], [ 6.71305, 43.36632 ], [ 6.71417, 43.37214 ], [ 6.75082, 43.41932 ], [ 6.74676, 43.42037 ], [ 6.74166, 43.42741 ], [ 6.74951, 43.42201 ], [ 6.74991, 43.41983 ], [ 6.76565, 43.42398 ], [ 6.78889, 43.4078 ], [ 6.79575, 43.41345 ], [ 6.82943, 43.41845 ], [ 6.85508, 43.41159 ], [ 6.85691, 43.43196 ], [ 6.87061, 43.42506 ], [ 6.87895, 43.4281 ], [ 6.89218, 43.42897 ], [ 6.89879, 43.44199 ], [ 6.90468, 43.44545 ], [ 6.92295, 43.45081 ], [ 6.92006, 43.45753 ], [ 6.92361, 43.47348 ], [ 6.93319, 43.47788 ], [ 6.88404, 43.50254 ], [ 6.89647, 43.52757 ], [ 6.87852, 43.52895 ], [ 6.8874, 43.55254 ], [ 6.90835, 43.56439 ], [ 6.89826, 43.58168 ], [ 6.912, 43.59843 ], [ 6.89349, 43.61193 ], [ 6.86585, 43.60294 ], [ 6.85772, 43.61097 ], [ 6.8524, 43.60421 ], [ 6.81695, 43.62966 ], [ 6.79876, 43.62822 ], [ 6.78404, 43.65319 ], [ 6.76109, 43.6662 ], [ 6.77443, 43.70399 ], [ 6.7526, 43.7411 ], [ 6.71493, 43.73867 ], [ 6.70139, 43.75407 ], [ 6.68271, 43.75794 ], [ 6.65742, 43.74872 ], [ 6.62148, 43.8053 ], [ 6.58736, 43.80547 ], [ 6.54523, 43.77526 ], [ 6.54287, 43.79156 ], [ 6.51814, 43.8088 ], [ 6.48649, 43.79161 ], [ 6.46979, 43.79889 ], [ 6.41427, 43.79179 ], [ 6.41349, 43.76046 ], [ 6.38334, 43.73448 ], [ 6.37475, 43.74315 ], [ 6.35818, 43.7355 ], [ 6.32668, 43.74684 ], [ 6.26874, 43.77733 ], [ 6.25294, 43.8012 ], [ 6.21426, 43.79916 ], [ 6.15337, 43.74334 ], [ 6.13026, 43.73618 ], [ 6.10686, 43.74501 ], [ 6.07683, 43.70707 ], [ 6.03479, 43.69418 ], [ 6.0392, 43.6786 ], [ 6.02159, 43.66833 ], [ 5.9877, 43.69539 ], [ 5.98546, 43.71402 ], [ 5.94066, 43.72725 ], [ 5.93849, 43.74945 ], [ 5.92488, 43.75742 ], [ 5.90282, 43.75359 ], [ 5.90121, 43.73258 ], [ 5.84911, 43.71816 ], [ 5.83087, 43.74725 ], [ 5.78109, 43.75571 ], [ 5.75348, 43.72462 ], [ 5.7872, 43.71669 ], [ 5.78827, 43.69662 ], [ 5.81343, 43.68914 ], [ 5.79953, 43.65983 ] ] ], [ [ [ 6.3936, 42.98762 ], [ 6.39499, 42.98701 ], [ 6.39678, 42.98921 ], [ 6.3936, 42.98762 ] ] ], [ [ [ 6.37048, 43.00235 ], [ 6.37242, 42.99578 ], [ 6.40254, 42.99345 ], [ 6.42128, 43.0141 ], [ 6.41205, 43.00927 ], [ 6.40906, 43.02005 ], [ 6.37048, 43.00235 ] ] ], [ [ [ 6.35926, 43.00882 ], [ 6.35956, 43.00913 ], [ 6.35928, 43.00919 ], [ 6.35926, 43.00882 ] ] ], [ [ [ 6.36381, 43.00403 ], [ 6.36868, 43.01885 ], [ 6.36185, 43.01752 ], [ 6.36381, 43.00403 ] ] ], [ [ [ 6.3896, 43.01479 ], [ 6.38841, 43.01465 ], [ 6.3896, 43.0139 ], [ 6.3896, 43.01479 ] ] ], [ [ [ 6.43357, 43.01174 ], [ 6.43786, 43.00346 ], [ 6.45172, 43.01801 ], [ 6.47088, 43.01672 ], [ 6.48826, 43.04277 ], [ 6.50965, 43.04452 ], [ 6.50826, 43.05277 ], [ 6.46856, 43.0456 ], [ 6.43357, 43.01174 ] ] ], [ [ [ 6.50143, 43.04187 ], [ 6.50166, 43.04136 ], [ 6.50195, 43.0418 ], [ 6.50143, 43.04187 ] ] ], [ [ [ 6.5115, 43.04712 ], [ 6.51147, 43.04654 ], [ 6.51154, 43.04653 ], [ 6.5115, 43.04712 ] ] ], [ [ [ 6.53272, 43.05058 ], [ 6.53264, 43.05079 ], [ 6.53232, 43.0507 ], [ 6.53272, 43.05058 ] ] ], [ [ [ 6.37206, 43.09095 ], [ 6.37255, 43.09107 ], [ 6.37192, 43.0913 ], [ 6.37206, 43.09095 ] ] ], [ [ [ 6.37063, 43.10285 ], [ 6.37025, 43.10281 ], [ 6.3705, 43.10259 ], [ 6.37063, 43.10285 ] ] ], [ [ [ 6.37106, 43.1028 ], [ 6.37093, 43.10294 ], [ 6.37079, 43.10284 ], [ 6.37106, 43.1028 ] ] ], [ [ [ 6.40437, 43.1059 ], [ 6.40431, 43.10617 ], [ 6.40398, 43.1058 ], [ 6.40437, 43.1059 ] ] ], [ [ [ 6.373, 43.13685 ], [ 6.37044, 43.13576 ], [ 6.37285, 43.13654 ], [ 6.373, 43.13685 ] ] ], [ [ [ 6.38371, 43.13926 ], [ 6.38343, 43.13911 ], [ 6.38351, 43.13906 ], [ 6.38371, 43.13926 ] ] ], [ [ [ 6.38321, 43.13924 ], [ 6.38416, 43.13929 ], [ 6.38371, 43.13943 ], [ 6.38321, 43.13924 ] ] ], [ [ [ 6.47238, 43.15249 ], [ 6.47269, 43.15291 ], [ 6.47232, 43.1529 ], [ 6.47238, 43.15249 ] ] ], [ [ [ 6.50329, 43.15556 ], [ 6.50311, 43.15552 ], [ 6.50304, 43.15528 ], [ 6.50329, 43.15556 ] ] ], [ [ [ 6.5376, 43.16722 ], [ 6.53731, 43.1672 ], [ 6.53743, 43.16706 ], [ 6.5376, 43.16722 ] ] ], [ [ [ 6.64171, 43.17036 ], [ 6.64185, 43.17039 ], [ 6.64147, 43.17074 ], [ 6.64171, 43.17036 ] ] ], [ [ [ 6.64061, 43.17149 ], [ 6.64086, 43.17125 ], [ 6.64075, 43.17155 ], [ 6.64061, 43.17149 ] ] ], [ [ [ 6.64122, 43.17496 ], [ 6.64136, 43.17475 ], [ 6.64179, 43.17487 ], [ 6.64122, 43.17496 ] ] ], [ [ [ 6.57793, 43.26849 ], [ 6.58314, 43.26944 ], [ 6.57963, 43.26963 ], [ 6.57793, 43.26849 ] ] ], [ [ [ 6.578, 43.27092 ], [ 6.57755, 43.26921 ], [ 6.57799, 43.26934 ], [ 6.578, 43.27092 ] ] ], [ [ [ 6.57748, 43.27038 ], [ 6.57742, 43.27074 ], [ 6.57706, 43.27085 ], [ 6.57748, 43.27038 ] ] ], [ [ [ 6.58352, 43.26937 ], [ 6.58706, 43.26961 ], [ 6.58604, 43.27149 ], [ 6.58538, 43.27167 ], [ 6.58466, 43.27161 ], [ 6.58494, 43.26987 ], [ 6.58352, 43.26937 ] ] ], [ [ [ 6.57944, 43.27114 ], [ 6.57918, 43.27126 ], [ 6.57887, 43.27112 ], [ 6.57944, 43.27114 ] ] ], [ [ [ 6.58073, 43.27095 ], [ 6.58151, 43.2714 ], [ 6.58112, 43.27175 ], [ 6.58073, 43.27095 ] ] ], [ [ [ 6.57582, 43.27273 ], [ 6.57529, 43.27267 ], [ 6.57537, 43.27124 ], [ 6.57582, 43.27273 ] ] ], [ [ [ 6.57983, 43.27268 ], [ 6.57919, 43.27321 ], [ 6.57924, 43.27234 ], [ 6.57983, 43.27268 ] ] ], [ [ [ 6.57738, 43.27402 ], [ 6.57605, 43.27341 ], [ 6.57634, 43.27272 ], [ 6.57738, 43.27402 ] ] ], [ [ [ 6.57923, 43.27428 ], [ 6.58063, 43.27229 ], [ 6.58164, 43.27226 ], [ 6.58066, 43.27269 ], [ 6.57923, 43.27428 ] ] ], [ [ [ 6.58125, 43.2736 ], [ 6.58183, 43.27386 ], [ 6.5816, 43.27411 ], [ 6.58125, 43.2736 ] ] ], [ [ [ 6.58121, 43.27467 ], [ 6.58266, 43.27309 ], [ 6.58302, 43.27337 ], [ 6.58121, 43.27467 ] ] ], [ [ [ 6.57994, 43.27453 ], [ 6.58057, 43.27385 ], [ 6.58126, 43.27444 ], [ 6.57994, 43.27453 ] ] ], [ [ [ 6.6469, 43.16705 ], [ 6.64647, 43.16674 ], [ 6.64743, 43.16631 ], [ 6.6469, 43.16705 ] ] ], [ [ [ 6.66148, 43.19536 ], [ 6.66189, 43.19541 ], [ 6.6617, 43.19566 ], [ 6.66148, 43.19536 ] ] ], [ [ [ 6.67032, 43.19642 ], [ 6.67056, 43.19646 ], [ 6.67033, 43.19649 ], [ 6.67032, 43.19642 ] ] ], [ [ [ 6.68853, 43.19929 ], [ 6.68844, 43.19904 ], [ 6.68858, 43.199 ], [ 6.68853, 43.19929 ] ] ], [ [ [ 6.68272, 43.20046 ], [ 6.68211, 43.20056 ], [ 6.68191, 43.19979 ], [ 6.68272, 43.20046 ] ] ], [ [ [ 6.70336, 43.25786 ], [ 6.70355, 43.25777 ], [ 6.70378, 43.25811 ], [ 6.70336, 43.25786 ] ] ], [ [ [ 6.70245, 43.25809 ], [ 6.70257, 43.25796 ], [ 6.70278, 43.25812 ], [ 6.70245, 43.25809 ] ] ], [ [ [ 6.68704, 43.31478 ], [ 6.6867, 43.31434 ], [ 6.68704, 43.31417 ], [ 6.68704, 43.31478 ] ] ], [ [ [ 6.71307, 43.34539 ], [ 6.71269, 43.34538 ], [ 6.7129, 43.34496 ], [ 6.71307, 43.34539 ] ] ], [ [ [ 6.7159, 43.35189 ], [ 6.71571, 43.3522 ], [ 6.7155, 43.35207 ], [ 6.7159, 43.35189 ] ] ], [ [ [ 6.71574, 43.35222 ], [ 6.71626, 43.35185 ], [ 6.71631, 43.35206 ], [ 6.71574, 43.35222 ] ] ], [ [ [ 6.71922, 43.35693 ], [ 6.71931, 43.35678 ], [ 6.71946, 43.35676 ], [ 6.71922, 43.35693 ] ] ], [ [ [ 6.71903, 43.35804 ], [ 6.71905, 43.35775 ], [ 6.7193, 43.35806 ], [ 6.71903, 43.35804 ] ] ], [ [ [ 6.77486, 43.40659 ], [ 6.77466, 43.40761 ], [ 6.77366, 43.4068 ], [ 6.77486, 43.40659 ] ] ], [ [ [ 6.78263, 43.40866 ], [ 6.78153, 43.408 ], [ 6.78243, 43.40724 ], [ 6.78263, 43.40866 ] ] ], [ [ [ 6.84574, 43.41005 ], [ 6.84725, 43.4104 ], [ 6.84706, 43.41149 ], [ 6.84574, 43.41005 ] ] ], [ [ [ 6.85148, 43.41122 ], [ 6.85093, 43.41086 ], [ 6.85172, 43.41075 ], [ 6.85148, 43.41122 ] ] ], [ [ [ 6.85618, 43.41165 ], [ 6.85511, 43.41151 ], [ 6.85546, 43.41126 ], [ 6.85618, 43.41165 ] ] ], [ [ [ 6.85701, 43.41322 ], [ 6.8566, 43.41303 ], [ 6.85717, 43.41304 ], [ 6.85701, 43.41322 ] ] ], [ [ [ 6.81386, 43.41494 ], [ 6.8136, 43.41476 ], [ 6.81412, 43.4149 ], [ 6.81386, 43.41494 ] ] ], [ [ [ 6.81955, 43.41558 ], [ 6.81971, 43.41569 ], [ 6.8188, 43.41554 ], [ 6.81955, 43.41558 ] ] ], [ [ [ 6.87863, 43.4255 ], [ 6.87819, 43.42605 ], [ 6.87796, 43.42565 ], [ 6.87863, 43.4255 ] ] ], [ [ [ 6.87541, 43.42669 ], [ 6.87508, 43.42653 ], [ 6.87543, 43.42643 ], [ 6.87541, 43.42669 ] ] ], [ [ [ 6.89501, 43.42684 ], [ 6.89515, 43.42663 ], [ 6.89537, 43.42676 ], [ 6.89501, 43.42684 ] ] ], [ [ [ 6.89508, 43.42742 ], [ 6.89468, 43.4272 ], [ 6.89523, 43.42716 ], [ 6.89508, 43.42742 ] ] ], [ [ [ 6.89332, 43.42662 ], [ 6.89529, 43.42702 ], [ 6.89433, 43.42717 ], [ 6.89332, 43.42662 ] ] ], [ [ [ 6.88934, 43.42828 ], [ 6.8888, 43.42808 ], [ 6.88907, 43.42801 ], [ 6.88934, 43.42828 ] ] ], [ [ [ 6.89877, 43.43974 ], [ 6.89836, 43.43945 ], [ 6.89885, 43.43943 ], [ 6.89877, 43.43974 ] ] ], [ [ [ 6.909, 43.4457 ], [ 6.90751, 43.44552 ], [ 6.90853, 43.44498 ], [ 6.909, 43.4457 ] ] ], [ [ [ 6.92367, 43.45166 ], [ 6.92301, 43.45072 ], [ 6.92385, 43.45071 ], [ 6.92367, 43.45166 ] ] ], [ [ [ 6.92231, 43.45402 ], [ 6.92239, 43.45383 ], [ 6.92269, 43.45385 ], [ 6.92231, 43.45402 ] ] ], [ [ [ 6.92331, 43.45529 ], [ 6.92302, 43.45522 ], [ 6.92335, 43.455 ], [ 6.92331, 43.45529 ] ] ], [ [ [ 6.92438, 43.46383 ], [ 6.9245, 43.46397 ], [ 6.92411, 43.4641 ], [ 6.92438, 43.46383 ] ] ], [ [ [ 6.92464, 43.47123 ], [ 6.92506, 43.47128 ], [ 6.92499, 43.47138 ], [ 6.92464, 43.47123 ] ] ] ] } },
{ "type": "Feature", "properties": { "dep_code": "84", "dep_name": "Vaucluse" }, "geometry": { "type": "MultiPolygon", "coordinates": [ [ [ [ 4.82688, 44.2285 ], [ 4.81416, 44.23219 ], [ 4.80458, 44.30383 ], [ 4.77963, 44.31938 ], [ 4.71792, 44.32695 ], [ 4.71313, 44.32053 ], [ 4.67862, 44.32071 ], [ 4.65061, 44.3298 ], [ 4.65009, 44.26148 ], [ 4.6777, 44.2347 ], [ 4.67457, 44.21411 ], [ 4.70588, 44.21471 ], [ 4.7058, 44.19272 ], [ 4.72247, 44.18732 ], [ 4.70607, 44.1078 ], [ 4.72011, 44.08244 ], [ 4.76025, 44.08722 ], [ 4.75966, 44.075 ], [ 4.78721, 44.0659 ], [ 4.81962, 44.01725 ], [ 4.8437, 44.00863 ], [ 4.84274, 43.98694 ], [ 4.81355, 43.9883 ], [ 4.81193, 43.96204 ], [ 4.77742, 43.93706 ], [ 4.73928, 43.92413 ], [ 4.85305, 43.91131 ], [ 4.96616, 43.87182 ], [ 5.03002, 43.82735 ], [ 5.04629, 43.79096 ], [ 5.17335, 43.7388 ], [ 5.18777, 43.73507 ], [ 5.24273, 43.74762 ], [ 5.31663, 43.73613 ], [ 5.33908, 43.7202 ], [ 5.48811, 43.66744 ], [ 5.6071, 43.65872 ], [ 5.67353, 43.69364 ], [ 5.714, 43.69127 ], [ 5.75139, 43.72227 ], [ 5.7492, 43.74048 ], [ 5.71622, 43.75598 ], [ 5.71289, 43.78112 ], [ 5.68554, 43.78718 ], [ 5.65448, 43.82517 ], [ 5.57476, 43.83026 ], [ 5.54473, 43.81761 ], [ 5.54857, 43.85182 ], [ 5.5728, 43.86233 ], [ 5.60783, 43.91478 ], [ 5.58139, 43.91477 ], [ 5.56843, 43.94271 ], [ 5.54498, 43.93891 ], [ 5.50967, 43.95057 ], [ 5.51763, 43.99154 ], [ 5.54356, 44.02593 ], [ 5.54479, 44.06944 ], [ 5.50269, 44.06347 ], [ 5.49889, 44.11605 ], [ 5.45085, 44.12106 ], [ 5.43598, 44.15251 ], [ 5.3832, 44.15536 ], [ 5.37891, 44.20454 ], [ 5.35522, 44.21455 ], [ 5.33672, 44.20341 ], [ 5.30327, 44.2057 ], [ 5.25266, 44.2313 ], [ 5.24051, 44.23086 ], [ 5.23035, 44.21184 ], [ 5.15814, 44.22863 ], [ 5.14936, 44.23559 ], [ 5.16185, 44.24582 ], [ 5.16071, 44.26671 ], [ 5.14626, 44.27198 ], [ 5.16827, 44.29002 ], [ 5.16699, 44.31494 ], [ 5.10814, 44.2773 ], [ 5.07666, 44.28395 ], [ 5.06054, 44.30821 ], [ 4.93302, 44.26222 ], [ 4.87405, 44.25974 ], [ 4.82688, 44.2285 ] ] ], [ [ [ 4.89156, 44.34015 ], [ 4.8817, 44.32482 ], [ 4.88928, 44.30404 ], [ 4.92193, 44.30893 ], [ 4.98713, 44.29273 ], [ 4.99638, 44.32004 ], [ 5.01378, 44.32579 ], [ 5.0235, 44.36028 ], [ 5.0547, 44.3648 ], [ 5.0722, 44.3809 ], [ 5.0158, 44.39273 ], [ 5.01855, 44.41576 ], [ 5.00128, 44.41265 ], [ 4.97162, 44.43153 ], [ 4.96034, 44.41993 ], [ 4.91822, 44.40772 ], [ 4.9068, 44.37414 ], [ 4.87017, 44.34822 ], [ 4.89156, 44.34015 ] ] ] ] } },
{ "type": "Feature", "properties": { "dep_code": "85", "dep_name": "Vendée" }, "geometry": { "type": "MultiPolygon", "coordinates": [ [ [ [ -1.28308, 46.29503 ], [ -1.28342, 46.29825 ], [ -1.28319, 46.29503 ], [ -1.28308, 46.29503 ] ] ], [ [ [ -2.07105, 46.93577 ], [ -2.08131, 46.93815 ], [ -2.10622, 46.92 ], [ -2.12768, 46.89198 ], [ -2.15635, 46.88902 ], [ -2.14196, 46.8189 ], [ -2.02156, 46.75004 ], [ -1.98133, 46.71909 ], [ -1.96586, 46.69194 ], [ -1.93433, 46.69609 ], [ -1.93346, 46.69179 ], [ -1.95429, 46.691 ], [ -1.94075, 46.69099 ], [ -1.85674, 46.60957 ], [ -1.8129, 46.49405 ], [ -1.79398, 46.48869 ], [ -1.78936, 46.50441 ], [ -1.79173, 46.49056 ], [ -1.77765, 46.49295 ], [ -1.67957, 46.43807 ], [ -1.64551, 46.43401 ], [ -1.64805, 46.41976 ], [ -1.5129, 46.40337 ], [ -1.46723, 46.3428 ], [ -1.43768, 46.33999 ], [ -1.42234, 46.34733 ], [ -1.38651, 46.34088 ], [ -1.35777, 46.34797 ], [ -1.33351, 46.33468 ], [ -1.35462, 46.34293 ], [ -1.3009, 46.29388 ], [ -1.28398, 46.2865 ], [ -1.26614, 46.28177 ], [ -1.26906, 46.2874 ], [ -1.28772, 46.28859 ], [ -1.27327, 46.291 ], [ -1.29769, 46.29385 ], [ -1.28392, 46.29468 ], [ -1.29924, 46.29589 ], [ -1.28837, 46.29611 ], [ -1.29907, 46.29855 ], [ -1.29417, 46.29765 ], [ -1.29143, 46.29771 ], [ -1.29103, 46.29749 ], [ -1.28986, 46.29751 ], [ -1.28805, 46.2971 ], [ -1.28992, 46.3042 ], [ -1.33327, 46.34026 ], [ -1.33176, 46.34936 ], [ -1.3316, 46.34068 ], [ -1.29912, 46.32713 ], [ -1.28972, 46.31359 ], [ -1.20523, 46.26666 ], [ -1.20291, 46.3159 ], [ -1.16734, 46.31995 ], [ -1.16633, 46.33291 ], [ -1.13991, 46.31148 ], [ -1.11511, 46.32927 ], [ -1.09647, 46.31212 ], [ -1.0749, 46.31779 ], [ -1.08136, 46.32369 ], [ -1.05369, 46.34952 ], [ -1.05246, 46.34257 ], [ -1.0134, 46.3556 ], [ -1.01285, 46.34928 ], [ -0.97481, 46.35123 ], [ -0.96497, 46.36534 ], [ -0.95109, 46.36027 ], [ -0.92906, 46.37142 ], [ -0.94314, 46.33709 ], [ -0.96314, 46.32268 ], [ -0.93199, 46.31038 ], [ -0.89453, 46.317 ], [ -0.8871, 46.3269 ], [ -0.86485, 46.32763 ], [ -0.84996, 46.3177 ], [ -0.84035, 46.34046 ], [ -0.82135, 46.33597 ], [ -0.80328, 46.34289 ], [ -0.80278, 46.32526 ], [ -0.74882, 46.30169 ], [ -0.72192, 46.30243 ], [ -0.72047, 46.31484 ], [ -0.69731, 46.32506 ], [ -0.64825, 46.31696 ], [ -0.63723, 46.33702 ], [ -0.60507, 46.34733 ], [ -0.60311, 46.36148 ], [ -0.57696, 46.35544 ], [ -0.54618, 46.37521 ], [ -0.54013, 46.38839 ], [ -0.60185, 46.4127 ], [ -0.61279, 46.41142 ], [ -0.62091, 46.39067 ], [ -0.64067, 46.39719 ], [ -0.62896, 46.40407 ], [ -0.63966, 46.41075 ], [ -0.63656, 46.43229 ], [ -0.61851, 46.43896 ], [ -0.61926, 46.4553 ], [ -0.61378, 46.44905 ], [ -0.60781, 46.45458 ], [ -0.63129, 46.47871 ], [ -0.62498, 46.49759 ], [ -0.64537, 46.50868 ], [ -0.64413, 46.52175 ], [ -0.62751, 46.52965 ], [ -0.60846, 46.52623 ], [ -0.60177, 46.54804 ], [ -0.62464, 46.57519 ], [ -0.61162, 46.58819 ], [ -0.62694, 46.6056 ], [ -0.61405, 46.62161 ], [ -0.63378, 46.6373 ], [ -0.65893, 46.63596 ], [ -0.63697, 46.66338 ], [ -0.68108, 46.68698 ], [ -0.65616, 46.7008 ], [ -0.6781, 46.72571 ], [ -0.70272, 46.73505 ], [ -0.6983, 46.75176 ], [ -0.71548, 46.75193 ], [ -0.72748, 46.76774 ], [ -0.71845, 46.79981 ], [ -0.69851, 46.81074 ], [ -0.70939, 46.82154 ], [ -0.76665, 46.83435 ], [ -0.8168, 46.88087 ], [ -0.83234, 46.88465 ], [ -0.80741, 46.92006 ], [ -0.82136, 46.91827 ], [ -0.848, 46.94099 ], [ -0.85819, 46.93459 ], [ -0.84966, 46.94632 ], [ -0.88012, 46.94568 ], [ -0.87558, 46.95487 ], [ -0.8603, 46.94949 ], [ -0.86369, 46.96218 ], [ -0.87604, 46.95574 ], [ -0.87831, 46.96932 ], [ -0.90182, 46.96713 ], [ -0.89306, 46.9845 ], [ -0.91961, 47.00334 ], [ -0.93523, 47.00234 ], [ -0.92919, 47.00811 ], [ -0.9608, 46.99472 ], [ -0.97762, 47.01885 ], [ -0.98217, 47.01059 ], [ -1.00218, 47.02152 ], [ -1.0163, 47.00356 ], [ -1.11102, 47.01581 ], [ -1.20146, 47.04034 ], [ -1.27001, 47.08501 ], [ -1.28803, 47.07614 ], [ -1.30041, 47.03429 ], [ -1.34565, 47.0459 ], [ -1.34176, 47.03978 ], [ -1.3663, 47.04188 ], [ -1.37868, 47.03138 ], [ -1.36294, 47.00567 ], [ -1.3781, 46.99168 ], [ -1.35908, 46.98127 ], [ -1.36498, 46.95694 ], [ -1.45838, 46.92599 ], [ -1.4719, 46.93309 ], [ -1.45736, 46.95446 ], [ -1.47689, 46.98208 ], [ -1.46006, 46.99248 ], [ -1.4723, 47.03137 ], [ -1.49585, 47.04156 ], [ -1.55548, 47.01481 ], [ -1.54245, 47.00298 ], [ -1.55549, 46.97879 ], [ -1.51867, 46.93467 ], [ -1.5291, 46.92271 ], [ -1.54598, 46.92527 ], [ -1.50079, 46.88336 ], [ -1.54626, 46.8749 ], [ -1.54851, 46.86008 ], [ -1.60472, 46.87559 ], [ -1.6653, 46.87478 ], [ -1.68655, 46.89065 ], [ -1.72291, 46.88377 ], [ -1.74573, 46.92836 ], [ -1.83221, 46.93216 ], [ -1.82798, 46.95292 ], [ -1.89905, 46.9607 ], [ -1.91716, 46.97483 ], [ -1.91669, 46.99214 ], [ -1.94249, 46.99449 ], [ -1.9713, 47.02862 ], [ -2.02918, 47.00972 ], [ -2.02669, 46.99729 ], [ -2.03823, 46.99747 ], [ -2.0302, 46.99018 ], [ -2.04624, 46.978 ], [ -2.04465, 46.96901 ], [ -2.03351, 46.96899 ], [ -2.07105, 46.93577 ] ] ], [ [ [ -2.36936, 46.69906 ], [ -2.36843, 46.69951 ], [ -2.36892, 46.6997 ], [ -2.36936, 46.69906 ] ] ], [ [ [ -2.37753, 46.70182 ], [ -2.3423, 46.69422 ], [ -2.33238, 46.68615 ], [ -2.31188, 46.6961 ], [ -2.28261, 46.68839 ], [ -2.31803, 46.71995 ], [ -2.33938, 46.71929 ], [ -2.34693, 46.72975 ], [ -2.37408, 46.73389 ], [ -2.40066, 46.72584 ], [ -2.37753, 46.70182 ] ] ], [ [ [ -2.39327, 46.70986 ], [ -2.39342, 46.7098 ], [ -2.39332, 46.70958 ], [ -2.39327, 46.70986 ] ] ], [ [ [ -2.399, 46.7209 ], [ -2.39934, 46.72117 ], [ -2.39948, 46.72097 ], [ -2.399, 46.7209 ] ] ], [ [ [ -2.40061, 46.72483 ], [ -2.40067, 46.72447 ], [ -2.39999, 46.72478 ], [ -2.40061, 46.72483 ] ] ], [ [ [ -2.25823, 46.95831 ], [ -2.23032, 46.9658 ], [ -2.21073, 46.95979 ], [ -2.14836, 46.89396 ], [ -2.15685, 46.95013 ], [ -2.23031, 46.97309 ], [ -2.2366, 46.98522 ], [ -2.22468, 46.9893 ], [ -2.23612, 46.98978 ], [ -2.24285, 46.98792 ], [ -2.24244, 46.98876 ], [ -2.24659, 46.98411 ], [ -2.24647, 46.98503 ], [ -2.2452, 46.98589 ], [ -2.24551, 46.98648 ], [ -2.24476, 46.98659 ], [ -2.24509, 46.98798 ], [ -2.24243, 46.98888 ], [ -2.24011, 46.98895 ], [ -2.2392, 46.98988 ], [ -2.23385, 46.991 ], [ -2.24757, 46.99971 ], [ -2.24121, 46.99874 ], [ -2.21926, 46.99008 ], [ -2.22221, 47.01444 ], [ -2.2524, 47.02791 ], [ -2.29819, 47.02761 ], [ -2.30756, 47.02472 ], [ -2.29226, 47.01158 ], [ -2.30251, 46.99056 ], [ -2.25823, 46.95831 ] ] ], [ [ [ -2.3577, 47.03965 ], [ -2.35462, 47.0382 ], [ -2.35829, 47.04278 ], [ -2.3577, 47.03965 ] ] ] ] } },
{ "type": "Feature", "properties": { "dep_code": "86", "dep_name": "Vienne" }, "geometry": { "type": "Polygon", "coordinates": [ [ [ -0.07667, 47.00839 ], [ -0.09405, 47.01341 ], [ -0.08648, 46.98546 ], [ -0.05491, 46.99492 ], [ -0.03383, 46.98292 ], [ -0.0463, 46.96163 ], [ -0.00894, 46.90789 ], [ -0.03576, 46.8749 ], [ 0.03386, 46.85407 ], [ 0.01666, 46.8349 ], [ -0.0118, 46.84804 ], [ -0.04576, 46.83219 ], [ -0.04976, 46.82056 ], [ -0.02033, 46.81256 ], [ -0.00702, 46.82213 ], [ 0.0079, 46.81444 ], [ -0.02671, 46.78873 ], [ -0.02312, 46.76903 ], [ -0.0124, 46.75434 ], [ -0.00123, 46.76182 ], [ 0.03824, 46.73188 ], [ -0.00234, 46.71611 ], [ 0.00263, 46.7001 ], [ -0.02127, 46.69335 ], [ -0.00658, 46.68342 ], [ -0.04039, 46.66405 ], [ -0.03165, 46.65124 ], [ -0.0676, 46.62957 ], [ -0.06572, 46.62282 ], [ -0.02982, 46.62709 ], [ 0.00072, 46.64333 ], [ -0.01364, 46.61503 ], [ 0.02228, 46.61456 ], [ 0.02316, 46.5952 ], [ 0.04308, 46.59113 ], [ -0.00772, 46.56799 ], [ -0.01142, 46.55265 ], [ 0.00671, 46.5422 ], [ -0.00722, 46.52312 ], [ -0.03148, 46.52512 ], [ -0.04139, 46.4935 ], [ -0.02909, 46.48564 ], [ -0.04705, 46.48307 ], [ -0.03808, 46.48152 ], [ -0.04286, 46.47009 ], [ -0.01536, 46.47594 ], [ -0.00959, 46.46771 ], [ -0.01943, 46.45327 ], [ -0.0099, 46.45006 ], [ -0.0108, 46.42325 ], [ -0.02367, 46.40084 ], [ -0.00912, 46.4043 ], [ -0.00794, 46.38899 ], [ 0.01553, 46.39185 ], [ 0.0343, 46.37373 ], [ 0.01394, 46.35311 ], [ 0.03744, 46.3451 ], [ 0.02297, 46.34565 ], [ 0.0154, 46.32638 ], [ 0.03133, 46.32971 ], [ 0.07828, 46.30508 ], [ 0.12463, 46.34863 ], [ 0.1541, 46.34475 ], [ 0.17665, 46.33055 ], [ 0.16487, 46.31787 ], [ 0.16976, 46.30541 ], [ 0.15207, 46.30312 ], [ 0.172, 46.27784 ], [ 0.15967, 46.26654 ], [ 0.12881, 46.26749 ], [ 0.14389, 46.22915 ], [ 0.11352, 46.21226 ], [ 0.10761, 46.18604 ], [ 0.13859, 46.18121 ], [ 0.15508, 46.15732 ], [ 0.18019, 46.14931 ], [ 0.1947, 46.16053 ], [ 0.22034, 46.15818 ], [ 0.21579, 46.13892 ], [ 0.18823, 46.1114 ], [ 0.19367, 46.09755 ], [ 0.25642, 46.08014 ], [ 0.2776, 46.05985 ], [ 0.38936, 46.06767 ], [ 0.42509, 46.04834 ], [ 0.45634, 46.05436 ], [ 0.46887, 46.06882 ], [ 0.48067, 46.06558 ], [ 0.47826, 46.08531 ], [ 0.44704, 46.08557 ], [ 0.44326, 46.10157 ], [ 0.46192, 46.11007 ], [ 0.47076, 46.12938 ], [ 0.4879, 46.12751 ], [ 0.49194, 46.13646 ], [ 0.50868, 46.13194 ], [ 0.49818, 46.12258 ], [ 0.51958, 46.11497 ], [ 0.53991, 46.08555 ], [ 0.56355, 46.09034 ], [ 0.5741, 46.07813 ], [ 0.59373, 46.08109 ], [ 0.59596, 46.07286 ], [ 0.61857, 46.0929 ], [ 0.68724, 46.09724 ], [ 0.67549, 46.11179 ], [ 0.71055, 46.12937 ], [ 0.71259, 46.13957 ], [ 0.74457, 46.14084 ], [ 0.78633, 46.12948 ], [ 0.81357, 46.1388 ], [ 0.83445, 46.12794 ], [ 0.84723, 46.13795 ], [ 0.83212, 46.14969 ], [ 0.84009, 46.16454 ], [ 0.82792, 46.17463 ], [ 0.83679, 46.17922 ], [ 0.81843, 46.18478 ], [ 0.81677, 46.19712 ], [ 0.7933, 46.21275 ], [ 0.8064, 46.22739 ], [ 0.8483, 46.22876 ], [ 0.84747, 46.24862 ], [ 0.85775, 46.24866 ], [ 0.86145, 46.26188 ], [ 0.89073, 46.26858 ], [ 0.89974, 46.28988 ], [ 0.92959, 46.28077 ], [ 0.93584, 46.29306 ], [ 0.95198, 46.28463 ], [ 1.00589, 46.28097 ], [ 1.02684, 46.34331 ], [ 1.05008, 46.36298 ], [ 1.101, 46.3643 ], [ 1.13003, 46.34717 ], [ 1.12863, 46.36341 ], [ 1.15132, 46.37014 ], [ 1.15804, 46.39014 ], [ 1.17749, 46.38393 ], [ 1.21322, 46.43313 ], [ 1.18659, 46.42824 ], [ 1.18646, 46.44105 ], [ 1.15184, 46.44865 ], [ 1.13518, 46.47096 ], [ 1.15761, 46.46951 ], [ 1.13327, 46.49802 ], [ 1.14885, 46.50212 ], [ 1.10782, 46.53182 ], [ 1.06558, 46.53964 ], [ 1.02232, 46.53608 ], [ 1.01441, 46.56777 ], [ 0.96376, 46.57149 ], [ 0.94124, 46.58097 ], [ 0.93768, 46.59443 ], [ 0.91067, 46.60167 ], [ 0.89389, 46.62694 ], [ 0.9179, 46.65048 ], [ 0.90246, 46.67942 ], [ 0.92799, 46.69271 ], [ 0.91315, 46.72568 ], [ 0.90178, 46.73637 ], [ 0.87707, 46.73802 ], [ 0.82807, 46.77706 ], [ 0.82818, 46.78678 ], [ 0.81508, 46.78842 ], [ 0.80902, 46.82799 ], [ 0.7866, 46.84128 ], [ 0.79595, 46.85012 ], [ 0.76744, 46.85147 ], [ 0.77132, 46.86403 ], [ 0.75301, 46.86008 ], [ 0.70532, 46.90235 ], [ 0.69289, 46.97413 ], [ 0.6333, 46.98691 ], [ 0.61994, 47.00719 ], [ 0.56758, 47.00651 ], [ 0.57457, 46.98273 ], [ 0.60125, 46.97307 ], [ 0.59943, 46.95616 ], [ 0.50523, 46.96002 ], [ 0.44489, 46.94127 ], [ 0.43864, 46.92949 ], [ 0.36651, 46.94987 ], [ 0.32497, 46.93055 ], [ 0.30131, 46.95585 ], [ 0.3056, 46.98643 ], [ 0.29135, 46.99037 ], [ 0.31297, 46.99807 ], [ 0.2986, 47.01966 ], [ 0.31029, 47.02574 ], [ 0.30534, 47.0527 ], [ 0.26817, 47.04243 ], [ 0.25984, 47.05554 ], [ 0.26784, 47.06772 ], [ 0.24422, 47.0715 ], [ 0.21393, 47.05411 ], [ 0.1923, 47.06544 ], [ 0.17571, 47.06074 ], [ 0.17468, 47.07199 ], [ 0.20117, 47.0913 ], [ 0.18237, 47.11511 ], [ 0.16186, 47.10008 ], [ 0.13518, 47.10711 ], [ 0.14069, 47.12466 ], [ 0.12706, 47.11983 ], [ 0.11123, 47.13036 ], [ 0.10456, 47.1208 ], [ 0.08121, 47.11853 ], [ 0.07837, 47.14642 ], [ 0.06561, 47.14307 ], [ 0.05252, 47.16683 ], [ 0.03626, 47.16005 ], [ 0.01888, 47.17599 ], [ -0.01088, 47.1577 ], [ -0.03609, 47.12518 ], [ -0.03932, 47.108 ], [ -0.02653, 47.10609 ], [ -0.0355, 47.08674 ], [ -0.04139, 47.09388 ], [ -0.06944, 47.09415 ], [ -0.06741, 47.09961 ], [ -0.09512, 47.09518 ], [ -0.10503, 47.0713 ], [ -0.07667, 47.00839 ] ] ] } },
{ "type": "Feature", "properties": { "dep_code": "87", "dep_name": "Haute-Vienne" }, "geometry": { "type": "Polygon", "coordinates": [ [ [ 0.92097, 45.938 ], [ 0.85961, 45.91777 ], [ 0.8122, 45.93133 ], [ 0.81261, 45.89727 ], [ 0.82715, 45.88277 ], [ 0.8073, 45.87018 ], [ 0.82116, 45.86709 ], [ 0.81684, 45.85831 ], [ 0.78129, 45.82057 ], [ 0.78379, 45.79182 ], [ 0.77137, 45.78735 ], [ 0.74096, 45.80576 ], [ 0.7119, 45.80399 ], [ 0.70582, 45.77774 ], [ 0.71501, 45.76312 ], [ 0.68802, 45.76036 ], [ 0.66521, 45.73954 ], [ 0.65246, 45.74071 ], [ 0.64456, 45.71618 ], [ 0.63267, 45.72132 ], [ 0.62924, 45.71476 ], [ 0.63604, 45.70387 ], [ 0.66826, 45.68588 ], [ 0.72502, 45.69587 ], [ 0.77623, 45.66791 ], [ 0.75061, 45.61687 ], [ 0.77859, 45.59097 ], [ 0.80671, 45.59505 ], [ 0.81108, 45.57591 ], [ 0.84368, 45.58331 ], [ 0.86933, 45.62356 ], [ 0.89816, 45.6 ], [ 0.90606, 45.60898 ], [ 0.91351, 45.60416 ], [ 0.94635, 45.61524 ], [ 0.97989, 45.60319 ], [ 0.99728, 45.61532 ], [ 1.02325, 45.61008 ], [ 1.04207, 45.58598 ], [ 1.03242, 45.57957 ], [ 1.04544, 45.55731 ], [ 1.06266, 45.55481 ], [ 1.08241, 45.53243 ], [ 1.11981, 45.54759 ], [ 1.16751, 45.52487 ], [ 1.13424, 45.50531 ], [ 1.11989, 45.47441 ], [ 1.12468, 45.47927 ], [ 1.13573, 45.4696 ], [ 1.16142, 45.47873 ], [ 1.17605, 45.47162 ], [ 1.17755, 45.45686 ], [ 1.20947, 45.46334 ], [ 1.22797, 45.45849 ], [ 1.243, 45.43662 ], [ 1.26393, 45.45185 ], [ 1.26291, 45.46829 ], [ 1.286, 45.4805 ], [ 1.28537, 45.4905 ], [ 1.34978, 45.46711 ], [ 1.36605, 45.48827 ], [ 1.38931, 45.49628 ], [ 1.40726, 45.52696 ], [ 1.42461, 45.53118 ], [ 1.43982, 45.52034 ], [ 1.4522, 45.55338 ], [ 1.47546, 45.55348 ], [ 1.48043, 45.56594 ], [ 1.49266, 45.54935 ], [ 1.51821, 45.55549 ], [ 1.51858, 45.56454 ], [ 1.55495, 45.54949 ], [ 1.58349, 45.55535 ], [ 1.59507, 45.57821 ], [ 1.63765, 45.58049 ], [ 1.7089, 45.64181 ], [ 1.72831, 45.63819 ], [ 1.75056, 45.64438 ], [ 1.75364, 45.65544 ], [ 1.77669, 45.65895 ], [ 1.78596, 45.68286 ], [ 1.80167, 45.67261 ], [ 1.81576, 45.68141 ], [ 1.82643, 45.66519 ], [ 1.84719, 45.661 ], [ 1.8546, 45.67227 ], [ 1.88172, 45.66766 ], [ 1.88193, 45.68191 ], [ 1.91107, 45.68077 ], [ 1.90935, 45.69227 ], [ 1.88013, 45.71083 ], [ 1.89221, 45.71854 ], [ 1.88775, 45.72671 ], [ 1.87331, 45.72597 ], [ 1.88632, 45.74547 ], [ 1.8743, 45.75576 ], [ 1.90261, 45.76768 ], [ 1.89194, 45.76865 ], [ 1.88802, 45.79031 ], [ 1.8467, 45.80998 ], [ 1.83618, 45.82575 ], [ 1.82804, 45.80992 ], [ 1.79746, 45.83161 ], [ 1.77606, 45.83298 ], [ 1.7812, 45.85305 ], [ 1.77065, 45.86866 ], [ 1.7568, 45.86748 ], [ 1.75573, 45.85571 ], [ 1.73061, 45.84187 ], [ 1.69237, 45.84458 ], [ 1.65983, 45.83404 ], [ 1.65435, 45.84553 ], [ 1.60239, 45.85746 ], [ 1.605, 45.88056 ], [ 1.59107, 45.88319 ], [ 1.61561, 45.89216 ], [ 1.6191, 45.88118 ], [ 1.62091, 45.89995 ], [ 1.63209, 45.88935 ], [ 1.64241, 45.8928 ], [ 1.62476, 45.91611 ], [ 1.63924, 45.9254 ], [ 1.62085, 45.9345 ], [ 1.6185, 45.92874 ], [ 1.57915, 45.93138 ], [ 1.58088, 45.91778 ], [ 1.56728, 45.91403 ], [ 1.55834, 45.92237 ], [ 1.54722, 45.9169 ], [ 1.53055, 45.93194 ], [ 1.50933, 45.93279 ], [ 1.51953, 45.95174 ], [ 1.56663, 45.96357 ], [ 1.57678, 45.98038 ], [ 1.56837, 45.99703 ], [ 1.5339, 46.00346 ], [ 1.53583, 46.02566 ], [ 1.54954, 46.03573 ], [ 1.53153, 46.05841 ], [ 1.54337, 46.07692 ], [ 1.52576, 46.07794 ], [ 1.52976, 46.09053 ], [ 1.50484, 46.08844 ], [ 1.49855, 46.1065 ], [ 1.48408, 46.10452 ], [ 1.49149, 46.11972 ], [ 1.50706, 46.12204 ], [ 1.50492, 46.13062 ], [ 1.49336, 46.13334 ], [ 1.49669, 46.14278 ], [ 1.48454, 46.13468 ], [ 1.47337, 46.14929 ], [ 1.45269, 46.15265 ], [ 1.4654, 46.16069 ], [ 1.46141, 46.17804 ], [ 1.41551, 46.17632 ], [ 1.37259, 46.21606 ], [ 1.39441, 46.23924 ], [ 1.41801, 46.24113 ], [ 1.40442, 46.26197 ], [ 1.41485, 46.27132 ], [ 1.43717, 46.27118 ], [ 1.43087, 46.2784 ], [ 1.41439, 46.28047 ], [ 1.42601, 46.29867 ], [ 1.44529, 46.30543 ], [ 1.43656, 46.32144 ], [ 1.44686, 46.33195 ], [ 1.40999, 46.34196 ], [ 1.40931, 46.3613 ], [ 1.35624, 46.40016 ], [ 1.3132, 46.39493 ], [ 1.32327, 46.38827 ], [ 1.30681, 46.37965 ], [ 1.31236, 46.37294 ], [ 1.26061, 46.37896 ], [ 1.23812, 46.36621 ], [ 1.21672, 46.36695 ], [ 1.20995, 46.38986 ], [ 1.18224, 46.37589 ], [ 1.15804, 46.39014 ], [ 1.15132, 46.37014 ], [ 1.12863, 46.36341 ], [ 1.12966, 46.3471 ], [ 1.101, 46.3643 ], [ 1.05008, 46.36298 ], [ 1.02684, 46.34331 ], [ 1.00589, 46.28097 ], [ 0.95198, 46.28463 ], [ 0.93584, 46.29306 ], [ 0.92959, 46.28077 ], [ 0.89974, 46.28988 ], [ 0.89073, 46.26858 ], [ 0.86145, 46.26188 ], [ 0.85775, 46.24866 ], [ 0.84747, 46.24862 ], [ 0.8483, 46.22876 ], [ 0.8064, 46.22739 ], [ 0.7933, 46.21275 ], [ 0.81677, 46.19712 ], [ 0.81843, 46.18478 ], [ 0.83679, 46.17922 ], [ 0.82792, 46.17463 ], [ 0.84009, 46.16454 ], [ 0.83212, 46.14969 ], [ 0.84723, 46.13795 ], [ 0.80814, 46.12122 ], [ 0.83392, 46.10621 ], [ 0.81856, 46.07729 ], [ 0.82736, 46.06408 ], [ 0.81398, 46.05202 ], [ 0.85291, 46.03383 ], [ 0.86293, 46.01627 ], [ 0.88586, 46.03218 ], [ 0.92524, 46.01102 ], [ 0.91759, 45.99744 ], [ 0.93465, 45.9925 ], [ 0.93189, 45.97814 ], [ 0.94711, 45.9699 ], [ 0.92097, 45.938 ] ] ] } },
{ "type": "Feature", "properties": { "dep_code": "88", "dep_name": "Vosges" }, "geometry": { "type": "Polygon", "coordinates": [ [ [ 5.64153, 48.24175 ], [ 5.67694, 48.22891 ], [ 5.68773, 48.23443 ], [ 5.71824, 48.2145 ], [ 5.73098, 48.1897 ], [ 5.70182, 48.19045 ], [ 5.67964, 48.17929 ], [ 5.6851, 48.14666 ], [ 5.65655, 48.12054 ], [ 5.67147, 48.10843 ], [ 5.64767, 48.10433 ], [ 5.6294, 48.08428 ], [ 5.65593, 48.06913 ], [ 5.65752, 48.08628 ], [ 5.69632, 48.07775 ], [ 5.72083, 48.04419 ], [ 5.74057, 48.05005 ], [ 5.7645, 48.02991 ], [ 5.77682, 48.03364 ], [ 5.79468, 47.99801 ], [ 5.77849, 47.97801 ], [ 5.78728, 47.95259 ], [ 5.80527, 47.94697 ], [ 5.83157, 47.95776 ], [ 5.84583, 47.97569 ], [ 5.85305, 47.95023 ], [ 5.88475, 47.92618 ], [ 5.89956, 47.94445 ], [ 5.91802, 47.94744 ], [ 5.92133, 47.97102 ], [ 5.94753, 47.97971 ], [ 5.95991, 47.966 ], [ 5.92868, 47.93811 ], [ 5.94936, 47.93545 ], [ 5.97053, 47.9572 ], [ 6.00683, 47.95901 ], [ 6.02609, 47.98145 ], [ 6.019, 47.98748 ], [ 6.04113, 48.00447 ], [ 6.0732, 48.01594 ], [ 6.10939, 48.01262 ], [ 6.13131, 48.02414 ], [ 6.15619, 48.00676 ], [ 6.16528, 47.97673 ], [ 6.14977, 47.96559 ], [ 6.16799, 47.95235 ], [ 6.18206, 47.95693 ], [ 6.20797, 47.94681 ], [ 6.20523, 47.93202 ], [ 6.23798, 47.93284 ], [ 6.28908, 47.95584 ], [ 6.32399, 47.94842 ], [ 6.365, 47.96257 ], [ 6.39101, 47.96052 ], [ 6.40834, 47.94329 ], [ 6.4348, 47.94292 ], [ 6.47826, 47.88544 ], [ 6.544, 47.90309 ], [ 6.56341, 47.93139 ], [ 6.60542, 47.94463 ], [ 6.64196, 47.91852 ], [ 6.64641, 47.90323 ], [ 6.73722, 47.86099 ], [ 6.78262, 47.85128 ], [ 6.79278, 47.82973 ], [ 6.82361, 47.81328 ], [ 6.8394, 47.82467 ], [ 6.89546, 47.8328 ], [ 6.9198, 47.84999 ], [ 6.89669, 47.89047 ], [ 6.92873, 47.90953 ], [ 6.91235, 47.91838 ], [ 6.92574, 47.92983 ], [ 6.9194, 47.94428 ], [ 6.94376, 47.98038 ], [ 6.94382, 47.99952 ], [ 7.00167, 48.02187 ], [ 7.03006, 48.07234 ], [ 7.07703, 48.10894 ], [ 7.08404, 48.12917 ], [ 7.07006, 48.12959 ], [ 7.05986, 48.14492 ], [ 7.08582, 48.1841 ], [ 7.11789, 48.20821 ], [ 7.13304, 48.24753 ], [ 7.17704, 48.28899 ], [ 7.17244, 48.29748 ], [ 7.19835, 48.3103 ], [ 7.19154, 48.32489 ], [ 7.17743, 48.32545 ], [ 7.18388, 48.3392 ], [ 7.11991, 48.33351 ], [ 7.07587, 48.35265 ], [ 7.10934, 48.37874 ], [ 7.08498, 48.39788 ], [ 7.09751, 48.40578 ], [ 7.09586, 48.42709 ], [ 7.10964, 48.43963 ], [ 7.10191, 48.45141 ], [ 7.11879, 48.47453 ], [ 7.11826, 48.48428 ], [ 7.09366, 48.48928 ], [ 7.09062, 48.50365 ], [ 7.13557, 48.49739 ], [ 7.1232, 48.51364 ], [ 7.09399, 48.513 ], [ 7.00911, 48.48134 ], [ 6.97979, 48.47844 ], [ 6.89169, 48.4176 ], [ 6.87028, 48.42047 ], [ 6.86437, 48.43677 ], [ 6.82795, 48.41647 ], [ 6.81508, 48.39497 ], [ 6.79387, 48.40341 ], [ 6.78298, 48.38923 ], [ 6.78349, 48.39684 ], [ 6.789, 48.40228 ], [ 6.76726, 48.39921 ], [ 6.76497, 48.41191 ], [ 6.7387, 48.41084 ], [ 6.71352, 48.42278 ], [ 6.6995, 48.41308 ], [ 6.68279, 48.42455 ], [ 6.645, 48.42707 ], [ 6.63878, 48.46394 ], [ 6.62314, 48.47312 ], [ 6.5842, 48.46043 ], [ 6.56721, 48.4409 ], [ 6.58405, 48.41729 ], [ 6.57612, 48.41442 ], [ 6.53421, 48.43168 ], [ 6.50057, 48.41423 ], [ 6.4355, 48.41279 ], [ 6.41198, 48.39203 ], [ 6.38856, 48.39086 ], [ 6.3929, 48.40875 ], [ 6.38167, 48.40627 ], [ 6.38312, 48.41543 ], [ 6.35834, 48.40454 ], [ 6.33014, 48.40514 ], [ 6.30737, 48.41165 ], [ 6.29563, 48.43475 ], [ 6.23334, 48.39711 ], [ 6.1909, 48.39542 ], [ 6.17846, 48.39761 ], [ 6.18203, 48.41201 ], [ 6.17349, 48.40555 ], [ 6.15011, 48.40949 ], [ 6.15244, 48.38143 ], [ 6.11673, 48.35404 ], [ 6.09274, 48.36106 ], [ 6.08719, 48.38383 ], [ 6.06907, 48.37529 ], [ 6.07985, 48.36908 ], [ 6.07147, 48.35981 ], [ 6.04859, 48.36615 ], [ 6.02263, 48.35646 ], [ 6.00363, 48.36319 ], [ 5.9804, 48.34897 ], [ 5.95325, 48.35803 ], [ 5.96045, 48.36472 ], [ 5.94485, 48.37571 ], [ 5.95507, 48.38736 ], [ 5.94516, 48.40047 ], [ 5.93402, 48.40359 ], [ 5.9277, 48.39386 ], [ 5.91852, 48.40534 ], [ 5.90479, 48.4003 ], [ 5.90726, 48.41935 ], [ 5.91532, 48.42779 ], [ 5.9249, 48.42182 ], [ 5.93136, 48.43417 ], [ 5.89777, 48.43638 ], [ 5.8982, 48.43437 ], [ 5.90929, 48.42928 ], [ 5.89519, 48.40525 ], [ 5.87415, 48.40062 ], [ 5.85538, 48.40937 ], [ 5.89889, 48.44657 ], [ 5.88558, 48.46915 ], [ 5.9065, 48.49516 ], [ 5.84599, 48.50713 ], [ 5.78702, 48.48279 ], [ 5.76517, 48.49654 ], [ 5.74024, 48.46587 ], [ 5.71921, 48.46014 ], [ 5.64224, 48.47244 ], [ 5.65347, 48.45861 ], [ 5.61847, 48.44302 ], [ 5.62149, 48.42599 ], [ 5.60906, 48.4426 ], [ 5.58861, 48.44234 ], [ 5.57669, 48.43222 ], [ 5.56082, 48.44147 ], [ 5.51583, 48.43105 ], [ 5.51202, 48.4102 ], [ 5.47007, 48.4209 ], [ 5.4198, 48.39516 ], [ 5.39363, 48.39171 ], [ 5.44288, 48.37938 ], [ 5.41856, 48.36069 ], [ 5.42605, 48.33106 ], [ 5.48069, 48.3567 ], [ 5.52315, 48.34844 ], [ 5.53734, 48.31833 ], [ 5.58843, 48.27376 ], [ 5.61165, 48.29181 ], [ 5.65381, 48.26852 ], [ 5.64153, 48.24175 ] ] ] } },
{ "type": "Feature", "properties": { "dep_code": "89", "dep_name": "Yonne" }, "geometry": { "type": "Polygon", "coordinates": [ [ [ 3.12842, 47.97104 ], [ 3.1092, 47.96198 ], [ 3.10527, 47.94694 ], [ 3.05087, 47.92424 ], [ 3.05049, 47.91064 ], [ 3.0093, 47.90554 ], [ 3.01238, 47.87404 ], [ 2.99462, 47.86736 ], [ 3.02924, 47.85708 ], [ 3.02906, 47.83503 ], [ 3.01222, 47.83424 ], [ 3.02496, 47.78728 ], [ 2.98823, 47.78603 ], [ 2.93038, 47.7622 ], [ 2.90949, 47.7695 ], [ 2.85185, 47.75779 ], [ 2.84844, 47.71707 ], [ 2.86082, 47.71018 ], [ 2.87886, 47.72035 ], [ 2.87916, 47.7038 ], [ 2.92617, 47.68202 ], [ 2.91817, 47.66977 ], [ 2.95394, 47.64594 ], [ 2.93232, 47.62705 ], [ 2.94518, 47.60842 ], [ 2.93613, 47.59941 ], [ 2.96213, 47.58596 ], [ 2.96558, 47.57358 ], [ 3.02235, 47.55635 ], [ 3.10178, 47.58816 ], [ 3.12393, 47.5763 ], [ 3.1228, 47.53948 ], [ 3.13467, 47.54283 ], [ 3.16515, 47.51749 ], [ 3.20481, 47.52313 ], [ 3.23613, 47.48833 ], [ 3.27555, 47.49073 ], [ 3.28527, 47.50396 ], [ 3.2964, 47.49167 ], [ 3.3403, 47.48098 ], [ 3.34594, 47.4695 ], [ 3.34534, 47.47857 ], [ 3.37997, 47.48635 ], [ 3.39011, 47.50908 ], [ 3.44637, 47.51177 ], [ 3.45013, 47.49989 ], [ 3.48843, 47.49389 ], [ 3.49841, 47.56083 ], [ 3.51301, 47.52739 ], [ 3.55286, 47.50201 ], [ 3.58059, 47.4978 ], [ 3.58707, 47.45619 ], [ 3.61568, 47.46685 ], [ 3.61983, 47.45601 ], [ 3.674, 47.45023 ], [ 3.67372, 47.43404 ], [ 3.7023, 47.42672 ], [ 3.726, 47.39822 ], [ 3.78628, 47.40496 ], [ 3.78579, 47.39036 ], [ 3.81679, 47.37845 ], [ 3.83148, 47.39256 ], [ 3.81994, 47.40218 ], [ 3.83042, 47.40841 ], [ 3.83464, 47.40135 ], [ 3.84774, 47.41219 ], [ 3.8515, 47.43558 ], [ 3.86746, 47.43475 ], [ 3.89398, 47.41433 ], [ 3.85943, 47.3927 ], [ 3.87201, 47.36575 ], [ 3.88693, 47.36481 ], [ 3.909, 47.38225 ], [ 3.94437, 47.38011 ], [ 3.95017, 47.39398 ], [ 3.97301, 47.37592 ], [ 3.96184, 47.36773 ], [ 3.97361, 47.33143 ], [ 4.00234, 47.31057 ], [ 4.02756, 47.31347 ], [ 4.0444, 47.34048 ], [ 4.10805, 47.33972 ], [ 4.09779, 47.35753 ], [ 4.10679, 47.3765 ], [ 4.08017, 47.37609 ], [ 4.09008, 47.39475 ], [ 4.06678, 47.39866 ], [ 4.0652, 47.40726 ], [ 4.08469, 47.42062 ], [ 4.08003, 47.44084 ], [ 4.09892, 47.4305 ], [ 4.10834, 47.43743 ], [ 4.10113, 47.44388 ], [ 4.11942, 47.44355 ], [ 4.12979, 47.46245 ], [ 4.13045, 47.47415 ], [ 4.11529, 47.48178 ], [ 4.12324, 47.49048 ], [ 4.11455, 47.51465 ], [ 4.13765, 47.51839 ], [ 4.15653, 47.55162 ], [ 4.17426, 47.55208 ], [ 4.19666, 47.60437 ], [ 4.21583, 47.6009 ], [ 4.21208, 47.62812 ], [ 4.25034, 47.65992 ], [ 4.22631, 47.67088 ], [ 4.22744, 47.67895 ], [ 4.28402, 47.68268 ], [ 4.26174, 47.69401 ], [ 4.2675, 47.70547 ], [ 4.23935, 47.72458 ], [ 4.2579, 47.72618 ], [ 4.26051, 47.7422 ], [ 4.29308, 47.73301 ], [ 4.30943, 47.75263 ], [ 4.33247, 47.75651 ], [ 4.32727, 47.78572 ], [ 4.3403, 47.79956 ], [ 4.32018, 47.81175 ], [ 4.31912, 47.8373 ], [ 4.3305, 47.83759 ], [ 4.32953, 47.84681 ], [ 4.30126, 47.84875 ], [ 4.2713, 47.83878 ], [ 4.2594, 47.84653 ], [ 4.26449, 47.87382 ], [ 4.24606, 47.87422 ], [ 4.27857, 47.90009 ], [ 4.31292, 47.90511 ], [ 4.30534, 47.92126 ], [ 4.24506, 47.93003 ], [ 4.22214, 47.94969 ], [ 4.22687, 47.97114 ], [ 4.20371, 47.9735 ], [ 4.1929, 47.965 ], [ 4.21242, 47.96316 ], [ 4.20298, 47.94184 ], [ 4.1855, 47.94027 ], [ 4.18417, 47.95589 ], [ 4.1658, 47.96 ], [ 4.14184, 47.93711 ], [ 4.10967, 47.926 ], [ 4.09208, 47.9282 ], [ 4.08969, 47.94501 ], [ 4.06076, 47.94579 ], [ 4.0448, 47.92512 ], [ 4.03155, 47.93318 ], [ 4.01626, 47.92939 ], [ 4.005, 47.94259 ], [ 3.98578, 47.93067 ], [ 3.96168, 47.93628 ], [ 3.89403, 47.92917 ], [ 3.91144, 47.98114 ], [ 3.89319, 48.00178 ], [ 3.88154, 48.00034 ], [ 3.87991, 47.97912 ], [ 3.85003, 47.98373 ], [ 3.83917, 48.00341 ], [ 3.87032, 48.00269 ], [ 3.87053, 48.01689 ], [ 3.82205, 48.04414 ], [ 3.82951, 48.05789 ], [ 3.79807, 48.08649 ], [ 3.80565, 48.10051 ], [ 3.79179, 48.11771 ], [ 3.76822, 48.13371 ], [ 3.75691, 48.12531 ], [ 3.74013, 48.13201 ], [ 3.75512, 48.1503 ], [ 3.74746, 48.16625 ], [ 3.71437, 48.17464 ], [ 3.72005, 48.15394 ], [ 3.70508, 48.14431 ], [ 3.69334, 48.1552 ], [ 3.69181, 48.14555 ], [ 3.66791, 48.13929 ], [ 3.63322, 48.18888 ], [ 3.62166, 48.19204 ], [ 3.59392, 48.17868 ], [ 3.57875, 48.18486 ], [ 3.62177, 48.22566 ], [ 3.59955, 48.23657 ], [ 3.62432, 48.25453 ], [ 3.61663, 48.27145 ], [ 3.5778, 48.28459 ], [ 3.58793, 48.30094 ], [ 3.5622, 48.31114 ], [ 3.56309, 48.32157 ], [ 3.5439, 48.31979 ], [ 3.54503, 48.33434 ], [ 3.50485, 48.36567 ], [ 3.45259, 48.37439 ], [ 3.42739, 48.35809 ], [ 3.41474, 48.39019 ], [ 3.38484, 48.40005 ], [ 3.36726, 48.39425 ], [ 3.35792, 48.37114 ], [ 3.35669, 48.3785 ], [ 3.33546, 48.37019 ], [ 3.28267, 48.38162 ], [ 3.25451, 48.36511 ], [ 3.22333, 48.37047 ], [ 3.20023, 48.36364 ], [ 3.17157, 48.37742 ], [ 3.14659, 48.36557 ], [ 3.13982, 48.37257 ], [ 3.12212, 48.36864 ], [ 3.10336, 48.34936 ], [ 3.08001, 48.3612 ], [ 3.04344, 48.35426 ], [ 3.04337, 48.33065 ], [ 3.01465, 48.30629 ], [ 3.02752, 48.30284 ], [ 3.02473, 48.27603 ], [ 3.04547, 48.27074 ], [ 3.04735, 48.2497 ], [ 3.03143, 48.24885 ], [ 3.00446, 48.20703 ], [ 2.97324, 48.20562 ], [ 2.97096, 48.19421 ], [ 2.93696, 48.18315 ], [ 2.93475, 48.16739 ], [ 3.02931, 48.13332 ], [ 3.0159, 48.1158 ], [ 3.03501, 48.11614 ], [ 3.05022, 48.07216 ], [ 3.09542, 48.05398 ], [ 3.09449, 48.04029 ], [ 3.12423, 48.03111 ], [ 3.09939, 48.02093 ], [ 3.12408, 48.00704 ], [ 3.12842, 47.97104 ] ] ] } },
{ "type": "Feature", "properties": { "dep_code": "90", "dep_name": "Territoire de Belfort" }, "geometry": { "type": "Polygon", "coordinates": [ [ [ 6.80085, 47.63538 ], [ 6.77769, 47.61574 ], [ 6.82122, 47.57444 ], [ 6.80709, 47.56307 ], [ 6.81678, 47.54783 ], [ 6.88337, 47.55551 ], [ 6.90571, 47.54796 ], [ 6.91645, 47.5307 ], [ 6.90744, 47.52593 ], [ 6.94965, 47.5087 ], [ 6.94912, 47.4857 ], [ 6.93522, 47.48562 ], [ 6.93019, 47.50041 ], [ 6.90749, 47.49485 ], [ 6.91593, 47.47788 ], [ 6.90744, 47.47293 ], [ 6.93075, 47.45836 ], [ 6.9391, 47.43361 ], [ 7.00218, 47.45416 ], [ 6.98297, 47.49455 ], [ 7.02493, 47.50429 ], [ 7.07485, 47.48819 ], [ 7.13505, 47.50583 ], [ 7.14336, 47.52459 ], [ 7.13313, 47.53991 ], [ 7.10571, 47.5516 ], [ 7.08612, 47.59292 ], [ 7.03978, 47.60115 ], [ 7.01965, 47.58864 ], [ 7.00565, 47.6021 ], [ 7.01745, 47.64982 ], [ 7.0393, 47.65051 ], [ 7.034, 47.66125 ], [ 7.04632, 47.67154 ], [ 7.03754, 47.67635 ], [ 7.04813, 47.68451 ], [ 7.02648, 47.70096 ], [ 7.03516, 47.72462 ], [ 7.01583, 47.7438 ], [ 6.97217, 47.75158 ], [ 6.94017, 47.77161 ], [ 6.86266, 47.78554 ], [ 6.84235, 47.82509 ], [ 6.75793, 47.7479 ], [ 6.75624, 47.72554 ], [ 6.77257, 47.71164 ], [ 6.77613, 47.66808 ], [ 6.80085, 47.63538 ] ] ] } },
{ "type": "Feature", "properties": { "dep_code": "91", "dep_name": "Essonne" }, "geometry": { "type": "Polygon", "coordinates": [ [ [ 2.0605, 48.61526 ], [ 2.03336, 48.60576 ], [ 2.01699, 48.55769 ], [ 1.97857, 48.55373 ], [ 1.93668, 48.56188 ], [ 1.93457, 48.54717 ], [ 1.95046, 48.54721 ], [ 1.96915, 48.53204 ], [ 1.97383, 48.53715 ], [ 1.97863, 48.52602 ], [ 1.96304, 48.52867 ], [ 1.94571, 48.51771 ], [ 1.93268, 48.48063 ], [ 1.91505, 48.47366 ], [ 1.91453, 48.46181 ], [ 1.94287, 48.44114 ], [ 1.92833, 48.40614 ], [ 1.97819, 48.40183 ], [ 1.96645, 48.38168 ], [ 1.98917, 48.3636 ], [ 1.96848, 48.34142 ], [ 1.98077, 48.31873 ], [ 1.95883, 48.30662 ], [ 1.96524, 48.2955 ], [ 1.98219, 48.29517 ], [ 1.97225, 48.28822 ], [ 2.04079, 48.28456 ], [ 2.05266, 48.29543 ], [ 2.08943, 48.29478 ], [ 2.10522, 48.30769 ], [ 2.11039, 48.29701 ], [ 2.16389, 48.29838 ], [ 2.15206, 48.3161 ], [ 2.18092, 48.31145 ], [ 2.20411, 48.34491 ], [ 2.23193, 48.32768 ], [ 2.24624, 48.33118 ], [ 2.24522, 48.29822 ], [ 2.26681, 48.31471 ], [ 2.2956, 48.30791 ], [ 2.31266, 48.3306 ], [ 2.32764, 48.33315 ], [ 2.35826, 48.30843 ], [ 2.39727, 48.31321 ], [ 2.39234, 48.33592 ], [ 2.43375, 48.33444 ], [ 2.42919, 48.34672 ], [ 2.44399, 48.35715 ], [ 2.42968, 48.36194 ], [ 2.48494, 48.38344 ], [ 2.47401, 48.39043 ], [ 2.48352, 48.39726 ], [ 2.50283, 48.39286 ], [ 2.52171, 48.40499 ], [ 2.54699, 48.40157 ], [ 2.50045, 48.44027 ], [ 2.50163, 48.48465 ], [ 2.5152, 48.50499 ], [ 2.4976, 48.51728 ], [ 2.51098, 48.54302 ], [ 2.49929, 48.5453 ], [ 2.5305, 48.57112 ], [ 2.51843, 48.58456 ], [ 2.54112, 48.59432 ], [ 2.54064, 48.61129 ], [ 2.52566, 48.61318 ], [ 2.5156, 48.62925 ], [ 2.54225, 48.63331 ], [ 2.54794, 48.64966 ], [ 2.53485, 48.66205 ], [ 2.55562, 48.67595 ], [ 2.56885, 48.66669 ], [ 2.58565, 48.67894 ], [ 2.58192, 48.68958 ], [ 2.55368, 48.68763 ], [ 2.53129, 48.69963 ], [ 2.51005, 48.73479 ], [ 2.46583, 48.7295 ], [ 2.44808, 48.72306 ], [ 2.45097, 48.71436 ], [ 2.43972, 48.72534 ], [ 2.41444, 48.71773 ], [ 2.40185, 48.72673 ], [ 2.37076, 48.72003 ], [ 2.36934, 48.74613 ], [ 2.35673, 48.73813 ], [ 2.32364, 48.75228 ], [ 2.31422, 48.73032 ], [ 2.30384, 48.72949 ], [ 2.30245, 48.7408 ], [ 2.27988, 48.73275 ], [ 2.28536, 48.74751 ], [ 2.26894, 48.762 ], [ 2.24701, 48.76082 ], [ 2.22707, 48.77613 ], [ 2.22914, 48.77046 ], [ 2.20956, 48.76948 ], [ 2.19073, 48.77503 ], [ 2.18955, 48.75434 ], [ 2.15135, 48.75457 ], [ 2.13491, 48.73753 ], [ 2.11961, 48.74232 ], [ 2.09803, 48.73469 ], [ 2.11262, 48.72291 ], [ 2.09712, 48.69426 ], [ 2.08926, 48.69855 ], [ 2.08007, 48.68479 ], [ 2.04566, 48.68748 ], [ 2.02825, 48.65722 ], [ 2.01165, 48.65989 ], [ 2.01649, 48.64105 ], [ 2.03728, 48.64175 ], [ 2.0605, 48.61526 ] ] ] } },
{ "type": "Feature", "properties": { "dep_code": "92", "dep_name": "Hauts-de-Seine" }, "geometry": { "type": "Polygon", "coordinates": [ [ [ 2.1713, 48.8973 ], [ 2.14801, 48.86931 ], [ 2.1572, 48.86962 ], [ 2.15013, 48.857 ], [ 2.15989, 48.84764 ], [ 2.14573, 48.84177 ], [ 2.1503, 48.81875 ], [ 2.17674, 48.81401 ], [ 2.18294, 48.79723 ], [ 2.20262, 48.79843 ], [ 2.20652, 48.78471 ], [ 2.22332, 48.78594 ], [ 2.2326, 48.76603 ], [ 2.27092, 48.7607 ], [ 2.28536, 48.74751 ], [ 2.27988, 48.73275 ], [ 2.30245, 48.7408 ], [ 2.30384, 48.72949 ], [ 2.31422, 48.73032 ], [ 2.32072, 48.74876 ], [ 2.30869, 48.75541 ], [ 2.32662, 48.77873 ], [ 2.32636, 48.8083 ], [ 2.31786, 48.8084 ], [ 2.33246, 48.81825 ], [ 2.27905, 48.83249 ], [ 2.26783, 48.82784 ], [ 2.25248, 48.84549 ], [ 2.22441, 48.85615 ], [ 2.2457, 48.87646 ], [ 2.27995, 48.87857 ], [ 2.31989, 48.90046 ], [ 2.31377, 48.91404 ], [ 2.33544, 48.9409 ], [ 2.28149, 48.94975 ], [ 2.1713, 48.8973 ] ] ] } },
{ "type": "Feature", "properties": { "dep_code": "93", "dep_name": "Seine-Saint-Denis" }, "geometry": { "type": "Polygon", "coordinates": [ [ [ 2.29221, 48.95147 ], [ 2.33544, 48.9409 ], [ 2.31377, 48.91404 ], [ 2.31989, 48.90046 ], [ 2.39552, 48.89826 ], [ 2.41634, 48.84923 ], [ 2.49611, 48.86066 ], [ 2.57242, 48.82359 ], [ 2.57003, 48.81497 ], [ 2.59536, 48.80932 ], [ 2.57417, 48.85344 ], [ 2.58807, 48.86432 ], [ 2.56761, 48.86587 ], [ 2.57141, 48.87978 ], [ 2.5592, 48.88516 ], [ 2.58698, 48.89398 ], [ 2.58934, 48.92225 ], [ 2.60292, 48.93128 ], [ 2.56221, 48.97914 ], [ 2.58144, 48.98597 ], [ 2.56914, 49.01128 ], [ 2.53219, 49.00524 ], [ 2.51472, 48.98223 ], [ 2.45949, 48.95505 ], [ 2.40736, 48.95609 ], [ 2.36163, 48.97402 ], [ 2.33336, 48.95532 ], [ 2.29888, 48.96631 ], [ 2.29221, 48.95147 ] ] ] } },
{ "type": "Feature", "properties": { "dep_code": "94", "dep_name": "Val-de-Marne" }, "geometry": { "type": "Polygon", "coordinates": [ [ [ 2.31786, 48.8084 ], [ 2.32636, 48.8083 ], [ 2.32662, 48.77873 ], [ 2.31012, 48.75219 ], [ 2.35673, 48.73813 ], [ 2.36934, 48.74613 ], [ 2.37076, 48.72003 ], [ 2.40185, 48.72673 ], [ 2.41444, 48.71773 ], [ 2.43972, 48.72534 ], [ 2.45097, 48.71436 ], [ 2.44808, 48.72306 ], [ 2.50617, 48.73588 ], [ 2.51809, 48.71224 ], [ 2.54977, 48.68849 ], [ 2.58154, 48.69742 ], [ 2.56779, 48.709 ], [ 2.59475, 48.73193 ], [ 2.58518, 48.74177 ], [ 2.60182, 48.75296 ], [ 2.59747, 48.76064 ], [ 2.61562, 48.76288 ], [ 2.60717, 48.77447 ], [ 2.58643, 48.77425 ], [ 2.59643, 48.80587 ], [ 2.57003, 48.81497 ], [ 2.57242, 48.82359 ], [ 2.53455, 48.84533 ], [ 2.49611, 48.86066 ], [ 2.46836, 48.86067 ], [ 2.41634, 48.84923 ], [ 2.41147, 48.83393 ], [ 2.42214, 48.8358 ], [ 2.42185, 48.84444 ], [ 2.46179, 48.84273 ], [ 2.46983, 48.8358 ], [ 2.45941, 48.81685 ], [ 2.40224, 48.82959 ], [ 2.31786, 48.8084 ] ] ] } },
{ "type": "Feature", "properties": { "dep_code": "95", "dep_name": "Val-d'Oise" }, "geometry": { "type": "Polygon", "coordinates": [ [ [ 2.43548, 49.13405 ], [ 2.44078, 49.14591 ], [ 2.41312, 49.15242 ], [ 2.3912, 49.14931 ], [ 2.37291, 49.15947 ], [ 2.35598, 49.14869 ], [ 2.3108, 49.18675 ], [ 2.28648, 49.15987 ], [ 2.2223, 49.15226 ], [ 2.23539, 49.16699 ], [ 2.21865, 49.18069 ], [ 2.17609, 49.17603 ], [ 2.18225, 49.17038 ], [ 2.16879, 49.16395 ], [ 2.15803, 49.17263 ], [ 2.16454, 49.17953 ], [ 2.14728, 49.18805 ], [ 2.13648, 49.179 ], [ 2.12798, 49.19359 ], [ 2.09772, 49.18917 ], [ 2.08074, 49.21072 ], [ 2.00268, 49.17602 ], [ 1.97358, 49.18386 ], [ 1.94974, 49.17048 ], [ 1.93154, 49.17504 ], [ 1.88744, 49.16302 ], [ 1.87614, 49.17505 ], [ 1.83642, 49.1645 ], [ 1.83585, 49.17641 ], [ 1.81178, 49.17397 ], [ 1.80308, 49.18511 ], [ 1.75486, 49.17459 ], [ 1.71553, 49.20266 ], [ 1.74044, 49.22428 ], [ 1.70933, 49.24146 ], [ 1.67399, 49.21194 ], [ 1.65785, 49.13194 ], [ 1.60875, 49.07771 ], [ 1.61442, 49.07119 ], [ 1.64404, 49.08155 ], [ 1.67238, 49.07854 ], [ 1.72293, 49.04473 ], [ 1.75119, 49.04797 ], [ 1.75991, 49.06351 ], [ 1.79093, 49.05779 ], [ 1.79682, 49.07207 ], [ 1.82877, 49.07622 ], [ 1.86506, 49.05749 ], [ 1.85107, 49.03329 ], [ 1.86514, 49.02179 ], [ 1.85928, 49.01384 ], [ 1.88174, 49.01973 ], [ 1.88328, 49.03371 ], [ 1.90846, 49.04818 ], [ 1.93788, 49.02189 ], [ 1.99219, 49.02104 ], [ 2.02365, 48.99795 ], [ 2.06413, 49.00846 ], [ 2.07529, 49.0021 ], [ 2.08486, 49.01455 ], [ 2.11023, 49.00874 ], [ 2.12125, 49.01833 ], [ 2.12071, 48.9933 ], [ 2.17055, 48.97839 ], [ 2.17515, 48.95238 ], [ 2.20587, 48.94986 ], [ 2.20047, 48.90862 ], [ 2.29221, 48.95147 ], [ 2.29888, 48.96631 ], [ 2.33336, 48.95532 ], [ 2.36574, 48.97403 ], [ 2.40736, 48.95609 ], [ 2.45949, 48.95505 ], [ 2.51472, 48.98223 ], [ 2.53219, 49.00524 ], [ 2.55308, 49.00678 ], [ 2.53494, 49.02384 ], [ 2.56466, 49.02797 ], [ 2.57714, 49.04668 ], [ 2.595, 49.04775 ], [ 2.58571, 49.05805 ], [ 2.57408, 49.05431 ], [ 2.59036, 49.08003 ], [ 2.55793, 49.09872 ], [ 2.55694, 49.12373 ], [ 2.54713, 49.11638 ], [ 2.53296, 49.11951 ], [ 2.53126, 49.09946 ], [ 2.49007, 49.10625 ], [ 2.49908, 49.12224 ], [ 2.45887, 49.1409 ], [ 2.43548, 49.13405 ] ] ] } }
]
}
